SENARAI KESELURUHAN MURID,,,,,,,,,,,,,,,,,,,,,,,,,,,,,,,,,,,,,,,,,,,,,,,,,,,,,,,,,,,,
 ,,,,,,,,,,,,,,,,,,,,,,,,,,,,,,,,,,,,,,,,,,,,,,,,,,,,,,,,,,,,
SEKOLAH KEBANGSAAN RANGGU,,,,,,,,,,,,,,,,,,,,,,,,,,,,,,,,,,,,,,,,,,,,,,,,,,,,,,,,,,,,
XBA3037,,,,,,,,,,,,,,,,,,,,,,,,,,,,,,,,,,,,,,,,,,,,,,,,,,,,,,,,,,,,
 ,,,,,,,,,,,,,,,,,,,,,,,,,,,,,,,,,,,,,,,,,,,,,,,,,,,,,,,,,,,,
BIL.,ID MURID,NAMA,NO. PENGENALAN,JENIS PENGENALAN,TARIKH LAHIR,STATUS PENGAJIAN,TARIKH MASUK SEKOLAH,TARIKH MASUK KELAS,TAHUN / TINGKATAN,NAMA KELAS,STATUS DLP,JENIS KELAS,KETERANGAN ALIRAN,KETERANGAN BIDANG,NAMA GURU KELAS,JANTINA,KAUM,AGAMA,WARGANEGARA,NEGARA ASAL,STATUS ASRAMA,NAMA ASRAMA,STATUS OKU,TARIKH SAH OKU,NO. PENDAFTARAN OKU,TARIKH DAFTAR OKU,TARIKH KAD OKU,KATEGORI KETIDAKUPAYAAN,SUBKATEGORI KETIDAKUPAYAAN,STATUS YATIM,NO. AKAUN BANK,NAMA BANK,PENJAGA 1,NO. PENGENALAN PENJAGA 1,JNS. PENGENALAN PENJAGA 1,HUBUNGAN PENJAGA 1,PEKERJAAN PENJAGA 1,STATUS KERJA PENJAGA 1,NAMA MAJIKAN PENJAGA 1,PENDAPATAN PENJAGA 1,NO. TEL. PEJABAT PENJAGA 1,NO. TEL. BIMBIT PENJAGA 1,TANGGUNGAN,PENJAGA 2,NO. PENGENALAN PENJAGA 2,JNS. PENGENALAN PENJAGA 2,HUBUNGAN PENJAGA 2,PEKERJAAN PENJAGA 2,STATUS KERJA PENJAGA 2,NAMA MAJIKAN PENJAGA 2,PENDAPATAN PENJAGA 2,NO. TEL. PEJABAT PENJAGA 2,NO. TEL. BIMBIT PENJAGA 2,ALAMAT 1,ALAMAT 2,ALAMAT 3,POSKOD,BANDAR,DAERAH,NEGERI
1,251201096591,ADRIELLA KYLA ANAK SAMUEL,200104130480,KAD PENGENALAN,04-01-2020,BERSEKOLAH,06-01-2026,08-01-2026,PRASEKOLAH,MUTIARA HATI,,PRASEKOLAH,PERDANA / AKADEMIK,TIADA BIDANG,YUSNI BINTI WAHJUDIN,PEREMPUAN,IBAN ATAU SEA DAYAK,KRISTIAN,WARGANEGARA,,,,,,,,,,,,,,SALBRINNA ANAK DOREN,940107135336,KAD PENGENALAN,IBU KANDUNG,,TIDAK BEKERJA,,0,,0198343986,1,SAMUEL ANAK STEEL,870911025807,KAD PENGENALAN,BAPA KANDUNG,,TIDAK BEKERJA,,1800,,0198884834,TB 18241 BANDAR SRI INDAH FASA 5 LORONG,5C 1/1 BATU 10 JALAN APAS,,91000,TAWAU,PENAMPANG,SABAH
2,261202268445,AHMAD IQRAM RAMADHAN BIN JOHANES,200515121335,KAD PENGENALAN,15-05-2020,BERSEKOLAH,16-02-2026,16-02-2026,PRASEKOLAH,MUTIARA HATI,,PRASEKOLAH,PERDANA / AKADEMIK,TIADA BIDANG,YUSNI BINTI WAHJUDIN,LELAKI,BAJAU,ISLAM,WARGANEGARA,,,,,,,,,,,,,,,,,,,,,,,,,,,,,,,,,,,,,,,,,
3,251201096596,DHIA CITRA SUCINTA BINTI KAHAR,200312120922,KAD PENGENALAN,12-03-2020,BERSEKOLAH,06-01-2026,08-01-2026,PRASEKOLAH,MUTIARA HATI,,PRASEKOLAH,PERDANA / AKADEMIK,TIADA BIDANG,YUSNI BINTI WAHJUDIN,PEREMPUAN,BAJAU,ISLAM,WARGANEGARA,,,,,,,,,,,,,,KAHAR BIN MUHAMMAD,780104126469,KAD PENGENALAN,BAPA KANDUNG,,TIDAK BEKERJA,,3500,,0165336465,6,NYINA BINTI TAJUDIN @ TAYUDIN,860331125298,KAD PENGENALAN,IBU KANDUNG,,TIDAK BEKERJA,,0,,0165520500,"KAMPUNG RANGGU,",SIMPANG MARIANO,LORONG HJH ZALEHAH.,91009,TAWAU,PENAMPANG,SABAH
4,251201364757,EDEENSON ANAK ELBERTH SMITH,200920130673,KAD PENGENALAN,20-09-2020,BERSEKOLAH,09-01-2026,09-01-2026,PRASEKOLAH,MUTIARA HATI,,PRASEKOLAH,PERDANA / AKADEMIK,TIADA BIDANG,YUSNI BINTI WAHJUDIN,LELAKI,BIDAYUH ATAU LAND DAYAK,KRISTIAN,WARGANEGARA,,,,,,,,,,,,,,DORIS ANAK DISER,000518130492,KAD PENGENALAN,IBU KANDUNG,CHEF TENTERA,BEKERJA,MEJ MOHAMAD FAZRUL KAMIL BIN ANUAR,3480,0198884834,0168726471,1,ELBERTH SMITH ANAK SINGI,960229085443,KAD PENGENALAN,BAPA KANDUNG,ANGGOTA INFANTRI,TIDAK BEKERJA,MUHAMMAD FAZRUL KAMIL BIN ANUAR,0,,0168726471,LOT A-01-03 APARTMENT VILLA SRI INDAH,,,91000,TAWAU,PENAMPANG,SABAH
5,261202209223,HANEZ ZHAFIRA BINTI MASRAN,200105120954,KAD PENGENALAN,05-01-2020,BERSEKOLAH,09-01-2026,09-01-2026,PRASEKOLAH,MUTIARA HATI,,PRASEKOLAH,PERDANA / AKADEMIK,TIADA BIDANG,YUSNI BINTI WAHJUDIN,PEREMPUAN,BUGIS,ISLAM,WARGANEGARA,,,,,,,,,,,,,,MASRAN BIN ARASE,920305125667,KAD PENGENALAN,BAPA KANDUNG,PEMANDU LORI,,MASRAN BIN ARASE,2500,0162145857,0162145857,2,NUR FATIN AFIQAH BINTI HASAN,931108125856,KAD PENGENALAN,IBU KANDUNG,,,,,,,TAMAN DESA RANGGU,LORONG 4 LOT 56,,91000,TAWAU,PENAMPANG,SABAH
6,261202209231,KHAIRUL ZIYAD BIN MUHAMAD IKHRAM,210112120273,KAD PENGENALAN,12-01-2021,BERSEKOLAH,09-01-2026,09-01-2026,PRASEKOLAH,MUTIARA HATI,,PRASEKOLAH,PERDANA / AKADEMIK,TIADA BIDANG,YUSNI BINTI WAHJUDIN,LELAKI,BAJAU,ISLAM,WARGANEGARA,,,,,,,,,,,,,,MUHAMAD IKHRAM BIN NULHAKIM,791230126009,KAD PENGENALAN,BAPA KANDUNG,BEKERJA SENDIRI,TIDAK BEKERJA,TIADA,1500,,01162285483,6,ADZLINA BINTI MOHD AMIN,830706125538,KAD PENGENALAN,IBU KANDUNG,GURU,TIDAK BEKERJA,SMK KINABUTAN,10518.05,,0129141251,"TB 44 ,LORONG SATU",TAMAN RANGGU SAUJANA,,91000,TAWAU,PENAMPANG,SABAH
7,251201096601,MISZ IZZAH RAUDAH BINTI JUMAIN AJAMAING,200518121234,KAD PENGENALAN,18-05-2020,BERSEKOLAH,06-01-2026,08-01-2026,PRASEKOLAH,MUTIARA HATI,,PRASEKOLAH,PERDANA / AKADEMIK,TIADA BIDANG,YUSNI BINTI WAHJUDIN,PEREMPUAN,BUGIS,ISLAM,WARGANEGARA,,,,,,,,,,,,,,JUMAIN AJAMAING BIN MANA,671121125481,KAD PENGENALAN,BAPA KANDUNG,,TIDAK BEKERJA,,1737,,0198204646,3,ROZIANAH BINTI SAINI,780526125802,KAD PENGENALAN,IBU KANDUNG,,TIDAK BEKERJA,,0,,0198204647,C3-23 TINGKAT 3 BLOK C,TAMAN SRI APAS PPR,BATU 8 JALAN APAS,91000,TAWAU,PENAMPANG,SABAH
8,251201096603,MUHAMMAD AISY RAYQAL BIN KHAIRUL ALIMAN,200222100565,KAD PENGENALAN,22-02-2020,BERSEKOLAH,06-01-2026,08-01-2026,PRASEKOLAH,MUTIARA HATI,,PRASEKOLAH,PERDANA / AKADEMIK,TIADA BIDANG,YUSNI BINTI WAHJUDIN,LELAKI,BANJAR,ISLAM,WARGANEGARA,,,,,,,,,,,,,,KHAIRUL ALIMAN BIN ABDUL SAMAT,900419126571,KAD PENGENALAN,BAPA KANDUNG,EKSEKUTIF PERKHIDMATAN PELANGGAN,,GRAB MANAGEMENT SERVICES SDN BHD,5300,0327214819,01131455531,2,AMANDA RISKANI SILAH,940920125536,KAD PENGENALAN,IBU KANDUNG,,,,,,01131455532,"909, LORONG 13 -1/3",JALAN RESIDENSI RANGGU 4,RESIDENSI RANGGU,91000,TAWAU,PENAMPANG,SABAH
9,261201001650,MUHAMMAD ALWIANSYAH BIN ALFIANSYAH MAHYANTO,211108121593,KAD PENGENALAN,08-11-2021,BERSEKOLAH,28-04-2026,30-04-2026,PRASEKOLAH,MUTIARA HATI,,PRASEKOLAH,PERDANA / AKADEMIK,TIADA BIDANG,YUSNI BINTI WAHJUDIN,LELAKI,BUGIS,ISLAM,WARGANEGARA,,,,,,,,,,,,,,,,,,,,,,,,3,NUR ALWIYAH BINTI ROSLAN,001115120294,KAD PENGENALAN,IBU KANDUNG,,TIDAK BEKERJA,,0,,0167539897,JALAN STESEN TV,,,91000,TAWAU,PENAMPANG,SABAH
10,261202209245,MUHAMMAD HAZIQ BIN HERMAN,201018120133,KAD PENGENALAN,18-10-2020,BERSEKOLAH,09-01-2026,09-01-2026,PRASEKOLAH,MUTIARA HATI,,PRASEKOLAH,PERDANA / AKADEMIK,TIADA BIDANG,YUSNI BINTI WAHJUDIN,LELAKI,BUGIS,ISLAM,WARGANEGARA,,,,,,,,,,,,,,,,,,,,,,,,,,,,,,,,,,,,,,,,,
11,251201096607,MUHAMMAD IZZ HANIF BIN MOHAMAD HAMSAH,200817121381,KAD PENGENALAN,17-08-2020,BERSEKOLAH,06-01-2026,08-01-2026,PRASEKOLAH,MUTIARA HATI,,PRASEKOLAH,PERDANA / AKADEMIK,TIADA BIDANG,YUSNI BINTI WAHJUDIN,LELAKI,BUGIS,ISLAM,WARGANEGARA,,,,,,,,,,,,,,IRAWATI BINTI KUTA,900927126148,KAD PENGENALAN,IBU KANDUNG,KERANI SUMBER MANUSIA,BEKERJA,MAHA SAWIT SDN BHD,1950,089714836,0145671278,3,MOHAMAD HAMSAH,C6642673,NOMBOR PASPORT,BAPA KANDUNG,KETUA MEKANIK,TIDAK BEKERJA,ZINCON HI-TECH AUTO SERVICES,1000,,0178959596,BATU 10 KAMPUNG RANGGU,LORONG OTHMAN 2,,91000,TAWAU,PENAMPANG,SABAH
12,261202209267,MUHAMMAD QUSHAIRIE,200312121335,KAD PENGENALAN,12-03-2020,BERSEKOLAH,09-01-2026,09-01-2026,PRASEKOLAH,MUTIARA HATI,,PRASEKOLAH,PERDANA / AKADEMIK,TIADA BIDANG,YUSNI BINTI WAHJUDIN,LELAKI,DUSUN,ISLAM,WARGANEGARA,,,,,,,,,,,,,,MOHD KHALID BIN KUSHAL,960808126289,KAD PENGENALAN,BAPA KANDUNG,BEKERJA SENDIRI,BEKERJA,TIADA,1500,0128678937,0128678937,1,JESICA JATILIN,950206126098,KAD PENGENALAN,IBU KANDUNG,,,,,,,"F1-24, TAMAN SRI APAS,","FLAT PPR BATU 8,",JALAN APAS,91000,TAWAU,PENAMPANG,SABAH
13,261202209272,MUHAMMAD RAYYAN FIRDAUS BIN ARIS,200928120963,KAD PENGENALAN,28-09-2020,BERSEKOLAH,09-01-2026,09-01-2026,PRASEKOLAH,MUTIARA HATI,,PRASEKOLAH,PERDANA / AKADEMIK,TIADA BIDANG,YUSNI BINTI WAHJUDIN,LELAKI,BUGIS,ISLAM,WARGANEGARA,,,,,,,,,,,,,,ARIS BIN LABA,C7619978,NOMBOR PASPORT,BAPA KANDUNG,FOMEN MEKANIKAL,BEKERJA,MELANIE BINTI PUNGUT,2000,0898888181,0172727319,4,SARINA BINTI SALIM,901002125922,KAD PENGENALAN,IBU KANDUNG,,,,,,0143741156,TB 4  LOT 4 TAMAN ALAMANDA,JALAN RANGGU,,91000,TAWAU,PENAMPANG,SABAH
14,261202209280,MUHAMMAD SALAHUDIN AWWADI BIN MOHD IRWAN,200308090249,KAD PENGENALAN,08-03-2020,BERSEKOLAH,09-01-2026,09-01-2026,PRASEKOLAH,MUTIARA HATI,,PRASEKOLAH,PERDANA / AKADEMIK,TIADA BIDANG,YUSNI BINTI WAHJUDIN,LELAKI,BAJAU,ISLAM,WARGANEGARA,,,,,,,,,,,,,,ARBINA BINTI ALI,840727126096,KAD PENGENALAN,IBU KANDUNG,PEGAWAI KOR PERKHIDMATAN AM (KPA),TIDAK BEKERJA,ANGKATAN TENTERA MALAYSIA,4000,,0164543406,4,MOHD IRWAN BIN RAMLAN,841213125293,KAD PENGENALAN,BAPA KANDUNG,BEKERJA SENDIRI,TIDAK BEKERJA,TIADA,1000,,0149593409,"LOT 207, BLOK 29,","LORONG 1, TAMAN PERWIRA",TAWAU,91000,TAWAU,PENAMPANG,SABAH
15,261202209285,MUHAMMAD SUFI IZZAT BIN MOHAMAD NASRI,210221120141,KAD PENGENALAN,21-02-2021,BERSEKOLAH,09-01-2026,09-01-2026,PRASEKOLAH,MUTIARA HATI,,PRASEKOLAH,PERDANA / AKADEMIK,TIADA BIDANG,YUSNI BINTI WAHJUDIN,LELAKI,SULUK,ISLAM,WARGANEGARA,,,,,,,,,,,YA (01),,,,,,,,,,,,,4,HAMSIAH BINTI HASAN,790708125546,KAD PENGENALAN,IBU KANDUNG,,TIDAK BEKERJA,,900,,,PPR TAMAN SRI SEMARAK,BLOK C12-4-4,,91000,TAWAU,PENAMPANG,SABAH
16,251201084871,MUHAMMAD UMAIR ANSORY BIN MU'AMMAR,200710120717,KAD PENGENALAN,10-07-2020,BERSEKOLAH,29-04-2026,30-04-2026,PRASEKOLAH,MUTIARA HATI,,PRASEKOLAH,PERDANA / AKADEMIK,TIADA BIDANG,YUSNI BINTI WAHJUDIN,LELAKI,MELAYU,ISLAM,WARGANEGARA,,,,,,,,,,,YA (01),,,,,,,,,,,,,6,SITI FATMASITAH BINTI ABD RAHIM,860401125390,KAD PENGENALAN,IBU KANDUNG,PEMBANTU JUALAN,BEKERJA,KEDAI EMAS MURAH,1700,0107581540,0136383145,"BLOK A 3-12, FLAT PPR",TAMAN SRI APAS,BATU 8 JALAN APAS,91000,TAWAU,PENAMPANG,SABAH
17,261202209297,NIYAZ SHAHEEN BINTI MOHAMMAD SHAHREEN,210305100420,KAD PENGENALAN,05-03-2021,BERSEKOLAH,09-01-2026,09-01-2026,PRASEKOLAH,MUTIARA HATI,,PRASEKOLAH,PERDANA / AKADEMIK,TIADA BIDANG,YUSNI BINTI WAHJUDIN,PEREMPUAN,DUSUN,ISLAM,WARGANEGARA,,,,,,,,,,,,,,MOHAMMAD SHAHREEN BIN MISRAN,930305125543,KAD PENGENALAN,BAPA KANDUNG,PEMBANTU TADBIR (PERKERANIAN/OPERASI) GRED N,BEKERJA,JABATAN KESELAMATAN DAN KESIHATAN PEKERJAAN SABAH,2131,089749636,0178965371,2,,,,,,,,,,,"TB1231, LORONG 17",JALAN RESIDENSI 5,RESIDENSI PRIMA RANGGU TAWAU,91000,TAWAU,PENAMPANG,SABAH
18,251201111488,NUR ALESHA ZAHRA BINTI ALFIANSYAH MAHYANTO,200923120032,KAD PENGENALAN,23-09-2020,BERSEKOLAH,28-04-2026,30-04-2026,PRASEKOLAH,MUTIARA HATI,,PRASEKOLAH,PERDANA / AKADEMIK,TIADA BIDANG,YUSNI BINTI WAHJUDIN,PEREMPUAN,BUGIS,ISLAM,WARGANEGARA,,,,,,,,,,,,,,,,,,,,,,,,3,NUR ALWIYAH BINTI ROSLAN,001115120294,KAD PENGENALAN,IBU KANDUNG,,TIDAK BEKERJA,,0,,0167539897,JALAN STESEN TV,,,91000,TAWAU,PENAMPANG,SABAH
19,261202209313,NUR IFTIRAH BINTI AIDI,200524121126,KAD PENGENALAN,24-05-2020,BERSEKOLAH,09-01-2026,09-01-2026,PRASEKOLAH,MUTIARA HATI,,PRASEKOLAH,PERDANA / AKADEMIK,TIADA BIDANG,YUSNI BINTI WAHJUDIN,PEREMPUAN,BAJAU,ISLAM,WARGANEGARA,,,,,,,,,,,,,,JAMIAH BINTI PARASIL,851012125886,KAD PENGENALAN,IBU KANDUNG,,TIDAK BEKERJA,,0,,0168553735,7,AIDI BIN SAKAL,761028125347,KAD PENGENALAN,BAPA KANDUNG,JURUAUDIO VISUAL GRED N,BEKERJA,KEMENTERIAN PENERANGAN MALAYSIA,3778.47,0163669348,0163669348,TB 136 LOT 136,TAMAN RANGGU SAUJANA FASA 2,JALAN RANGGU,91000,TAWAU,PENAMPANG,SABAH
20,261202209322,NUR QAYLA AFEEFAH BINTI JAINAL ABIDIN,210331120070,KAD PENGENALAN,31-03-2021,BERSEKOLAH,09-01-2026,09-01-2026,PRASEKOLAH,MUTIARA HATI,,PRASEKOLAH,PERDANA / AKADEMIK,TIADA BIDANG,YUSNI BINTI WAHJUDIN,PEREMPUAN,BUGIS,ISLAM,WARGANEGARA,,,,,,,,,,,,,,NORLIZA BINTI ABBAS,850223125646,KAD PENGENALAN,IBU KANDUNG,BEKERJA SENDIRI,BEKERJA,NORLIZA BINTI ABBAS,850,0178148969,0178148969,4,,,,,,,,,,,,,,,,,
21,251201096617,RAISHA BINTI RASHID,200105120014,KAD PENGENALAN,05-01-2020,BERSEKOLAH,06-01-2026,08-01-2026,PRASEKOLAH,MUTIARA HATI,,PRASEKOLAH,PERDANA / AKADEMIK,TIADA BIDANG,YUSNI BINTI WAHJUDIN,PEREMPUAN,BAJAU,ISLAM,WARGANEGARA,,,,,,,,,,,,,,RASHID BIN PANJANG ALI,900217125829,KAD PENGENALAN,LAIN-LAIN,PEMANDU AMBULANS,BEKERJA,KEMENTERIAN KESIHATAN,3026.27,089773533,,1,,,,,,,,,,,TB 859 RESIDENSI 4,LORONG 13 1/3,RESIDENSI RANGGU PR1MA,91000,TAWAU,PENAMPANG,SABAH
22,251201096619,RIANNEL ANDRYSON ANAK THOMASON,200119130061,KAD PENGENALAN,19-01-2020,BERSEKOLAH,06-01-2026,08-01-2026,PRASEKOLAH,MUTIARA HATI,,PRASEKOLAH,PERDANA / AKADEMIK,TIADA BIDANG,YUSNI BINTI WAHJUDIN,LELAKI,IBAN ATAU SEA DAYAK,KRISTIAN,WARGANEGARA,,,,,,,,,,,,,,SALLY MALISA ANAK JINA,950817135444,KAD PENGENALAN,IBU KANDUNG,,TIDAK BEKERJA,,0,,0198177344,3,THOMASON ANAK JERRY,940402135697,KAD PENGENALAN,BAPA KANDUNG,,TIDAK BEKERJA,,4844.05,,0145995323,NO 179,TAMAN ALAMANDA,JALAN RANGGU BT 12,91000,TAWAU,PENAMPANG,SABAH
23,261202209343,SHARNAAZ RAMZAN BIN ROZLEE,200610120525,KAD PENGENALAN,10-06-2020,BERSEKOLAH,09-01-2026,09-01-2026,PRASEKOLAH,MUTIARA HATI,,PRASEKOLAH,PERDANA / AKADEMIK,TIADA BIDANG,YUSNI BINTI WAHJUDIN,LELAKI,IBAN ATAU SEA DAYAK,ISLAM,WARGANEGARA,,,,,,,,,,,,,,ROZLEE ROBERT,860716495265,KAD PENGENALAN,BAPA KANDUNG,PEMANDU LORI,BEKERJA,QL FARMS,2277.48,089912866,0197881904,7,SITI AISA BINTI YUSOF,900219126008,KAD PENGENALAN,IBU KANDUNG,,TIDAK BEKERJA,,0,,0146777419,"PRIMA RANGGU LORONG 13-2/3 TB 801,",,,91000,TAWAU,PENAMPANG,SABAH
24,251201096620,SYAFIRAH NUR AILEEN BINTI MOHD TRI AWAN,201119120634,KAD PENGENALAN,19-11-2020,BERSEKOLAH,06-01-2026,08-01-2026,PRASEKOLAH,MUTIARA HATI,,PRASEKOLAH,PERDANA / AKADEMIK,TIADA BIDANG,YUSNI BINTI WAHJUDIN,PEREMPUAN,BUGIS,ISLAM,WARGANEGARA,,,,,,,,,,,,,,MOHD TRI AWAN BIN SUMADI,E2169152,NOMBOR PASPORT,BAPA KANDUNG,MEKANIK AUTOMOTIF,BEKERJA,SIN BAN HOCK MOTOR,2000,089757868,01151213186,6,NURUL FAMIZA BINTI AMIR,930821125830,KAD PENGENALAN,IBU KANDUNG,,TIDAK BEKERJA,,0,,01135151556,KAMPUNG RANGGU,JALAN MARIANO,LORONG  ROSIDIAN HJ IDRIS,91000,TAWAU,PENAMPANG,SABAH
25,251202302558,ZAHA ZUHAIR BIN MOHAMMAD FIKREY,200719120051,KAD PENGENALAN,19-07-2020,BERSEKOLAH,11-01-2026,11-01-2026,PRASEKOLAH,MUTIARA HATI,,PRASEKOLAH,PERDANA / AKADEMIK,TIADA BIDANG,YUSNI BINTI WAHJUDIN,LELAKI,BAJAU,ISLAM,WARGANEGARA,,,,,,,,,,,,,,MOHAMMAD FIKREY BIN ABDUL GAPAR,910528125411,KAD PENGENALAN,BAPA KANDUNG,GURU,BEKERJA,SEKOLAH KEBANGSAAN RANGGU,5869.78,01165749440,0188748032,2,KASNI BINTI RASID,991028127194,KAD PENGENALAN,IBU KANDUNG,,TIDAK BEKERJA,,0,,01140160648,"TB867, LORONG 13-1/3, JALAN RESIDENSI 4",,,91000,TAWAU,PENAMPANG,SABAH
26,261202212877,AALIYA SOFIA BINTI JASMAN,210910120024,KAD PENGENALAN,10-09-2021,BERSEKOLAH,09-01-2026,09-01-2026,PRASEKOLAH,MUTIARA KASIH,,PRASEKOLAH,PERDANA / AKADEMIK,TIADA BIDANG,RAHMATIA BINTI MOHAMAD,PEREMPUAN,SULUK,ISLAM,WARGANEGARA,,,,,,,,,,,,,,JULISAH BINTI MOHAMAD ISAH,850504155008,KAD PENGENALAN,IBU KANDUNG,,TIDAK BEKERJA,,0,,0162552737,6,JASMAN BIN CHUNBUNG,811018125143,KAD PENGENALAN,BAPA KANDUNG,PENOLONG JURUTERA,BEKERJA,SESB JALAN KUHARA,6000,089715561,0138808681,KG. RANGGU,BATU 10 JALAN RANGGU,PETI SURAT 62087,91030,TAWAU,PENAMPANG,SABAH
27,261202212881,ALISHA ATHAYA BINTI SUNARDY,210715101020,KAD PENGENALAN,15-07-2021,BERSEKOLAH,09-01-2026,09-01-2026,PRASEKOLAH,MUTIARA KASIH,,PRASEKOLAH,PERDANA / AKADEMIK,TIADA BIDANG,RAHMATIA BINTI MOHAMAD,PEREMPUAN,BUGIS,ISLAM,WARGANEGARA,,,,,,,,,,,,,,SUNARDY BIN MOHD YUSUF,871111495629,KAD PENGENALAN,BAPA KANDUNG,PEMANDU LORI,BEKERJA,KIM TECK CHEONG SHIPPING SDN BHD,2000,010422011,0198002208,3,HASNAH BINTI SAYANG,KGU1736/88,SIJIL LAHIR,IBU KANDUNG,,TIDAK BEKERJA,,100,,0143577079,364 LORONG 8 - 1/2,JALAN RESIDENSI RANGGU 1,RESIDENSI RANGGU,91000,TAWAU,PENAMPANG,SABAH
28,261201004318,AMANI IRDINA BINTI ABDILLAH,210716120020,KAD PENGENALAN,16-07-2021,BERSEKOLAH,06-01-2026,08-01-2026,PRASEKOLAH,MUTIARA KASIH,,PRASEKOLAH,PERDANA / AKADEMIK,TIADA BIDANG,RAHMATIA BINTI MOHAMAD,PEREMPUAN,BAJAU,ISLAM,WARGANEGARA,,,,,,,,,,,,,,ASNIJAH BINTI MADSABAN,810226125928,KAD PENGENALAN,IBU KANDUNG,,,,,,0178102653,5,ABDILLAH BIN JAHABA,790410126263,KAD PENGENALAN,BAPA KANDUNG,PENGAWAL KESELAMATAN,BEKERJA,FOKASJADI SDN BHD,1600,089773687,0178322381,"TAMAN RANGGU SAUJANA, LORONG 2, TB530",,,91000,TAWAU,PENAMPANG,SABAH
29,261202212885,AMMAR ASRAF BIN AZMI,210403121057,KAD PENGENALAN,03-04-2021,BERSEKOLAH,09-01-2026,09-01-2026,PRASEKOLAH,MUTIARA KASIH,,PRASEKOLAH,PERDANA / AKADEMIK,TIADA BIDANG,RAHMATIA BINTI MOHAMAD,LELAKI,BAJAU,ISLAM,WARGANEGARA,,,,,,,,,,,,,,ROSITTAH BINTI JAMALONG,800917125792,KAD PENGENALAN,IBU KANDUNG,,TIDAK BEKERJA,,0,,0178909474,6,,,,,,,,,,,RESIDENSI PRIMA RANGGU,"142, LORONG 3",JALAN RESIDENSI RANGGU,91000,TAWAU,PENAMPANG,SABAH
30,261202212902,ARIQA AERISYA BINTI EDDE,210411121444,KAD PENGENALAN,11-04-2021,BERSEKOLAH,09-01-2026,09-01-2026,PRASEKOLAH,MUTIARA KASIH,,PRASEKOLAH,PERDANA / AKADEMIK,TIADA BIDANG,RAHMATIA BINTI MOHAMAD,PEREMPUAN,FILIPINO,ISLAM,WARGANEGARA,,,,,,,,,,,,,,,,,,,,,,,,,,,,,,,,,,,,,,,,,
31,261202212911,ASLAM KHAN BIN MUKTAR,210426120073,KAD PENGENALAN,26-04-2021,BERSEKOLAH,09-01-2026,09-01-2026,PRASEKOLAH,MUTIARA KASIH,,PRASEKOLAH,PERDANA / AKADEMIK,TIADA BIDANG,RAHMATIA BINTI MOHAMAD,LELAKI,PAKISTANI,ISLAM,WARGANEGARA,,,,,,,,,,,,,,,,,,,,,,,,,,,,,,,,,,,,,,,,,
32,261202212946,MARYAM ARISSA BINTI MOHAMAD NOOR,211002120154,KAD PENGENALAN,02-10-2021,BERSEKOLAH,09-01-2026,09-01-2026,PRASEKOLAH,MUTIARA KASIH,,PRASEKOLAH,PERDANA / AKADEMIK,TIADA BIDANG,RAHMATIA BINTI MOHAMAD,PEREMPUAN,SULUK,ISLAM,WARGANEGARA,,,,,,,,,,,,,,,,,,,,,,,,,,,,,,,,,,,,,,,,,
33,261202212965,MOHAMMAD AIDIL ZAKHWAN,210513120231,KAD PENGENALAN,13-05-2021,BERSEKOLAH,09-01-2026,09-01-2026,PRASEKOLAH,MUTIARA KASIH,,PRASEKOLAH,PERDANA / AKADEMIK,TIADA BIDANG,RAHMATIA BINTI MOHAMAD,LELAKI,BUGIS,ISLAM,WARGANEGARA,,,,,,,,,,,,,,,,,,,,,,,,,,,,,,,,,,,,,,,,,
34,261201002678,MOHAMMAD AZWAR FAYYADH BIN YASRI,210920120175,KAD PENGENALAN,20-09-2021,BERSEKOLAH,06-01-2026,08-01-2026,PRASEKOLAH,MUTIARA KASIH,,PRASEKOLAH,PERDANA / AKADEMIK,TIADA BIDANG,RAHMATIA BINTI MOHAMAD,LELAKI,BUGIS,ISLAM,WARGANEGARA,,,,,,,,,,,,,,SUMARNI BINTI SUNAR,890628125130,KAD PENGENALAN,IBU KANDUNG,,TIDAK BEKERJA,,0,,0139332806,5,YASRI BIN AMRI,850828125753,KAD PENGENALAN,BAPA KANDUNG,,TIDAK BEKERJA,,2500,,0109383937,"BATU 10, KAMPUNG RANGGU",PERI SURAT 60014,,91010,TAWAU,PENAMPANG,SABAH
35,261202212986,MUHAMMAD ADAM KHALEEF BIN FERDANA FIRDAUS,211023121025,KAD PENGENALAN,23-10-2021,BERSEKOLAH,09-01-2026,09-01-2026,PRASEKOLAH,MUTIARA KASIH,,PRASEKOLAH,PERDANA / AKADEMIK,TIADA BIDANG,RAHMATIA BINTI MOHAMAD,LELAKI,BANJAR,ISLAM,WARGANEGARA,,,,,,,,,,,,,,FERDANA FIRDAUS BIN ZULKARNAIN,800325125289,KAD PENGENALAN,BAPA KANDUNG,,TIDAK BEKERJA,,0,,01151494489,2,SALEENA BINTI JAUKARANI,910924125886,KAD PENGENALAN,IBU KANDUNG,KAKITANGAN AWAM,BEKERJA,JABATAN KASTAM DIRAJA MALAYSIA,3583.28,089775805,0148557441,KAMPUNG RANGGU,BATU 8 JALAN APAS,,91000,TAWAU,PENAMPANG,SABAH
36,261202212993,MUHAMMAD AKIL BIN MOHAN,211019120783,KAD PENGENALAN,19-10-2021,BERSEKOLAH,09-01-2026,09-01-2026,PRASEKOLAH,MUTIARA KASIH,,PRASEKOLAH,PERDANA / AKADEMIK,TIADA BIDANG,RAHMATIA BINTI MOHAMAD,LELAKI,BRUNEI,ISLAM,WARGANEGARA,,,,,,,,,,,,,,NORSHILAWATI BINTI JUMARCH,931222125622,KAD PENGENALAN,IBU KANDUNG,JURUJUAL BORONG DAN RUNCIT,BEKERJA,FIRDHOUS SALEEM,1500,0165753225,0165753225,3,,,,,,,,,,,KAMPUNG RANGGU,BATU 9 JALAN HAJAH MARIAM,,91008,TAWAU,PENAMPANG,SABAH
37,261202213000,MUHAMMAD AQEEF EUSOFF BIN MOHD ROSMAN,210602120647,KAD PENGENALAN,02-06-2021,BERSEKOLAH,09-01-2026,09-01-2026,PRASEKOLAH,MUTIARA KASIH,,PRASEKOLAH,PERDANA / AKADEMIK,TIADA BIDANG,RAHMATIA BINTI MOHAMAD,LELAKI,MELAYU,ISLAM,WARGANEGARA,,,,,,,,,,,,,,MOHD ROSMAN BIN ABDUL JALIL,800621125785,KAD PENGENALAN,BAPA KANDUNG,PEMBANTU TEKNIK UKUR,BEKERJA,PERUNDING ROSDIANSYAH AMIN SDN BHD,5600,01008872537,0138556370,6,,,,,,,,,,,"LOT 1170,LORONG 15",JALAN RESIDENSI RANGGU 5,TAMAN PRIMA RANGGU,91000,TAWAU,PENAMPANG,SABAH
38,261202213010,MUHAMMAD HARITH HAFIZUL BIN TAHIR,211213120875,KAD PENGENALAN,13-12-2021,BERSEKOLAH,09-01-2026,09-01-2026,PRASEKOLAH,MUTIARA KASIH,,PRASEKOLAH,PERDANA / AKADEMIK,TIADA BIDANG,RAHMATIA BINTI MOHAMAD,LELAKI,INDONESIA,ISLAM,WARGANEGARA,,,,,,,,,,,,,,HAMIA BINTI BURHAN,810120126252,KAD PENGENALAN,IBU KANDUNG,,TIDAK BEKERJA,,0,,01151820503,4,,,,,,,,,,,,,,,,,
39,261202213019,MUHAMMAD HARRAZ ZAHMI,210526120345,KAD PENGENALAN,26-05-2021,BERSEKOLAH,09-01-2026,09-01-2026,PRASEKOLAH,MUTIARA KASIH,,PRASEKOLAH,PERDANA / AKADEMIK,TIADA BIDANG,RAHMATIA BINTI MOHAMAD,LELAKI,SULUK,ISLAM,WARGANEGARA,,,,,,,,,,,,,,,,,,,,,,,,,,,,,,,,,,,,,,,,,
40,261202213082,MUHAMMAD HAZIQ ZIQRI BIN MOHD NORLI,210320160085,KAD PENGENALAN,20-03-2021,BERSEKOLAH,09-01-2026,09-01-2026,PRASEKOLAH,MUTIARA KASIH,,PRASEKOLAH,PERDANA / AKADEMIK,TIADA BIDANG,RAHMATIA BINTI MOHAMAD,LELAKI,MELAYU,ISLAM,WARGANEGARA,,,,,,,,,,,,,,,,,,,,,,,,,,,,,,,,,,,,,,,,,
41,261202213100,MUHAMMAD ZAKIY BIN AZMAN,211219120497,KAD PENGENALAN,19-12-2021,BERSEKOLAH,09-01-2026,09-01-2026,PRASEKOLAH,MUTIARA KASIH,,PRASEKOLAH,PERDANA / AKADEMIK,TIADA BIDANG,RAHMATIA BINTI MOHAMAD,LELAKI,BUGIS,ISLAM,WARGANEGARA,,,,,,,,,,,,,,AZMAN BIN YACO,850728126353,KAD PENGENALAN,BAPA KANDUNG,PEMANDU,BEKERJA,ASTA ENTERPRISE,1700,0165856352,0165856352,6,KAMARIAH BINTI AMISSAIN,820523126352,KAD PENGENALAN,IBU KANDUNG,,,,,,0168806352,"NO. 193, LORONG 4, TYPE B,",RESIDENSI PRIMA RANGGU,,91000,TAWAU,PENAMPANG,SABAH
42,261202213117,NUR ADRIANA DAMIA BINTI SYAMSUDDIN,210222120426,KAD PENGENALAN,22-02-2021,BERSEKOLAH,09-01-2026,09-01-2026,PRASEKOLAH,MUTIARA KASIH,,PRASEKOLAH,PERDANA / AKADEMIK,TIADA BIDANG,RAHMATIA BINTI MOHAMAD,PEREMPUAN,BUGIS,ISLAM,WARGANEGARA,,,,,,,,,,,,,,,,,,,,,,,,4,JUMILAH BINTI BUYADI,870731495094,KAD PENGENALAN,IBU KANDUNG,,TIDAK BEKERJA,,1000,,01151528286,,,,,,,
43,261202213144,NUR ARISSA MEDINA BINTI MOHD FIRDAUS,211013060740,KAD PENGENALAN,13-10-2021,BERSEKOLAH,09-01-2026,09-01-2026,PRASEKOLAH,MUTIARA KASIH,,PRASEKOLAH,PERDANA / AKADEMIK,TIADA BIDANG,RAHMATIA BINTI MOHAMAD,PEREMPUAN,MELAYU,ISLAM,WARGANEGARA,,,,,,,,,,,,,,MOHD FIRDAUS BIN ABDUL RAHIM,890416115213,KAD PENGENALAN,BAPA KANDUNG,PEGAWAI LAIN-LAIN PANGKAT PENGUAT KUASA MARITIM GRED T1,BEKERJA,AGENSI PENGUATKUASAAN MARITIM MALAYSIA,4010,089750116,01117488259,2,NOR SHAHIDA BINTI ABD LATIF,890622035468,KAD PENGENALAN,IBU KANDUNG,,TIDAK BEKERJA,,4020,,0137488259,"RESIDENSI PRIMA RANGGU, 750,",LORONG 12-1/3 JALAN RESIDENSI RANGGU 4,,91000,TAWAU,PENAMPANG,SABAH
44,261202213184,NUR AZZAHRA AMANDA BINTI JUMADI,210128120446,KAD PENGENALAN,28-01-2021,BERSEKOLAH,09-01-2026,09-01-2026,PRASEKOLAH,MUTIARA KASIH,,PRASEKOLAH,PERDANA / AKADEMIK,TIADA BIDANG,RAHMATIA BINTI MOHAMAD,PEREMPUAN,BUGIS,ISLAM,WARGANEGARA,,,,,,,,,,,,,,,,,,,,,,,,,,,,,,,,,,,,,,,,,
45,261202213218,NUR IMAN ZINIRAH BINTI SUDIRMAN,210815120528,KAD PENGENALAN,15-08-2021,BERSEKOLAH,09-01-2026,09-01-2026,PRASEKOLAH,MUTIARA KASIH,,PRASEKOLAH,PERDANA / AKADEMIK,TIADA BIDANG,RAHMATIA BINTI MOHAMAD,PEREMPUAN,MELAYU,ISLAM,WARGANEGARA,,,,,,,,,,,,,,SUDIRMAN BIN YAKKA,850629125507,KAD PENGENALAN,BAPA KANDUNG,PENYELIA,BEKERJA,EVOLUSI BERSATU SDN BHD,2800,088652733,0135465480,4,ERNAWATI BINTI TOBA,870119495290,KAD PENGENALAN,IBU KANDUNG,,TIDAK BEKERJA,,0,,0146907178,TB251 LRG 1 RESIDENSI RANGGU,TMN PRIMA RANGGU,JLN RANGGU BT12,91000,TAWAU,PENAMPANG,SABAH
46,261202257098,NURUL HAFIYAH BINTI NORIZUAN,210114120568,KAD PENGENALAN,14-01-2021,BERSEKOLAH,23-01-2026,23-01-2026,PRASEKOLAH,MUTIARA KASIH,,PRASEKOLAH,PERDANA / AKADEMIK,TIADA BIDANG,RAHMATIA BINTI MOHAMAD,PEREMPUAN,BAJAU,ISLAM,WARGANEGARA,,,,,,,,,,,,,,NORIZUAN BIN SALLEH,950104126767,KAD PENGENALAN,BAPA KANDUNG,PEMANDU,BEKERJA,SONG JOO ENTERPRISE SDN BHD,1200,0168112743,0168112710,2,,,,,,,,,,,,,,,,,
47,261202209329,NURUL SYUHADA NURUL AIN BINTI ABDULLAH,210213120504,KAD PENGENALAN,13-02-2021,BERSEKOLAH,09-01-2026,14-04-2026,PRASEKOLAH,MUTIARA KASIH,,PRASEKOLAH,PERDANA / AKADEMIK,TIADA BIDANG,RAHMATIA BINTI MOHAMAD,PEREMPUAN,BUGIS,ISLAM,WARGANEGARA,,,,,,,,,,,,,,,,,,,,,,,,,,,,,,,,,,,,,,,,,
48,261201004777,QALEEF NUR IMAN BIN AMIR,210224120569,KAD PENGENALAN,24-02-2021,BERSEKOLAH,06-01-2026,05-02-2026,PRASEKOLAH,MUTIARA KASIH,,PRASEKOLAH,PERDANA / AKADEMIK,TIADA BIDANG,RAHMATIA BINTI MOHAMAD,LELAKI,BUGIS,ISLAM,WARGANEGARA,,,,,,,,,,,,,,AMIR BIN LAMATANG,840219125935,KAD PENGENALAN,BAPA KANDUNG,BEKERJA SENDIRI,BEKERJA,TIADA,2500,0167946611,0167946611,4,,,,,,,,,,,KAMPUNG RANGGU,BATU 9 JALAN APAS,TAWAU,91000,TAWAU,PENAMPANG,SABAH
49,261202209339,RAFFAEL MIQDAM AL AYYUBI BIN RHYMYZAM,210116120051,KAD PENGENALAN,16-01-2021,BERSEKOLAH,09-01-2026,05-02-2026,PRASEKOLAH,MUTIARA KASIH,,PRASEKOLAH,PERDANA / AKADEMIK,TIADA BIDANG,RAHMATIA BINTI MOHAMAD,LELAKI,MELAYU,ISLAM,WARGANEGARA,,,,,,,,,,,,,,SENATANG BINTI MANNA,800616125908,KAD PENGENALAN,IBU KANDUNG,,TIDAK BEKERJA,,0,,,3,,,,,,,,,,,,,,,,,
50,261202232637,AQIB LUQMAN BIN HERMAN,200622120653,KAD PENGENALAN,22-06-2020,BERSEKOLAH,12-06-2026,14-06-2026,PRASEKOLAH,PERMATA HATI,,PRASEKOLAH,PERDANA / AKADEMIK,TIADA BIDANG,MARIANA BINTI KASSIM,LELAKI,BAJAU,ISLAM,WARGANEGARA,,,,,,,,,,,,,,HERMAN BIN TAGAYAN,830204125917,KAD PENGENALAN,BAPA KANDUNG,PEMBANTU TADBIR (KEWANGAN) GRED W,TIDAK BEKERJA,KOMANDAN,4178,,01169192946,4,ROSLINA BINTI ALPHA,850131126158,KAD PENGENALAN,IBU KANDUNG,,TIDAK BEKERJA,,0,,0146254415,RESIDENSI PRIMA RANGGU,"TB1287, LORONG 16",JALAN RESIDENSI RANGGU 5,91000,TAWAU,PENAMPANG,SABAH
51,261201002555,ARIFAH ZAHIRAH BINTI ARIPIN,200523120930,KAD PENGENALAN,23-05-2020,BERSEKOLAH,06-01-2026,08-01-2026,PRASEKOLAH,PERMATA HATI,,PRASEKOLAH,PERDANA / AKADEMIK,TIADA BIDANG,MARIANA BINTI KASSIM,PEREMPUAN,TIDUNG,ISLAM,WARGANEGARA,,,,,,,,,,,,,,ARIPIN BIN SABRAN,820510126353,KAD PENGENALAN,BAPA KANDUNG,PEMBANTU PENYELIDIK,BEKERJA,LEMBAGA KOKO MAYSIA,5263.33,0198594417,0195396590,6,SARIFAH ALOHAH BINTI H AHMAD,800403125680,KAD PENGENALAN,IBU KANDUNG,,TIDAK BEKERJA,,0,,01133604184,TB 40 LORONG 2 TAMAN ALAMANDA,JALAN RANGGU,BATU 12,91000,TAWAU,PENAMPANG,SABAH
52,251201616020,AUNI ATHILA BINTI MOHD FAZIL,200918121460,KAD PENGENALAN,18-09-2020,BERSEKOLAH,06-01-2026,08-01-2026,PRASEKOLAH,PERMATA HATI,,PRASEKOLAH,PERDANA / AKADEMIK,TIADA BIDANG,MARIANA BINTI KASSIM,PEREMPUAN,TIDUNG,ISLAM,WARGANEGARA,,,,,,,,,,,,,,MOHD FAZIL BIN OMAR,810630125073,KAD PENGENALAN,LAIN-LAIN,PENGAWAL KESELAMATAN,TIDAK BEKERJA,SWORDFORCE SDN BHD,1700,,01112681930,4,,,,,,,,,,,,,,,,,
53,251201096595,AZWAR ZAAFARANI BIN MUSLIHADIR,201007120613,KAD PENGENALAN,07-10-2020,BERSEKOLAH,06-01-2026,08-01-2026,PRASEKOLAH,PERMATA HATI,,PRASEKOLAH,PERDANA / AKADEMIK,TIADA BIDANG,MARIANA BINTI KASSIM,LELAKI,BUGIS,ISLAM,WARGANEGARA,,,,,,,,,,,,,,MUSLIHADIR BIN MASE,751028125671,KAD PENGENALAN,BAPA KANDUNG,GURU,BEKERJA,KOLEJ VOKASIONAL TAWAU,5450.23,089713384,0135573313,5,RAPIDAH BINTI KARIM,831002125788,KAD PENGENALAN,IBU KANDUNG,PEMBANTU PENGURUSAN MURID GRED N,BEKERJA,SK. RANGGU,3437.67,01165749440,0138994915,TB11390,LORONG MILENIUM 3,TAMAN MILENIUM,91000,TAWAU,PENAMPANG,SABAH
54,251202293122,DATU IZZ ALWALID BIN DATU MOHD NOOR,200710120135,KAD PENGENALAN,10-07-2020,BERSEKOLAH,06-01-2026,08-01-2026,PRASEKOLAH,PERMATA HATI,,PRASEKOLAH,PERDANA / AKADEMIK,TIADA BIDANG,MARIANA BINTI KASSIM,LELAKI,BAJAU,ISLAM,WARGANEGARA,,,,,,,,,,,,,,NOR HAMIDAH BINTI DULIMAN,860610495494,KAD PENGENALAN,IBU KANDUNG,,TIDAK BEKERJA,,0,,01170018288,6,DATU MOHD NOOR BIN DATU BIDIN,821116125795,KAD PENGENALAN,BAPA KANDUNG,PENGURUS CAWANGAN,BEKERJA,AMANAH IKHTIAR MALAYSIA,6000,0138898288,0138898288,JALAN RANGGU BATU 10,TAMAN RANGGU SAUJANA,LOT 285 TB235,91000,TAWAU,PENAMPANG,SABAH
55,261201003649,DHAMEERA AREEYNA BINTI SAHARUDDIN,200617121344,KAD PENGENALAN,17-06-2020,BERSEKOLAH,06-01-2026,08-01-2026,PRASEKOLAH,PERMATA HATI,,PRASEKOLAH,PERDANA / AKADEMIK,TIADA BIDANG,MARIANA BINTI KASSIM,PEREMPUAN,BUGIS,ISLAM,WARGANEGARA,,,,,,,,,,,,,,FARIDAH BINTI BAKRI,870628495424,KAD PENGENALAN,IBU KANDUNG,KAKITANGAN SWASTA,BEKERJA,SEDAFIAT TAWAU,1985.66,089770670,0168435417,4,,,,,,,,,,,TB 346 TAMAN RANGGU SAUJANA,,,91000,TAWAU,PENAMPANG,SABAH
56,251202292592,FAUZAN MIRZA BIN BUSIMAN,200115120667,KAD PENGENALAN,15-01-2020,BERSEKOLAH,06-01-2026,08-01-2026,PRASEKOLAH,PERMATA HATI,,PRASEKOLAH,PERDANA / AKADEMIK,TIADA BIDANG,MARIANA BINTI KASSIM,LELAKI,BUGIS,ISLAM,WARGANEGARA,,,,,,,,,,,,,,RESKIANA BINTI KASMA,900402125652,KAD PENGENALAN,IBU KANDUNG,,TIDAK BEKERJA,,0,,0105637894,3,BUSIMAN BIN YAMBAS,850102125711,KAD PENGENALAN,BAPA KANDUNG,BURUH LADANG KELAPA SAWIT,BEKERJA,HAMKA BIN KASMA,2000,089764435,0143754429,"TB8521,LORONG 3/3",TAMAN MEGAH JAYA,BATU 3.5 JALAN APAS,91000,TAWAU,PENAMPANG,SABAH
57,251202292594,HANAN SOFIA INSYIRAH BINTI SHAFIE,200801120042,KAD PENGENALAN,01-08-2020,BERSEKOLAH,06-01-2026,08-01-2026,PRASEKOLAH,PERMATA HATI,,PRASEKOLAH,PERDANA / AKADEMIK,TIADA BIDANG,MARIANA BINTI KASSIM,PEREMPUAN,SUNGAI,ISLAM,WARGANEGARA,,,,,,,,,,,,,,LIZA ROSALINA BINTI LORONG,910520126524,KAD PENGENALAN,IBU KANDUNG,PEMBANTU TADBIR,BEKERJA,LEMBAGA PEMBANGUNAN INDUSTRI PEMBINAAN MALAYSIA,3458.04,089777842,0143551908,3,SHAFIE BIN HASSAN,910830125543,KAD PENGENALAN,BAPA KANDUNG,BEKERJA SENDIRI,BEKERJA,AQIQAH MEKAH AL HAREEZ ENTERPRISE,2000,0198095198,0198095198,RESIDENSI PRIMA RANGGU,"LORONG 11, NO.514","JALAN RANGGU, PRIMA RANGGU",91000,TAWAU,PENAMPANG,SABAH
58,251201161915,IMRAN HANAFI BIN AMAL AKBAR,200118120793,KAD PENGENALAN,18-01-2020,BERSEKOLAH,09-01-2026,09-01-2026,PRASEKOLAH,PERMATA HATI,,PRASEKOLAH,PERDANA / AKADEMIK,TIADA BIDANG,MARIANA BINTI KASSIM,LELAKI,BUGIS,ISLAM,WARGANEGARA,,,,,,,,,,,,,,HADINSAH BINTI AMJAH,890817125404,KAD PENGENALAN,IBU KANDUNG,,TIDAK BEKERJA,,0,,0146078815,3,,,,,,,,,,,LORONG BUNGA ORKID KAMPUNG RANGGU,BATU 10 JALAN APAS,,91000,TAWAU,PENAMPANG,SABAH
59,261202213623,MOHAMAD ATHAR RIZKY BIN MAHMUD,200827060279,KAD PENGENALAN,27-08-2020,BERSEKOLAH,09-01-2026,09-01-2026,PRASEKOLAH,PERMATA HATI,,PRASEKOLAH,PERDANA / AKADEMIK,TIADA BIDANG,MARIANA BINTI KASSIM,LELAKI,BUGIS,ISLAM,WARGANEGARA,,,,,,,,,,,,,,MAHMUD BIN MAMMA,851227126325,KAD PENGENALAN,BAPA KANDUNG,,TIDAK BEKERJA,,2000,,0143496704,2,,,,,,,,,,,RESIDENSI PRIMA RANGGU LORONG 13/3 TB 94,,,91000,TAWAU,PENAMPANG,SABAH
60,251201096602,MOHAMMAD IMAN RAYYAN BIN ASMADIE,200123120755,KAD PENGENALAN,23-01-2020,BERSEKOLAH,06-01-2026,09-01-2026,PRASEKOLAH,PERMATA HATI,,PRASEKOLAH,PERDANA / AKADEMIK,TIADA BIDANG,MARIANA BINTI KASSIM,LELAKI,BAJAU,ISLAM,WARGANEGARA,,,,,,,,,,,,,,MARIYANAH BINTI RAHMAN,831022125590,KAD PENGENALAN,LAIN-LAIN,PESARA / PENERIMA PENCEN / PENERIMA BANTUAN / LAIN-LAIN,BEKERJA,KEMENTERIAN PERTAHANAN,2805.91,032692133,0136803158,4,ASMADIE BIN ABDUL LAMI,790920125631,KAD PENGENALAN,BAPA KANDUNG,PESARA / PENERIMA PENCEN / PENERIMA BANTUAN / LAIN-LAIN,BEKERJA,KEMENTERIAN PERTAHANAN,2821.36,0326921333,0132536971,TAMAN RANGGU SAUJANA,LORONG 1 NO 54,,91000,TAWAU,PENAMPANG,SABAH
61,261201003612,MUHAMMAD AL UZAIR BIN NUSUP,200421121297,KAD PENGENALAN,21-04-2020,BERSEKOLAH,06-01-2026,08-01-2026,PRASEKOLAH,PERMATA HATI,,PRASEKOLAH,PERDANA / AKADEMIK,TIADA BIDANG,MARIANA BINTI KASSIM,LELAKI,BUGIS,ISLAM,WARGANEGARA,,,,,,,,,,,,,,NUSUP BIN SAIDE,900107125705,KAD PENGENALAN,BAPA KANDUNG,PEMANDU,BEKERJA,BARNABAS KAREL GEORGE,1500,01125377584,0102209399,1,ALFIANA,E2944479IDN,NOMBOR PASPORT,IBU KANDUNG,,TIDAK BEKERJA,,0,,0102029399,TAMAN SRI APAS BATU 8,BLOK G,G1-13,91000,TAWAU,PENAMPANG,SABAH
62,251201096604,MUHAMMAD AQEEF AMMAR BIN MOHD RAHMAT,201022120961,KAD PENGENALAN,22-10-2020,BERSEKOLAH,06-01-2026,08-01-2026,PRASEKOLAH,PERMATA HATI,,PRASEKOLAH,PERDANA / AKADEMIK,TIADA BIDANG,MARIANA BINTI KASSIM,LELAKI,BUGIS,ISLAM,WARGANEGARA,,,,,,,,,,,,,,MOHD RAHMAT BIN MUSA,930731125765,KAD PENGENALAN,BAPA KANDUNG,,TIDAK BEKERJA,,0,,0168222106,1,JAIDAH BINTI IDAS,921228126336,KAD PENGENALAN,IBU KANDUNG,"OPERATOR, PENAPIS: AIR",BEKERJA,CUCKOO INTERNATIONAL,2800,01111999013,0168017892,NO 76 LORONG TADIKA KEMAS,KAMPUNG RANGGU BATU 10,,91000,TAWAU,PENAMPANG,SABAH
63,261202207912,MUHAMMAD AZIZUL BIN ABDULLAH,200303121827,KAD PENGENALAN,03-03-2020,BERSEKOLAH,09-01-2026,09-01-2026,PRASEKOLAH,PERMATA HATI,,PRASEKOLAH,PERDANA / AKADEMIK,TIADA BIDANG,MARIANA BINTI KASSIM,LELAKI,INDONESIA,ISLAM,WARGANEGARA,,,,,,,,,,,,,,,,,,,,,,,,,,,,,,,,,,,,,,,,,
64,251201096605,MUHAMMAD FADHIL ANAQI BIN SUKMAN,200527121041,KAD PENGENALAN,27-05-2020,BERSEKOLAH,06-01-2026,09-01-2026,PRASEKOLAH,PERMATA HATI,,PRASEKOLAH,PERDANA / AKADEMIK,TIADA BIDANG,MARIANA BINTI KASSIM,LELAKI,BUGIS,ISLAM,WARGANEGARA,,,,,,,,,,,,,,SUKMAN BIN SAMSUDDIN,870809125035,KAD PENGENALAN,BAPA KANDUNG,PEGAWAI PERTANIAN,TIDAK BEKERJA,ABID EMAS GROUP,3996,,0145525248,4,ROZANAH BINTI AMZAH,890524125312,KAD PENGENALAN,IBU KANDUNG,,TIDAK BEKERJA,,0,,0108895242,RESIDENSI PRIMA RANGGU TB 866 LORONG 13-BATU12,,,91000,TAWAU,PENAMPANG,SABAH
65,251201159461,MUHAMMAD HANIF BIN SAMSUL,201120121247,KAD PENGENALAN,20-11-2020,BERSEKOLAH,06-01-2026,08-01-2026,PRASEKOLAH,PERMATA HATI,,PRASEKOLAH,PERDANA / AKADEMIK,TIADA BIDANG,MARIANA BINTI KASSIM,LELAKI,BUGIS,ISLAM,WARGANEGARA,,,,,,,,,,,,,,SAMSUL BIN MOHD ANWAR,730510126207,KAD PENGENALAN,BAPA KANDUNG,KERANI LADANG,BEKERJA,AVITO HONG DAA YEE,3200,0138374277,01131631186,3,ROSMIATI BINTI KARE,E9993561,NOMBOR PASPORT,IBU KANDUNG,,TIDAK BEKERJA,,0,,0143301125,KAMPUNG BARU RANGGU BT 10,JALAN HAJI OSMAN,TAWAU SABAH,91000,TAWAU,PENAMPANG,SABAH
66,251201096606,MUHAMMAD ILYAS BIN YU KISMAN,200530121165,KAD PENGENALAN,30-05-2020,BERSEKOLAH,06-01-2026,09-01-2026,PRASEKOLAH,PERMATA HATI,,PRASEKOLAH,PERDANA / AKADEMIK,TIADA BIDANG,MARIANA BINTI KASSIM,LELAKI,BUGIS,ISLAM,WARGANEGARA,,,,,,,,,,,,,,YU KISMAN BIN WAHJUDIN,860529495745,KAD PENGENALAN,BAPA KANDUNG,BEKERJA SENDIRI,TIDAK BEKERJA,WAHJUDIN,1200,,0164735687,1,JANIA BINTI JAMAL,C3833264,NOMBOR PASPORT,IBU KANDUNG,,TIDAK BEKERJA,,0,,0143577611,KAMPUNG RANGGU,BATU 10,,91000,TAWAU,PENAMPANG,SABAH
67,251201159204,MUHAMMAD NAQIF BIN MOHD RAZLAN,200712040139,KAD PENGENALAN,12-07-2020,BERSEKOLAH,06-01-2026,08-01-2026,PRASEKOLAH,PERMATA HATI,,PRASEKOLAH,PERDANA / AKADEMIK,TIADA BIDANG,MARIANA BINTI KASSIM,LELAKI,SULUK,ISLAM,WARGANEGARA,,,,,,,,,,,,,,MOHD RAZLAN BIN KASMAN,910526125629,KAD PENGENALAN,BAPA KANDUNG,,TIDAK BEKERJA,,1500,,0149064030,1,,,,,,,,,,,"304, LORONG SAUJANA B,",TAMAN RANGGU SAUJANA,,91000,TAWAU,PENAMPANG,SABAH
68,251201096611,MUHAMMAD QAYYUM RIZQI BIN MOHD ZAHIN ZAINULARIFFIN,200309120841,KAD PENGENALAN,09-03-2020,BERSEKOLAH,06-01-2026,09-01-2026,PRASEKOLAH,PERMATA HATI,,PRASEKOLAH,PERDANA / AKADEMIK,TIADA BIDANG,MARIANA BINTI KASSIM,LELAKI,MELAYU,ISLAM,WARGANEGARA,,,,,,,,,,,,,,NURSYAFINA BINTI SUHAIMI,991013128522,KAD PENGENALAN,IBU KANDUNG,,TIDAK BEKERJA,,0,,0105617242,5,MOHD ZAHIN ZAINULARIFFIN BIN MOHAMED NOR,990319126533,KAD PENGENALAN,BAPA KANDUNG,PENGAWAL KESELAMATAN,BEKERJA,WIRA SECURITY,1700,0105617242,0103937781,KAMPUNG RANGGU,BATU 10 JALAN APAS,PETI SURAT 17,91007,TAWAU,PENAMPANG,SABAH
69,251202292714,NUR ALIYAH DELISHA BINTI ASDI,200701120758,KAD PENGENALAN,01-07-2020,BERSEKOLAH,06-01-2026,08-01-2026,PRASEKOLAH,PERMATA HATI,,PRASEKOLAH,PERDANA / AKADEMIK,TIADA BIDANG,MARIANA BINTI KASSIM,PEREMPUAN,BUGIS,ISLAM,WARGANEGARA,,,,,,,,,,,,,,ASDI BIN BEDDU,770807125893,KAD PENGENALAN,BAPA KANDUNG,PEMANDU LORI,BEKERJA,MUSKIN,1200,01131530488,01131530488,6,MAS RINA BINTI MOHAMADIN,820411125144,KAD PENGENALAN,IBU KANDUNG,,TIDAK BEKERJA,,0,,0162437782,TB LOT 22 TAMAN DESA RANGGU BT 9,TB LOT 22 TAMAN DESA RANGGU BT 9,TAWAU,91000,TAWAU,PENAMPANG,SABAH
70,261202206141,NUR HAMIZAH BINTI SUHARDI,200504121268,KAD PENGENALAN,04-05-2020,BERSEKOLAH,09-01-2026,09-01-2026,PRASEKOLAH,PERMATA HATI,,PRASEKOLAH,PERDANA / AKADEMIK,TIADA BIDANG,MARIANA BINTI KASSIM,PEREMPUAN,BUGIS,ISLAM,WARGANEGARA,,,,,,,,,,,,,,SUHARDI BIN SUKUR,C7730380,NOMBOR PASPORT,BAPA KANDUNG,BEKERJA SENDIRI,TIDAK BEKERJA,SUHARDI BIN SUKUR,700,,0178395568,6,HASNANI BINTI BACHO,881211495270,KAD PENGENALAN,IBU KANDUNG,,TIDAK BEKERJA,,0,,0178395568,"KG. RANGGU, BATU 9, JLN RANGGU",,,91000,TAWAU,PENAMPANG,SABAH
71,261201001763,NUR SHAZIA SYUMAYYAH BINTI AZMAN,200131120608,KAD PENGENALAN,31-01-2020,BERSEKOLAH,06-01-2026,08-01-2026,PRASEKOLAH,PERMATA HATI,,PRASEKOLAH,PERDANA / AKADEMIK,TIADA BIDANG,MARIANA BINTI KASSIM,PEREMPUAN,BAJAU,ISLAM,WARGANEGARA,,,,,,,,,,,,,,,,,,,,,,,,4,AZMAN BIN BUSSARA,940102126959,KAD PENGENALAN,BAPA KANDUNG,ANGGOTA POLIS TENTERA,BEKERJA,8 REJIMEN SEMPADAN,2236.49,0899917004,0149673085,TB18419 LORONG 1/5,"FASA 5C, KM 15",BANDAR SRI INDAH,91000,TAWAU,PENAMPANG,SABAH
72,251202626922,NUREEN RAFIQAH BINTI ZULFIKA,201221120526,KAD PENGENALAN,21-12-2020,BERSEKOLAH,09-01-2026,09-01-2026,PRASEKOLAH,PERMATA HATI,,PRASEKOLAH,PERDANA / AKADEMIK,TIADA BIDANG,MARIANA BINTI KASSIM,PEREMPUAN,BAJAU,ISLAM,WARGANEGARA,,,,,,,,,,,,,,ZULFIKA BIN OMAR KASA,850817126179,KAD PENGENALAN,BAPA KANDUNG,,TIDAK BEKERJA,,1521.55,,0182309849,4,FAIDAH BINTI ASSALI,870922495716,KAD PENGENALAN,IBU KANDUNG,,,,,,,PERUMAHAN KILANG AYAM,JALAN BATU 8 RANGGU,,91000,TAWAU,PENAMPANG,SABAH
73,261202209000,QAIRATUN AISYAH BINTI ABDUL RAHMAT,200522121210,KAD PENGENALAN,22-05-2020,BERSEKOLAH,09-01-2026,09-01-2026,PRASEKOLAH,PERMATA HATI,,PRASEKOLAH,PERDANA / AKADEMIK,TIADA BIDANG,MARIANA BINTI KASSIM,PEREMPUAN,BAJAU,ISLAM,WARGANEGARA,,,,,,,,,,,,,,ABDUL RAHMAT BIN MALIULLAH,801004126103,KAD PENGENALAN,BAPA KANDUNG,KERANI ADUAN PELANGGAN,BEKERJA,JPNIN,3357.2,01008977734,0177494348,8,,,,,,,,,,,"TB 584 , LORONG 11, RESIDENSI RANGGU 2",TMN PRIMA RANGGU,JALAN BATU 12,91000,TAWAU,PENAMPANG,SABAH
74,251201365387,UMMU ZAFIRAH BINTI SUDIRMAN,200226120328,KAD PENGENALAN,26-02-2020,BERSEKOLAH,06-01-2026,08-01-2026,PRASEKOLAH,PERMATA HATI,,PRASEKOLAH,PERDANA / AKADEMIK,TIADA BIDANG,MARIANA BINTI KASSIM,PEREMPUAN,INDONESIA,ISLAM,WARGANEGARA,,,,,,,,,,,,,,,,,,,,,,,,3,SUDIRMAN BIN LAODING,890120125391,KAD PENGENALAN,BAPA KANDUNG,BEKERJA SENDIRI,BEKERJA,SUDIRMAN BIN LAODING,1500,01131574831,01131574831,KAMPUNG RANGGU BATU 10 JALAN APAS,,,91000,TAWAU,PENAMPANG,SABAH
75,261203163784,ABANG ANAQI BIN ABDULLAH,190903130835,KAD PENGENALAN,03-09-2019,BERSEKOLAH,08-01-2026,08-01-2026,TAHUN SATU,ILTIZAM,,BIASA,PERDANA / AKADEMIK,TIADA BIDANG,NOOR SYAFIQAH NADHIRAH BINTI JAMALUDDIN,LELAKI,IBAN ATAU SEA DAYAK,ISLAM,WARGANEGARA,,,,,,,,,,,,,,ABANG NURABASS BIN ABANG SHARIF,961028135795,KAD PENGENALAN,BAPA KANDUNG,ANGGOTA POLIS TENTERA,BEKERJA,MUHAMAD FAZRUL KAMIL BIN ANUAR,2355,0199974585,0198478223,5,NUR AZLINDA BINTI MUHAMMAD SABLE,990306136134,KAD PENGENALAN,IBU KANDUNG,,TIDAK BEKERJA,,0,,0139084142,TB 20079 LOT G-01-10,APARTMENT VILLA SRI INDAH,FASA 2 JALAN APAS BT 10,91000,TAWAU,PENAMPANG,SABAH
76,261203163832,AHMAD ABDULLAH BIN ARIF,190718120475,KAD PENGENALAN,18-07-2019,BERSEKOLAH,08-01-2026,08-01-2026,TAHUN SATU,ILTIZAM,,BIASA,PERDANA / AKADEMIK,TIADA BIDANG,NOOR SYAFIQAH NADHIRAH BINTI JAMALUDDIN,LELAKI,BUGIS,ISLAM,WARGANEGARA,,,,,,,,,,,,,,ARIF BIN LAIMAN,851209125337,KAD PENGENALAN,BAPA KANDUNG,,TIDAK BEKERJA,,3315,,0165556042,6,DARMAWATI BTE LOKKONG,850603126042,KAD PENGENALAN,IBU KANDUNG,GURU,TIDAK BEKERJA,KEMENTERIAN PENDIDIKAN MALAYSIA,9296.18,,0138575338,TB234 LOT282,TAMAN RANGGU SAUJANA,,91000,TAWAU,PENAMPANG,SABAH
77,261203164237,AHMAD AQIL BIN AMRAN,190115120361,KAD PENGENALAN,15-01-2019,BERSEKOLAH,10-02-2026,11-02-2026,TAHUN SATU,ILTIZAM,,BIASA,PERDANA / AKADEMIK,TIADA BIDANG,NOOR SYAFIQAH NADHIRAH BINTI JAMALUDDIN,LELAKI,TIDUNG,ISLAM,WARGANEGARA,,,,,,,,,,,,,,HERMAYANI LACINTA,C9605605,NOMBOR PASPORT,IBU KANDUNG,,,,,,01009014229,1,AMRAN BIN AMIN,870105125117,KAD PENGENALAN,LAIN-LAIN,PEMANDU,,TAWAU TRANSPORT ENTERPRISE,1700,01110778090,0105861998,SERI APAS PPR BT8,BLOK C,C3-7,91000,TAWAU,PENAMPANG,SABAH
78,261203163789,AIRAA NURAFIEQAH BINTI ASAS MULIA,190831120266,KAD PENGENALAN,31-08-2019,BERSEKOLAH,08-01-2026,08-01-2026,TAHUN SATU,ILTIZAM,,BIASA,PERDANA / AKADEMIK,TIADA BIDANG,NOOR SYAFIQAH NADHIRAH BINTI JAMALUDDIN,PEREMPUAN,SULUK,ISLAM,WARGANEGARA,,,,,,,,,,,,,,,,,,,,,,,,4,ASAS MULIA BIN ABU BAKAR,861219495613,KAD PENGENALAN,BAPA KANDUNG,BEKERJA SENDIRI,BEKERJA,TIADA,1000,0166877102,0166877102,BATU 9,JALAN RANGGU,TAWAU SABAH,91000,TAWAU,PENAMPANG,SABAH
79,261203163807,AQMAR ZIQRI BIN MUHAMMAD SYAFFIEE,190903120901,KAD PENGENALAN,03-09-2019,BERSEKOLAH,08-01-2026,08-01-2026,TAHUN SATU,ILTIZAM,,BIASA,PERDANA / AKADEMIK,TIADA BIDANG,NOOR SYAFIQAH NADHIRAH BINTI JAMALUDDIN,LELAKI,IBAN ATAU SEA DAYAK,ISLAM,WARGANEGARA,,,,,,,,,,,,,,MUHAMMAD SYAFFIEE BIN ENCHARANG,930906126285,KAD PENGENALAN,BAPA KANDUNG,PEMANDU LORI,TIDAK BEKERJA,SABTURIA SDN.BHD,1000,,01169927509,3,NURUL IZZATI BINTI MAIRI,931205126084,KAD PENGENALAN,IBU KANDUNG,JURUJUAL (GERAI/PROMOTER) GRED K,BEKERJA,I OPTICS SABINDO,1500,0198340711,0165527508,KAMPUNG RANGGU LORONG OT MAMANGKU,,,91000,TAWAU,PENAMPANG,SABAH
80,261203163841,DANIELLA ALEESA DIDDY LIEW BINTI ABDULLAH,190424121114,KAD PENGENALAN,24-04-2019,BERSEKOLAH,08-01-2026,08-01-2026,TAHUN SATU,ILTIZAM,,BIASA,PERDANA / AKADEMIK,TIADA BIDANG,NOOR SYAFIQAH NADHIRAH BINTI JAMALUDDIN,PEREMPUAN,BUGIS,ISLAM,WARGANEGARA,,,,,,,,,,,,,,,,,,,,,,,,1,JUNAIDLY LIEW KONG CUNG,860825125255,KAD PENGENALAN,BAPA KANDUNG,PENGURUS KONTRAK PEMBINAAN,BEKERJA,DANIYA CORPORATION,2500,0168250550,0168250550,TB18541 FASA 5C 1/6 BANDAR SRI INDAH,,,91000,TAWAU,PENAMPANG,SABAH
81,261203163772,DHAFEEYA RYHANA BINTI SAHARUDDIN,190330120938,KAD PENGENALAN,30-03-2019,BERSEKOLAH,08-01-2026,08-01-2026,TAHUN SATU,ILTIZAM,,BIASA,PERDANA / AKADEMIK,TIADA BIDANG,NOOR SYAFIQAH NADHIRAH BINTI JAMALUDDIN,PEREMPUAN,BUGIS,ISLAM,WARGANEGARA,,,,,,,,,,,,,,FARIDAH BINTI BAKRI,870628495424,KAD PENGENALAN,IBU KANDUNG,KAKITANGAN SWASTA,BEKERJA,SEDAFIAT TAWAU,1985.66,089770670,0168435417,4,,,,,,,,,,,TB 346 TAMAN RANGGU SAUJANA,,,91000,TAWAU,PENAMPANG,SABAH
82,251201137571,HAMIZAH SYAFIRA BINTI HAZMI,191202120268,KAD PENGENALAN,02-12-2019,BERSEKOLAH,08-01-2026,08-01-2026,TAHUN SATU,ILTIZAM,,BIASA,PERDANA / AKADEMIK,TIADA BIDANG,NOOR SYAFIQAH NADHIRAH BINTI JAMALUDDIN,PEREMPUAN,SULUK,ISLAM,WARGANEGARA,,,,,,,,,,,,,,HAZMI BIN HASSIM,800722126015,KAD PENGENALAN,BAPA KANDUNG,BEKERJA SENDIRI,BEKERJA,HAZMI HASSIM,1500,0135551913,0135551913,3,ROSMI BINTI MADIA,820429125492,KAD PENGENALAN,IBU KANDUNG,,TIDAK BEKERJA,,0,,0135551913,KAMPUNG RANGGU BATU 9,,,91000,TAWAU,PENAMPANG,SABAH
83,251201155888,MASRAFIZZI BIN MASLI,190725121513,KAD PENGENALAN,25-07-2019,BERSEKOLAH,08-01-2026,08-01-2026,TAHUN SATU,ILTIZAM,,BIASA,PERDANA / AKADEMIK,TIADA BIDANG,NOOR SYAFIQAH NADHIRAH BINTI JAMALUDDIN,LELAKI,FILIPINO,ISLAM,WARGANEGARA,,,,,,,,,,,,,,MASLI BIN ISMAIL,800802126381,KAD PENGENALAN,BAPA KANDUNG,,TIDAK BEKERJA,,2100,,01119946783,12,SAMODRA BINTI BORA,P7359338A,NOMBOR PASPORT,IBU KANDUNG,,TIDAK BEKERJA,,0,,01119946783,RANGGU KAMPUNG CINA JALAN APAS BATU8,,,91000,TAWAU,PENAMPANG,SABAH
84,251201362566,MOHAMMAD HAKIMI BIN JASMYN,191107120569,KAD PENGENALAN,07-11-2019,BERSEKOLAH,08-01-2026,08-01-2026,TAHUN SATU,ILTIZAM,,BIASA,PERDANA / AKADEMIK,TIADA BIDANG,NOOR SYAFIQAH NADHIRAH BINTI JAMALUDDIN,LELAKI,BAJAU,ISLAM,WARGANEGARA,,,,,,,,,,,,,,JASMYN BIN MOHD SAKKUL,840904125693,KAD PENGENALAN,BAPA KANDUNG,KAKITANGAN SWASTA,BEKERJA,ULTIMATE RESERVES SDN BHD,2334,0135529339,0138811371,7,,,,,,,,,,,JALAN APAS BATU 8,KAMPUNG RANGGU,LORONG OT MAMANGKU BATU 9,91000,TAWAU,PENAMPANG,SABAH
85,261202289227,MOHAMMAD SYAIR BIN ABDULLAH,097835XAH,SIJIL LAHIR,10-09-2019,BERSEKOLAH,09-04-2026,04-05-2026,TAHUN SATU,ILTIZAM,,BIASA,PERDANA / AKADEMIK,TIADA BIDANG,NOOR SYAFIQAH NADHIRAH BINTI JAMALUDDIN,LELAKI,BUGIS,ISLAM,BUKAN WARGANEGARA,MALAYSIA,,,,,,,,,,,,,,,,,,,,,,,,,,,,,,,,,,,,,,,,
86,261203163828,MUHAMAD IZZ SUFI BIN MUHAMAD SUFRI,190109120381,KAD PENGENALAN,09-01-2019,BERSEKOLAH,08-01-2026,08-01-2026,TAHUN SATU,ILTIZAM,,BIASA,PERDANA / AKADEMIK,TIADA BIDANG,NOOR SYAFIQAH NADHIRAH BINTI JAMALUDDIN,LELAKI,JAWA,ISLAM,WARGANEGARA,,,,,,,,,,,,,,MUHAMAD SUFRI BIN YATIMIN,830728125555,KAD PENGENALAN,BAPA KANDUNG,PEMANDU,TIDAK BEKERJA,JABATAN PENDIDIKAN,3197.07,,0165859214,6,ROSITA BINTI SARAIL,850128125840,KAD PENGENALAN,LAIN-LAIN,PEGAWAI IMIGRESEN GRED KP,TIDAK BEKERJA,JABATAN IMIGRESEN MALAYSIA,4396.15,,0146514384,BATU 10 1/2 JALAN LORONG BATU HIDUP,TAWAU SABAH,,91000,TAWAU,PENAMPANG,SABAH
87,261203163796,MUHAMMAD AFFIAN FARHAN BIN FARI AKBAR NOR,191009121277,KAD PENGENALAN,09-10-2019,BERSEKOLAH,08-01-2026,08-01-2026,TAHUN SATU,ILTIZAM,,BIASA,PERDANA / AKADEMIK,TIADA BIDANG,NOOR SYAFIQAH NADHIRAH BINTI JAMALUDDIN,LELAKI,MELAYU,ISLAM,WARGANEGARA,,,,,,,,,,,,,,FARI AKBAR NOR BIN FARIDU,751215025545,KAD PENGENALAN,BAPA KANDUNG,,TIDAK BEKERJA,,1200,,01114121787,4,SAMSI BINTI DAHALAN,850423126360,KAD PENGENALAN,IBU KANDUNG,,TIDAK BEKERJA,,1200,,01131484579,F2-6 PPR TAMAN SRI APAS,BATU 8 JALAN APAS,,91000,TAWAU,PENAMPANG,SABAH
88,261203163842,MUHAMMAD AMMAR SUFYAN BIN MUHAMMAD ARIF,190922121141,KAD PENGENALAN,22-09-2019,BERSEKOLAH,08-01-2026,08-01-2026,TAHUN SATU,ILTIZAM,,BIASA,PERDANA / AKADEMIK,TIADA BIDANG,NOOR SYAFIQAH NADHIRAH BINTI JAMALUDDIN,LELAKI,MELAYU,ISLAM,WARGANEGARA,,,,,,,,,,,,,,MUHAMMAD ARIF BIN RAMLAN,971013055185,KAD PENGENALAN,BAPA KANDUNG,PENGURUS PEMASARAN,BEKERJA,MARHUM BIN TOHING,1500,01124468313,01135807313,5,RAIHANA BINTI MARHUM,970824126472,KAD PENGENALAN,IBU KANDUNG,,TIDAK BEKERJA,,0,,0115407313,"TB. 13807, LOT 2085, BANDAR SRI INDAH",,,91000,TAWAU,PENAMPANG,SABAH
89,261203163836,MUHAMMAD BAIHAQQIE BIN ISMAIL,190824120735,KAD PENGENALAN,24-08-2019,BERSEKOLAH,08-01-2026,08-01-2026,TAHUN SATU,ILTIZAM,,BIASA,PERDANA / AKADEMIK,TIADA BIDANG,NOOR SYAFIQAH NADHIRAH BINTI JAMALUDDIN,LELAKI,BAJAU,ISLAM,WARGANEGARA,,,,,,,,,,,,,,ISMAIL BIN IBRAHIM,930304125189,KAD PENGENALAN,BAPA KANDUNG,BEKERJA SENDIRI,BEKERJA,AURA IT,10000,0138694439,0138694439,3,ERRA NUR FAZIRAH BINTI MOSTAPAH,931111125814,KAD PENGENALAN,IBU KANDUNG,,TIDAK BEKERJA,,0,,0135405730,TB15913 FASA 3/6,BANDAR SRI INDAH,BATU10 JALAN APAS,91000,TAWAU,PENAMPANG,SABAH
90,261203163802,MUHAMMAD FAYYADH BIN GANI,190929121291,KAD PENGENALAN,29-09-2019,BERSEKOLAH,08-01-2026,08-01-2026,TAHUN SATU,ILTIZAM,,BIASA,PERDANA / AKADEMIK,TIADA BIDANG,NOOR SYAFIQAH NADHIRAH BINTI JAMALUDDIN,LELAKI,BUGIS,ISLAM,WARGANEGARA,,,,,,,,,,,,,,IDAH BINTI APONG,830102125334,KAD PENGENALAN,IBU KANDUNG,KERANI AM PEJABAT,BEKERJA,ULTIMATE RESERVES SDN BHD,2000,0138816044,0143759412,7,GANI BIN JILLAHANI,C9624307,NOMBOR PASPORT,BAPA KANDUNG,BEKERJA SENDIRI,BEKERJA,TIADA,500,0164732540,0164732540,BT 10 KG RANGGU JALAN RANCANGAN MAHMUD,,,91000,TAWAU,PENAMPANG,SABAH
91,261203163810,MUHAMMAD MUNTAZHOR BIN QORIK HAKIKI,191222121401,KAD PENGENALAN,22-12-2019,BERSEKOLAH,08-01-2026,08-01-2026,TAHUN SATU,ILTIZAM,,BIASA,PERDANA / AKADEMIK,TIADA BIDANG,NOOR SYAFIQAH NADHIRAH BINTI JAMALUDDIN,LELAKI,MELAYU,ISLAM,WARGANEGARA,,,,,,,,,,,,,,WAN ASMIDAR BINTI WAN ISMAIL,820601035684,KAD PENGENALAN,IBU KANDUNG,GURU,BEKERJA,SK KINABUTAN BESAR,9600,089774235,0166092614,5,QORIK HAKIKI BIN ABDULLAH,C9620563,NOMBOR PASPORT,BAPA KANDUNG,PENGAMAL PERUBATAN HERBA,BEKERJA,DARUL HAYAH,2000,01164818879,01164818879,TB 543 LOT 371 TYPE C,"TMN RANGGU SAUJANA, FASA 3",JLN RANGGU,91000,TAWAU,PENAMPANG,SABAH
92,250101116902,MUHAMMAD RAZIQ BIN RAMAN,190227120681,KAD PENGENALAN,27-02-2019,BERSEKOLAH,08-01-2026,08-01-2026,TAHUN SATU,ILTIZAM,,BIASA,PERDANA / AKADEMIK,TIADA BIDANG,NOOR SYAFIQAH NADHIRAH BINTI JAMALUDDIN,LELAKI,TIDUNG,ISLAM,WARGANEGARA,,,,,,,,,,,,,,,,,,,,,,,,2,RAMAN BIN IRITAJI,910912126013,KAD PENGENALAN,BAPA KANDUNG,BURUH PEMBINAAN (KERJA BANGUNAN),BEKERJA,K.F CHONG,1500,0197783166,0124833260,RUMAH NO 2 LORANG BERKAT KAMPUNG RANGGU,JALAN RANGGU BATU 9 TAWAU SABAH,,91000,TAWAU,PENAMPANG,SABAH
93,261203163776,MUHAMMAD SYUIFF AIMAN BIN MOHD ADZMEL,191121120725,KAD PENGENALAN,21-11-2019,BERSEKOLAH,08-01-2026,08-01-2026,TAHUN SATU,ILTIZAM,,BIASA,PERDANA / AKADEMIK,TIADA BIDANG,NOOR SYAFIQAH NADHIRAH BINTI JAMALUDDIN,LELAKI,IBAN ATAU SEA DAYAK,ISLAM,WARGANEGARA,,,,,,,,,,,,,,MOHD ADZMEL BIN ABD SANI,921022126541,KAD PENGENALAN,BAPA KANDUNG,PEMANDU,BEKERJA,TAHING HARDWARE,1000,0106583378,0143549366,4,ADZMILEN ADUL ABDULLAH,960610126224,KAD PENGENALAN,IBU KANDUNG,,TIDAK BEKERJA,,0,,01126413738,KAMPUNG RANGGU,BATU 10,,91000,TAWAU,PENAMPANG,SABAH
94,261203163780,NUR AIRA SOFIA BINTI RAHMAT ALI,190319121104,KAD PENGENALAN,19-03-2019,BERSEKOLAH,08-01-2026,08-01-2026,TAHUN SATU,ILTIZAM,,BIASA,PERDANA / AKADEMIK,TIADA BIDANG,NOOR SYAFIQAH NADHIRAH BINTI JAMALUDDIN,PEREMPUAN,BUGIS,ISLAM,WARGANEGARA,,,,,,,,,,,,,,RAHMAT ALI BIN SULLA,770911125869,KAD PENGENALAN,BAPA KANDUNG,PEMANDU LORI,BEKERJA,WCK TRADING SDN BHD,1000,0355258559,0178981224,4,NURENI BINTI NURDIN,831103125584,KAD PENGENALAN,IBU KANDUNG,,TIDAK BEKERJA,,0,,0178956447,LOT 76,TAMAN DESA RANGGU,BATU 9 JALAN RANGGU,91000,TAWAU,PENAMPANG,SABAH
95,261203163781,NUR ALINA BINTI ABDUL HADI,190210120124,KAD PENGENALAN,10-02-2019,BERSEKOLAH,08-01-2026,08-01-2026,TAHUN SATU,ILTIZAM,,BIASA,PERDANA / AKADEMIK,TIADA BIDANG,NOOR SYAFIQAH NADHIRAH BINTI JAMALUDDIN,PEREMPUAN,BAJAU,ISLAM,WARGANEGARA,,,,,,,,,,,,,,ABDUL HADI BIN RUDDANI,841101126259,KAD PENGENALAN,BAPA KANDUNG,BURUH PERHUTANAN,TIDAK BEKERJA,JABATAN PERHUTANAN SABAH,2199,,0138810991,2,NUR AKMA BINTI SALIAN,900404126288,KAD PENGENALAN,IBU KANDUNG,,,,,,,"TB 302, LORONG 6-2/2,","JALAN RESIDENSI RANGGU 2,",RESIDENSI PRIMA RANGGU.,91000,TAWAU,PENAMPANG,SABAH
96,261203163814,NUR FAIZAH BINTI AWAL,190402120532,KAD PENGENALAN,02-04-2019,BERSEKOLAH,08-01-2026,08-01-2026,TAHUN SATU,ILTIZAM,,BIASA,PERDANA / AKADEMIK,TIADA BIDANG,NOOR SYAFIQAH NADHIRAH BINTI JAMALUDDIN,PEREMPUAN,BUGIS,ISLAM,WARGANEGARA,,,,,,,,,,,,,,AWAL BIN SALEH,C7728099,NOMBOR PASPORT,BAPA KANDUNG,,TIDAK BEKERJA,,2100,,01116011444,6,DARMAWATI BINTI JAPAR,851016125154,KAD PENGENALAN,IBU KANDUNG,,TIDAK BEKERJA,,0,,01118795154,KAMPUNG RANGGU,BATU 9,JALAN OT MAMANGKU,91000,TAWAU,PENAMPANG,SABAH
97,261203163815,NUR HAWANIE AZZAHRA BINTI HERMAN,190624120474,KAD PENGENALAN,24-06-2019,BERSEKOLAH,08-01-2026,08-01-2026,TAHUN SATU,ILTIZAM,,BIASA,PERDANA / AKADEMIK,TIADA BIDANG,NOOR SYAFIQAH NADHIRAH BINTI JAMALUDDIN,PEREMPUAN,BAJAU,ISLAM,WARGANEGARA,,,,,,,,,,,,,,HERMAN BIN INJAU,790215125759,KAD PENGENALAN,BAPA KANDUNG,JURUTEKNIK,BEKERJA,PUSPAKOM SDN BHD,4269,089913018,0145533002,4,AZIRA BTE HAMDAN,861010125128,KAD PENGENALAN,IBU KANDUNG,KERANI BANK,BEKERJA,BANK ISLAM MALAYSIA BERHAD,8000,089730986,0189730038,KAMPUNG RANGGU,LORONG ISNIRA IBRAHIM,BATU 10 JALAN APAS,91000,TAWAU,PENAMPANG,SABAH
98,251202336499,NUR NAZZAHRAH NAFISHA BINTI MOHAMMAD NAZRIN,190412120210,KAD PENGENALAN,12-04-2019,BERSEKOLAH,08-01-2026,08-01-2026,TAHUN SATU,ILTIZAM,,BIASA,PERDANA / AKADEMIK,TIADA BIDANG,NOOR SYAFIQAH NADHIRAH BINTI JAMALUDDIN,PEREMPUAN,BUGIS,ISLAM,WARGANEGARA,,,,,,,,,,,,,,,,,,,,,,,,7,MOHAMMAD NAZRIN BIN HASSAN,890529125215,KAD PENGENALAN,BAPA KANDUNG,PEMANDU,TIDAK BEKERJA,NAZZAHRAH ENTERPRISE,2000,,0194973759,LOT 148 BLOK 20 TAMAN PERWIRA,FASA 2 JLN RANGGU,,91000,TAWAU,PENAMPANG,SABAH
99,261203163818,NUR SYIFA AZAHRA BINTI ABDULLAH,190117121376,KAD PENGENALAN,17-01-2019,BERSEKOLAH,08-01-2026,08-01-2026,TAHUN SATU,ILTIZAM,,BIASA,PERDANA / AKADEMIK,TIADA BIDANG,NOOR SYAFIQAH NADHIRAH BINTI JAMALUDDIN,PEREMPUAN,BUGIS,ISLAM,WARGANEGARA,,,,,,,,,,,,,,MUSLIH BIN HUSEN,690421125399,KAD PENGENALAN,DATUK,BEKERJA SENDIRI,BEKERJA,KAMPUNG RANGGU,1200,01124706067,01124706067,1,RITTA BINTI PALUANGAN,C7627572,NOMBOR PASPORT,NENEK,,TIDAK BEKERJA,,0,,0109213315,KAMPUNG RANGGU,BATU 10 JALAN RANGGU,,91000,TAWAU,PENAMPANG,SABAH
100,261203163820,NURUL ASSYIFA AWADAH BINTI MOHD FAIZAL,190315121094,KAD PENGENALAN,15-03-2019,BERSEKOLAH,08-01-2026,08-01-2026,TAHUN SATU,ILTIZAM,,BIASA,PERDANA / AKADEMIK,TIADA BIDANG,NOOR SYAFIQAH NADHIRAH BINTI JAMALUDDIN,PEREMPUAN,BUGIS,ISLAM,WARGANEGARA,,,,,,,,,,,,,,MOHD FAIZAL BIN ACHO,820721125377,KAD PENGENALAN,BAPA KANDUNG,SARJAN POLIS,BEKERJA,BATALION 14 PASUKAN GERAKAN AM TAWAU,3197.51,089712222,0168365532,4,JUNINAH BINTI MOHAMMAD ZIM,800112125920,KAD PENGENALAN,IBU KANDUNG,,TIDAK BEKERJA,,0,,0168365732,"TB 70,LOT 70","LORONG SAUJANA 1,TAMAN RANGGU SAUJANA,",BT.10 JALAN RANGGU,91000,TAWAU,PENAMPANG,SABAH
101,261203163823,RAISYA HANINA BINTI RISWANDI,190526120112,KAD PENGENALAN,26-05-2019,BERSEKOLAH,08-01-2026,08-01-2026,TAHUN SATU,ILTIZAM,,BIASA,PERDANA / AKADEMIK,TIADA BIDANG,NOOR SYAFIQAH NADHIRAH BINTI JAMALUDDIN,PEREMPUAN,TIDUNG,ISLAM,WARGANEGARA,,,,,,,,,,,,,,NOR FARAH NAIM BINTI SAMSUDIN,950817125684,KAD PENGENALAN,IBU KANDUNG,,TIDAK BEKERJA,,0,,01131483295,5,RISWANDI BIN HARRIS,900718125851,KAD PENGENALAN,BAPA KANDUNG,PENJAGA STOR,BEKERJA,SABAH ELECTRICITY SDN.BHD,2021,089781557,01131616021,"TB 760, LORONG 12-2/3,","RESIDENSI RANGGU 4,TAMAN PRIMA RANGGU",JLN RANGGU BATU 12,91000,TAWAU,PENAMPANG,SABAH
102,261203163791,SAFYYA ALAYYA BINTI DANA APRIAL PUTRA,191222120556,KAD PENGENALAN,22-12-2019,BERSEKOLAH,08-01-2026,08-01-2026,TAHUN SATU,ILTIZAM,,BIASA,PERDANA / AKADEMIK,TIADA BIDANG,NOOR SYAFIQAH NADHIRAH BINTI JAMALUDDIN,PEREMPUAN,JAWA,ISLAM,WARGANEGARA,,,,,,,,,,,,,,DANA APRIAL PUTRA BIN GATOT RISDIANTO,910420125663,KAD PENGENALAN,BAPA KANDUNG,JURUTEKNIK,BEKERJA,BUMI BAROKAH ENTERPRISE,1500,0168364957,0102004124,3,ZULAIKHA BINTI JAMAHANI,910930126156,KAD PENGENALAN,IBU KANDUNG,,TIDAK BEKERJA,,0,,01110026156,TB248 LORONG 4 TAMAN RANGGU SAUJANA,,,91000,TAWAU,PENAMPANG,SABAH
103,251202292775,SHAFIQ IMAN BIN SHARDIANSHA,191022120017,KAD PENGENALAN,22-10-2019,BERSEKOLAH,08-01-2026,08-01-2026,TAHUN SATU,ILTIZAM,,BIASA,PERDANA / AKADEMIK,TIADA BIDANG,NOOR SYAFIQAH NADHIRAH BINTI JAMALUDDIN,LELAKI,BUGIS,ISLAM,WARGANEGARA,,,,,,,,,,,,,,SHARDIANSHA BIN SAMSUDDIN,871118496253,KAD PENGENALAN,BAPA KANDUNG,KAKITANGAN SWASTA,BEKERJA,SABAH ELECTRICITY SDN BHD,5000,0135570831,0135570831,3,HASRIANI BINTI LANGAMPO,880515495742,KAD PENGENALAN,IBU KANDUNG,,,,,,0143008898,"642, LORONG 11,",JALAN RESIDENDSI RANGGU 4,RESIDENSI RANGGU,91000,TAWAU,PENAMPANG,SABAH
104,241202288448,SITI AMIRAH BINTI SUDIRMAN,190301120656,KAD PENGENALAN,01-03-2019,BERSEKOLAH,09-02-2026,09-02-2026,TAHUN SATU,ILTIZAM,,BIASA,PERDANA / AKADEMIK,TIADA BIDANG,NOOR SYAFIQAH NADHIRAH BINTI JAMALUDDIN,PEREMPUAN,TIDUNG,ISLAM,WARGANEGARA,,,,,,,,,,,,,,SABARIA BINTI HAMZAH,870814495292,KAD PENGENALAN,IBU KANDUNG,,TIDAK BEKERJA,,1500,,0129232306,5,,,,,,,,,,,KG RANGGU LORONG MAHMUD NO 74,,,91000,TAWAU,PENAMPANG,SABAH
105,261203163794,SITI NUR RASYIIDAH AUNI BINTI MISDE,191223120494,KAD PENGENALAN,23-12-2019,BERSEKOLAH,08-01-2026,08-01-2026,TAHUN SATU,ILTIZAM,,BIASA,PERDANA / AKADEMIK,TIADA BIDANG,NOOR SYAFIQAH NADHIRAH BINTI JAMALUDDIN,PEREMPUAN,JAWA,ISLAM,WARGANEGARA,,,,,,,,,,,,,,,,,,,,,,,,4,SABARIAH BINTI SAKIR,800309126118,KAD PENGENALAN,IBU KANDUNG,,TIDAK BEKERJA,,500,,01151675066,KAMPUNG RANGGU BT10 JALAN APAS,LORONG OT MAMANGKU,91000 TAWAU SABAH,91000,TAWAU,PENAMPANG,SABAH
106,241201348884,WILDAN HAKIM BIN ZAINULALIM,190311101993,KAD PENGENALAN,11-03-2019,BERSEKOLAH,08-01-2026,08-01-2026,TAHUN SATU,ILTIZAM,,BIASA,PERDANA / AKADEMIK,TIADA BIDANG,NOOR SYAFIQAH NADHIRAH BINTI JAMALUDDIN,LELAKI,MELAYU,ISLAM,WARGANEGARA,,,,,,,,,,,,,,ZAINULALIM BIN SAMSUDIN,780525105463,KAD PENGENALAN,BAPA KANDUNG,PENGURUS BESAR,BEKERJA,KMI TAWAU MEDICAL CENTRE,16000,089771873,0125789255,4,NORFALIDA BINTI MOHD ALI,780905016008,KAD PENGENALAN,IBU KANDUNG,,TIDAK BEKERJA,,0,,0127671102,"19023, LORONG SRI INDAH 5B 1/2",BANDAR SRI INDAH,,91000,TAWAU,PENAMPANG,SABAH
107,231203012233,AAFIYAH FALISHA BINTI MUSTAMIN,190923120810,KAD PENGENALAN,23-09-2019,BERSEKOLAH,08-01-2026,08-01-2026,TAHUN SATU,JAYYID,,BIASA,PERDANA / AKADEMIK,TIADA BIDANG,NORLINA BINTI BAGWAS,PEREMPUAN,BOLONGAN,ISLAM,WARGANEGARA,,,,,,,,,,,,,,SULAILA BINTI AKUI,890506125298,KAD PENGENALAN,IBU KANDUNG,JURURAWAT,BEKERJA,KEMENTERIAN KESIHATAN MALAYSIA,3000,0162333501,0132333501,4,,,,,,,,,,,FASA 5A LORONG 2A  NO 17739,BANDAR SRI INDAH,TAWAU,91000,TAWAU,PENAMPANG,SABAH
108,261203163786,AHMAD FAHYIM BIN SALLEH,190705120927,KAD PENGENALAN,05-07-2019,BERSEKOLAH,08-01-2026,08-01-2026,TAHUN SATU,JAYYID,,BIASA,PERDANA / AKADEMIK,TIADA BIDANG,NORLINA BINTI BAGWAS,LELAKI,BAJAU,ISLAM,WARGANEGARA,,,,,,,,,,,,,,SALLEH BIN ANUDDARI,831008125893,KAD PENGENALAN,BAPA KANDUNG,BEKERJA SENDIRI,BEKERJA,GOLDEN SON,2000,0133334843,0133334843,3,ARNI BINTI ASSAT,850831125818,KAD PENGENALAN,IBU KANDUNG,PEMBANTU TADBIR (PERKERANIAN/OPERASI) GRED N,BEKERJA,POLIS DIRAJA MALAYSIA,3104.83,089752222,0198323907,RESIDENSI PRIMA RANGGU,TB1187 LORONG 17,JALAN RESIDENSI RANGGU RANGGU 5,91000,TAWAU,PENAMPANG,SABAH
109,261203163790,AISY MIKAEL BIN AISAR,190812120965,KAD PENGENALAN,12-08-2019,BERSEKOLAH,08-01-2026,08-01-2026,TAHUN SATU,JAYYID,,BIASA,PERDANA / AKADEMIK,TIADA BIDANG,NORLINA BINTI BAGWAS,LELAKI,BAJAU,ISLAM,WARGANEGARA,,,,,,,,,,,,,,AISAR BIN HAMDAN,931011125673,KAD PENGENALAN,BAPA KANDUNG,,,,,,0127229856,1,NURUL SYUKRIAH BINTI ABDUL WAHAB,930427125840,KAD PENGENALAN,IBU KANDUNG,,,,,,0177081814,"RESIDENSI PRIMA RANGGU,","LORONG 13 2/3, LOT 810, JALAN RANGGU,",,91000,TAWAU,PENAMPANG,SABAH
110,261203163835,ALIFF HURAIRAH BIN JAMALUDDIN,190206121095,KAD PENGENALAN,06-02-2019,BERSEKOLAH,08-01-2026,08-01-2026,TAHUN SATU,JAYYID,,BIASA,PERDANA / AKADEMIK,TIADA BIDANG,NORLINA BINTI BAGWAS,LELAKI,BUGIS,ISLAM,WARGANEGARA,,,,,,,,,,,,,,JAMALUDDIN BIN NORDIN,761216125459,KAD PENGENALAN,BAPA KANDUNG,BURUH PENGGALIAN,BEKERJA,WULLERSDORF RESOURCES,1950,0102889332,0169518717,6,SUMARNIH DARISE,E2946663,NOMBOR PASPORT,IBU KANDUNG,,TIDAK BEKERJA,,0,,01116533187,KG RANGGU,LORONG SERANG GREAT,BATU 10,91010,TAWAU,PENAMPANG,SABAH
111,261203132534,ANGGUN MIKAYLA BINTI MOHD HAMKA,191108120130,KAD PENGENALAN,08-11-2019,BERSEKOLAH,03-02-2026,04-02-2026,TAHUN SATU,JAYYID,,BIASA,PERDANA / AKADEMIK,TIADA BIDANG,NORLINA BINTI BAGWAS,PEREMPUAN,BUGIS,ISLAM,WARGANEGARA,,,,,,,,,,,,,,MOHD HAMKA BIN MUSTAMIN,921110125637,KAD PENGENALAN,BAPA KANDUNG,,TIDAK BEKERJA,,2582.5,,0146765975,2,FITRIYANI BINTI SULTAN,950209125146,KAD PENGENALAN,IBU KANDUNG,,TIDAK BEKERJA,,0,,0128655675,LORONG BERKAT,RANGGU,TAWAU,91000,TAWAU,PENAMPANG,SABAH
112,261203163805,ANNUR SYUHADAH BINTI ADAM,190723120306,KAD PENGENALAN,23-07-2019,BERSEKOLAH,08-01-2026,08-01-2026,TAHUN SATU,JAYYID,,BIASA,PERDANA / AKADEMIK,TIADA BIDANG,NORLINA BINTI BAGWAS,PEREMPUAN,BUGIS,ISLAM,WARGANEGARA,,,,,,,,,,,,,,ADAM BIN RUDDIN,891022126563,KAD PENGENALAN,BAPA KANDUNG,BURUH PEMBUATAN,BEKERJA,MR PANG,1700,0128188081,0128626625,4,JESSICA BINTI TAMISIO,IP12041-6248,NOMBOR PASPORT,IBU KANDUNG,,TIDAK BEKERJA,,0,,0128626625,TAMAN RANGGU SAUJANA,LORONG 4,NO RUMAH 189,91000,TAWAU,PENAMPANG,SABAH
113,261203163808,AZAHRA FALISHA BINTI SABER,190708120172,KAD PENGENALAN,08-07-2019,BERSEKOLAH,08-01-2026,08-01-2026,TAHUN SATU,JAYYID,,BIASA,PERDANA / AKADEMIK,TIADA BIDANG,NORLINA BINTI BAGWAS,PEREMPUAN,BUGIS,ISLAM,WARGANEGARA,,,,,,,,,,,YA (01),,,SABER BIN AMIR JAMAL,B9240537,NOMBOR PASPORT,BAPA KANDUNG,,TIDAK BEKERJA,,0,,01116053905,3,FADILAH BINTI SAIFULLAH,921120127310,KAD PENGENALAN,IBU KANDUNG,JURUWANG,BEKERJA,TAN YONG WEE,1500,0127183983,01116053905,KAMPUNG RANGGU BATU 10 JALAN APAS,,,91000,TAWAU,PENAMPANG,SABAH
114,261203163829,DAYANG AIN AISYAH BINTI MOHD RUZAILIE,190827120730,KAD PENGENALAN,27-08-2019,BERSEKOLAH,08-01-2026,08-01-2026,TAHUN SATU,JAYYID,,BIASA,PERDANA / AKADEMIK,TIADA BIDANG,NORLINA BINTI BAGWAS,PEREMPUAN,MELAYU,ISLAM,WARGANEGARA,,,,,,,,,,,,,,MOHD RUZAILIE BIN ABD. RAHMAN,860912496011,KAD PENGENALAN,BAPA KANDUNG,PENGAJAR PEMANDUAN,TIDAK BEKERJA,INSTITUT MEMANDU CEMERLANG,3500,,0198124848,2,MIRUSELAH BINTI ABDUL LATIF,880305495576,KAD PENGENALAN,IBU KANDUNG,,TIDAK BEKERJA,,0,,0128645388,"GG-17, TAMAN SRI APAS","BATU 8, JALAN APAS",,91000,TAWAU,PENAMPANG,SABAH
115,251201360422,FARAH NURSHELLAH SHAKIRAH BINTI ERDYSHAM @ MOHD ESYAM,190410120030,KAD PENGENALAN,10-04-2019,BERSEKOLAH,08-01-2026,08-01-2026,TAHUN SATU,JAYYID,,BIASA,PERDANA / AKADEMIK,TIADA BIDANG,NORLINA BINTI BAGWAS,PEREMPUAN,BAJAU,ISLAM,WARGANEGARA,,,,,,,,,,,,,,MASYITA BINTI MARSUKI,870819495160,KAD PENGENALAN,IBU KANDUNG,PEGAWAI PENJARA GRED KA,BEKERJA,PENJARA TAWAU,3628,089715535,01110818623,5,,,,,,,,,,,TB 342 TAMAN RANGGU SAUJANA,,,91008,TAWAU,PENAMPANG,SABAH
116,261203163774,HUMAIRAH AQILAH BINTI MOHD HAIRUL AZHAR,190313120450,KAD PENGENALAN,13-03-2019,BERSEKOLAH,08-01-2026,08-01-2026,TAHUN SATU,JAYYID,,BIASA,PERDANA / AKADEMIK,TIADA BIDANG,NORLINA BINTI BAGWAS,PEREMPUAN,BUGIS,ISLAM,WARGANEGARA,,,,,,,,,,,,,,MOHD HAIRUL AZHAR BIN JAWILE,860918495829,KAD PENGENALAN,BAPA KANDUNG,PENYELIA,,GAPMATA SAJIAN SDN BHD,1700,089754184,01126661605,1,SITI FATIMAH BINTI KILAT,880707495296,KAD PENGENALAN,IBU KANDUNG,,,,,,01126661578,KAMPUNG RANGGU LORONG OT MAMANGKU,BATU 9 1/2,,91000,TAWAU,PENAMPANG,SABAH
117,231203017112,MUHAMMAD AATHIF BIN MOHAMMAD ARIF,191126120265,KAD PENGENALAN,26-11-2019,BERSEKOLAH,08-01-2026,10-02-2026,TAHUN SATU,JAYYID,,BIASA,PERDANA / AKADEMIK,TIADA BIDANG,NORLINA BINTI BAGWAS,LELAKI,BUGIS,ISLAM,WARGANEGARA,,,,,,,,,,,,,,MOHAMMAD ARIF BIN SUYUTI,871225495053,KAD PENGENALAN,BAPA KANDUNG,KERANI BANK,BEKERJA,MALAYAN BANKING BERHAD,5145.5,089757307,0148692069,3,MUSTHOINA BINTI MOHD ALI,E2943550,NOMBOR PASPORT,IBU KANDUNG,,TIDAK BEKERJA,,0,,0109862069,TB 123 LORONG 5D 8 FASA 5H,BANDAR SRI INDAH,BATU 10 JALAN APAS,91000,TAWAU,PENAMPANG,SABAH
118,261203163840,MUHAMMAD AIDIL MUKHLIS BIN MOHD FIRDAUS,191101110757,KAD PENGENALAN,01-11-2019,BERSEKOLAH,08-01-2026,08-01-2026,TAHUN SATU,JAYYID,,BIASA,PERDANA / AKADEMIK,TIADA BIDANG,NORLINA BINTI BAGWAS,LELAKI,MELAYU,ISLAM,WARGANEGARA,,,,,,,,,,,,,,MOHD FIRDAUS BIN ABDUL RAHIM,890416115213,KAD PENGENALAN,BAPA KANDUNG,PEGAWAI LAIN-LAIN PANGKAT PENGUAT KUASA MARITIM GRED T1,BEKERJA,AGENSI PENGUATKUASAAN MARITIM MALAYSIA,4010,089750116,01117488259,2,NOR SHAHIDA BINTI ABD LATIF,890622035468,KAD PENGENALAN,IBU KANDUNG,,TIDAK BEKERJA,,4020,,0137488259,"RESIDENSI PRIMA RANGGU, 750,",LORONG 12-1/3 JALAN RESIDENSI RANGGU 4,,91000,TAWAU,PENAMPANG,SABAH
119,261203163798,MUHAMMAD AMSYAR RAYYAN BIN HAMKA,190703120245,KAD PENGENALAN,03-07-2019,BERSEKOLAH,08-01-2026,08-01-2026,TAHUN SATU,JAYYID,,BIASA,PERDANA / AKADEMIK,TIADA BIDANG,NORLINA BINTI BAGWAS,LELAKI,BUGIS,ISLAM,WARGANEGARA,,,,,,,,,,,,,,ASNIAR BINTI ABDUL RAHMAN,850621125254,KAD PENGENALAN,IBU KANDUNG,JURURAWAT,BEKERJA,KEMENTERIAN KESIHATAN MALAYSIA,5000,0198002640,0198002640,4,,,,,,,,,,,TB13325 JALAN 2,BANDAR SRI INDAH,BATU 10 JALAN APAS,91000,TAWAU,PENAMPANG,SABAH
120,261203163800,MUHAMMAD FAWWAZ BIN BORHANDI,190309120853,KAD PENGENALAN,09-03-2019,BERSEKOLAH,08-01-2026,08-01-2026,TAHUN SATU,JAYYID,,BIASA,PERDANA / AKADEMIK,TIADA BIDANG,NORLINA BINTI BAGWAS,LELAKI,BAJAU,ISLAM,WARGANEGARA,,,,,,,,,,,,,,BORHANDI BIN PERIN,770412125741,KAD PENGENALAN,BAPA KANDUNG,,BEKERJA,,900,,0130000000,2,RAHMIDA BINTI TAJUDDIN,770320125824,KAD PENGENALAN,IBU KANDUNG,PEKERJA AM,TIDAK BEKERJA,STF AGRICULTURE SDN BHD@ST FOOD SDN BHD,1442.1,,0135572926,KAMPUNG RANGGU,JALAN RANGGU,BATU 10 TAWAU,91000,TAWAU,PENAMPANG,SABAH
121,241202327600,MUHAMMAD IZZYAN BIN AHMAD,190819120941,KAD PENGENALAN,19-08-2019,BERSEKOLAH,08-01-2026,08-01-2026,TAHUN SATU,JAYYID,,BIASA,PERDANA / AKADEMIK,TIADA BIDANG,NORLINA BINTI BAGWAS,LELAKI,TIDUNG,ISLAM,WARGANEGARA,,,,,,,,,,,,,,,,,,,,,,,,8,AHMAD BIN NASIB,800617125715,KAD PENGENALAN,BAPA KANDUNG,GURU,BEKERJA,KEMENTERIAN PENDIDIKAN MALAYSIA,9629.92,0383217100,0128622424,TB431 LOT 103 TAMAN RANGGU SAUJANA,JALAN RANGGU BATU 10,,91008,TAWAU,PENAMPANG,SABAH
122,251201096610,MUHAMMAD NADIEN FIRDAUS BIN KAHAR,190918120197,KAD PENGENALAN,18-09-2019,BERSEKOLAH,08-01-2026,08-01-2026,TAHUN SATU,JAYYID,,BIASA,PERDANA / AKADEMIK,TIADA BIDANG,NORLINA BINTI BAGWAS,LELAKI,BUGIS,ISLAM,WARGANEGARA,,,,,,,,,,,,,,KAHAR BIN NGGALIE,880908126171,KAD PENGENALAN,BAPA KANDUNG,KAKITANGAN SWASTA,BEKERJA,TOP BORNEO SDN BHD,2500,089765149,0198679081,3,NORHAIDA BINTI ALIMUDDIN,880722495868,KAD PENGENALAN,IBU KANDUNG,,,,,,01125269062,TB 1144 LORONG 15,RESIDENSI RANGGU 5 PRIMA RANGGU,JALAN RANGGU BATU 12,91000,TAWAU,PENAMPANG,SABAH
123,261203163812,MUHAMMAD RIDWAN BIN ABDUL RAHMAN,190212140807,KAD PENGENALAN,12-02-2019,BERSEKOLAH,08-01-2026,08-01-2026,TAHUN SATU,JAYYID,,BIASA,PERDANA / AKADEMIK,TIADA BIDANG,NORLINA BINTI BAGWAS,LELAKI,BUGIS,ISLAM,WARGANEGARA,,,,,,,,,,,,,,,,,,,,,,,,3,MULIANI BINTI YAKUB,950426125580,KAD PENGENALAN,IBU KANDUNG,,TIDAK BEKERJA,,0,,0147844099,,,,,,,
124,261203163813,MUHAMMAD SYAHDAN BIN KAZRUL,190503120937,KAD PENGENALAN,03-05-2019,BERSEKOLAH,08-01-2026,08-01-2026,TAHUN SATU,JAYYID,,BIASA,PERDANA / AKADEMIK,TIADA BIDANG,NORLINA BINTI BAGWAS,LELAKI,BUGIS,ISLAM,WARGANEGARA,,,,,,,,,,,,,,SITTI MARLINA BINTI DAHLAN,911118125042,KAD PENGENALAN,IBU KANDUNG,KERANI AM PEJABAT,BEKERJA,PEMBORONG SAKTI,1700,0196894241,0167308171,2,KAZRUL BIN BANILAH,910328125695,KAD PENGENALAN,BAPA KANDUNG,PEMANDU LORI,BEKERJA,UMMI IZZA ENTERPRISE,1500,0178613189,0143570742,"TAMAN ALAMANDA, LORONG 2, NO. 027","RANGGU, BATU 12, JALAN APAS",,91000,TAWAU,PENAMPANG,SABAH
125,261203163833,MUHAMMAD ZUBAIR BIN RUSDI,190107121567,KAD PENGENALAN,07-01-2019,BERSEKOLAH,08-01-2026,08-01-2026,TAHUN SATU,JAYYID,,BIASA,PERDANA / AKADEMIK,TIADA BIDANG,NORLINA BINTI BAGWAS,LELAKI,BRUNEI,ISLAM,WARGANEGARA,,,,,,,,,,,,,,ROHANA BINTI AHMAD,831023125058,KAD PENGENALAN,IBU KANDUNG,GURU PENDIDIKAN MENENGAH,TIDAK BEKERJA,SMK KINABUTAN II,9530.48,,0198400240,7,RUSDI BIN JAMAL,E2948166,NOMBOR PASPORT,BAPA KANDUNG,,,,,,0109107384,TB 236 TAMAN RANGGU SAUJANA,LORONG 4,BATU 10 JALAN APAS,91000,TAWAU,PENAMPANG,SABAH
126,261203163779,NUR AFIFAH SYAHIRAH BINTI KASBI,190816121586,KAD PENGENALAN,16-08-2019,BERSEKOLAH,08-01-2026,08-01-2026,TAHUN SATU,JAYYID,,BIASA,PERDANA / AKADEMIK,TIADA BIDANG,NORLINA BINTI BAGWAS,PEREMPUAN,JAWA,ISLAM,WARGANEGARA,,,,,,,,,,,,,,,,,,,,,,,,1,KASBI BIN MINGAN,800131125635,KAD PENGENALAN,BAPA KANDUNG,BROKER SEKURITI,,EMY,2100,0899120,0134467228,BT10,,,91000,TAWAU,PENAMPANG,SABAH
127,241202327614,NUR AYUMIE ADILAH UMAIRAH BINTI SADDAM,190705120644,KAD PENGENALAN,05-07-2019,BERSEKOLAH,08-01-2026,08-01-2026,TAHUN SATU,JAYYID,,BIASA,PERDANA / AKADEMIK,TIADA BIDANG,NORLINA BINTI BAGWAS,PEREMPUAN,MELAYU,ISLAM,WARGANEGARA,,,,,,,,,,,,,,SADDAM BIN HUSSIN,951029125733,KAD PENGENALAN,BAPA KANDUNG,,TIDAK BEKERJA,,800,,0147742814,5,NUR ISNIHALAH BINTI ABD HASSAN,991114127094,KAD PENGENALAN,IBU KANDUNG,,TIDAK BEKERJA,,100,,0147742814,KAMPUNG RANGGU BATU 10 JALAN APAS TAWAU,,,91000,TAWAU,PENAMPANG,SABAH
128,261203163816,NUR HUMAIRAH AYRA BINTI MAISAL,190219120112,KAD PENGENALAN,19-02-2019,BERSEKOLAH,08-01-2026,08-01-2026,TAHUN SATU,JAYYID,,BIASA,PERDANA / AKADEMIK,TIADA BIDANG,NORLINA BINTI BAGWAS,PEREMPUAN,BUGIS,ISLAM,WARGANEGARA,,,,,,,,,,,,,,MAISAL BIN HAMKAH,840817125935,KAD PENGENALAN,BAPA KANDUNG,BEKERJA SENDIRI,BEKERJA,MAISAL BIN HAMKAH,2000,0128617263,0128617263,7,TINI BINTI SAMSUDDIN,E2170435,NOMBOR PASPORT,IBU KANDUNG,,TIDAK BEKERJA,,0,,0128617263,KAMPUNG RANGGU BATU 10,,,91000,TAWAU,PENAMPANG,SABAH
129,241202294565,NUR QURRATUAIN BINTI MOHD NURSOBARI,190524121082,KAD PENGENALAN,24-05-2019,BERSEKOLAH,08-01-2026,08-01-2026,TAHUN SATU,JAYYID,,BIASA,PERDANA / AKADEMIK,TIADA BIDANG,NORLINA BINTI BAGWAS,PEREMPUAN,IRANUN,ISLAM,WARGANEGARA,,,,,,,,,,,,,,MOHD NURSOBARI BIN MOHAMMAD ABAS,800520126447,KAD PENGENALAN,BAPA KANDUNG,PEMANDU FORKLIFT,TIDAK BEKERJA,SABAH PORT SDH BHD,3300,,0146548048,5,ZALMIAH BINTI MOHD NEE,840203125770,KAD PENGENALAN,IBU KANDUNG,GURU,BEKERJA,SEKOLAH KEBANGSAAN BALUNG TAWAU,8233.07,01165744746,01468447342,NO 370,"LORONG 8 1/2, RESIDENSI PRIMA RANGGU,","BATU 12, JALAN RANGGU",91000,TAWAU,PENAMPANG,SABAH
130,241202322790,NUR ZAHIRAH ADREENA BINTI ARMAN,190113120480,KAD PENGENALAN,13-01-2019,BERSEKOLAH,08-01-2026,08-01-2026,TAHUN SATU,JAYYID,,BIASA,PERDANA / AKADEMIK,TIADA BIDANG,NORLINA BINTI BAGWAS,PEREMPUAN,IDAHAN,ISLAM,WARGANEGARA,,,,,,,,,,,,,,ARMAN BIN ABD RAHMAN,840729126129,KAD PENGENALAN,BAPA KANDUNG,,TIDAK BEKERJA,,1700,,0102140301,3,NORANISAM BINTI KADIR,840606125572,KAD PENGENALAN,IBU KANDUNG,,TIDAK BEKERJA,,0,,0102140301,BATU 8TAMAN SRI APAS,,,91000,TAWAU,PENAMPANG,SABAH
131,241202327620,NURFEEYA NAFISHA BINTI MOHD ALA-AZIIZU,190916121284,KAD PENGENALAN,16-09-2019,BERSEKOLAH,08-01-2026,08-01-2026,TAHUN SATU,JAYYID,,BIASA,PERDANA / AKADEMIK,TIADA BIDANG,NORLINA BINTI BAGWAS,PEREMPUAN,KADAZAN,ISLAM,WARGANEGARA,,,,,,,,,,,,,,MOHD ALA -AZIIZU ABRA,871026495691,KAD PENGENALAN,BAPA KANDUNG,PEMBANTU TUKANG MASAK,BEKERJA,HAZIQ ENTERPRISE,900,01114159494,01125691341,5,JAICY BINTI ANIT,890210126056,KAD PENGENALAN,IBU KANDUNG,,TIDAK BEKERJA,,0,,01125691341,KG RANGGU,JALAN RANGGU ANDRASY,91000,91000,TAWAU,PENAMPANG,SABAH
132,241202327626,RAISYAH RAIHANA ROSE BINTI RUSYANTO,190419120248,KAD PENGENALAN,19-04-2019,BERSEKOLAH,08-01-2026,08-01-2026,TAHUN SATU,JAYYID,,BIASA,PERDANA / AKADEMIK,TIADA BIDANG,NORLINA BINTI BAGWAS,PEREMPUAN,BUGIS,ISLAM,WARGANEGARA,,,,,,,,,,,,,,RUSYANTO BIN AHCHO,870404495679,KAD PENGENALAN,BAPA KANDUNG,PEMBANTU TUKANG MASAK,BEKERJA,RAHMAN SHAH RASHID,1700,0106397430,0128327868,6,ROSNAH BINTI LAHARA,E9529049,NOMBOR PASPORT,IBU KANDUNG,,TIDAK BEKERJA,,0,,0168324487,KAMPUNG RANGGU BATU 10 JALAN APAS,,,91000,TAWAU,PENAMPANG,SABAH
133,251201096618,RAYYAN BIN RODEMAN,190703121651,KAD PENGENALAN,03-07-2019,BERSEKOLAH,08-01-2026,08-01-2026,TAHUN SATU,JAYYID,,BIASA,PERDANA / AKADEMIK,TIADA BIDANG,NORLINA BINTI BAGWAS,LELAKI,BAJAU,ISLAM,WARGANEGARA,,,,,,,,,,,,,,RODEMAN BIN PARUKUNAN,830810125781,KAD PENGENALAN,BAPA KANDUNG,PENGAWAL KESELAMATAN,BEKERJA,AZAM ARMADA SDN BHD,1500,01136619132,01136619132,2,CISKAH RAIMON,920416126486,KAD PENGENALAN,LAIN-LAIN,,,,,,,KAMPUNG RANGGU BATU 8 JALAN APAS,,,91000,TAWAU,PENAMPANG,SABAH
134,251201096600,SAFIYYAH MAHREEN BINTI MUHAMMAD HIBATULLAH,191123120016,KAD PENGENALAN,23-11-2019,BERSEKOLAH,08-01-2026,08-01-2026,TAHUN SATU,JAYYID,,BIASA,PERDANA / AKADEMIK,TIADA BIDANG,NORLINA BINTI BAGWAS,PEREMPUAN,BAJAU,ISLAM,WARGANEGARA,,,,,,,,,,,,,,,,,,,,,,,,,,,,,,,,,,,,,,,,,
135,241202329160,SHAHEERA SHAFFIRA BINTI SURIANTO,191226120270,KAD PENGENALAN,26-12-2019,BERSEKOLAH,08-01-2026,08-01-2026,TAHUN SATU,JAYYID,,BIASA,PERDANA / AKADEMIK,TIADA BIDANG,NORLINA BINTI BAGWAS,PEREMPUAN,IDAHAN,ISLAM,WARGANEGARA,,,,,,,,,,,,,,SURIANTO SARMON JUMADI,800926126105,KAD PENGENALAN,BAPA KANDUNG,PENGURUS,BEKERJA,SAWIT BULKERS SDN BHD,7053.53,089631495,0163846703,6,,,,,,,,,,,"TB 831, LORONG 13-1/3,","RESIDENDI RANGGU 4, TAMAN PR1MA RANGGU,","JALAN RANGGU, BATU 12",91000,TAWAU,PENAMPANG,SABAH
136,261203163793,SITI NUR ELLISYA BINTI ABDUL SALAM,190530120342,KAD PENGENALAN,30-05-2019,BERSEKOLAH,08-01-2026,08-01-2026,TAHUN SATU,JAYYID,,BIASA,PERDANA / AKADEMIK,TIADA BIDANG,NORLINA BINTI BAGWAS,PEREMPUAN,BUGIS,ISLAM,WARGANEGARA,,,,,,,,,,,,,,,,,,,,,,,,1,ABDUL SALAM BIN ABD KADIR,870418496189,KAD PENGENALAN,BAPA KANDUNG,PEMANDU LORI,,SRI LEGENDA FIRE FIGHTING CONTRACTOR,1300,0132280732,,KAMPUNG RANGGU,LORONG BUNGA ORKID,RH NO 4,91000,TAWAU,PENAMPANG,SABAH
137,261203163795,ZULFAHMI RAIKAL BIN HAIRUDDIN,190604120055,KAD PENGENALAN,04-06-2019,BERSEKOLAH,08-01-2026,08-01-2026,TAHUN SATU,JAYYID,,BIASA,PERDANA / AKADEMIK,TIADA BIDANG,NORLINA BINTI BAGWAS,LELAKI,BUGIS,ISLAM,WARGANEGARA,,,,,,,,,,,,,,HAIRUDDIN BIN PUDIN,920520127243,KAD PENGENALAN,BAPA KANDUNG,PEGAWAI PENJARA GRED KA,BEKERJA,JABATAN PENJARA MALAYSIA,4076.03,089715862,0128284628,4,SHAHRINA BINTI DOLLAH,930710125774,KAD PENGENALAN,IBU KANDUNG,,TIDAK BEKERJA,,0,,0145645121,TB297 RESIDENSI PRIMA RANGGU,"LRG 6-2/2, RESIDENSI RANGGU 2",JLN BATU 12,91000,TAWAU,PENAMPANG,SABAH
138,241202327583,ADEEB RAIQAL MIQAEL BIN RAMLIE,190304120205,KAD PENGENALAN,04-03-2019,BERSEKOLAH,08-01-2026,08-01-2026,TAHUN SATU,KHOIR,,BIASA,PERDANA / AKADEMIK,TIADA BIDANG,FARIDAH BINTI SUNU,LELAKI,BUGIS,ISLAM,WARGANEGARA,,,,,,,,,,,,,,RAMLIE BIN SYAHRI,860719495543,KAD PENGENALAN,BAPA KANDUNG,KETUA PENYELIA,BEKERJA,LANCAR GAYA SDN BHD,2000,01131757900,0145537558,3,EMILIA BINTI NURDIN,880518495254,KAD PENGENALAN,IBU KANDUNG,,TIDAK BEKERJA,,0,,0178994735,BATU 8 JALAN HAMZA,"LORONG NO,4",TAWAU SABAH,91000,TAWAU,PENAMPANG,SABAH
139,261203163787,AHMAD FIRDAIAN BIN NORMAN,190104010669,KAD PENGENALAN,04-01-2019,BERSEKOLAH,08-01-2026,08-01-2026,TAHUN SATU,KHOIR,,BIASA,PERDANA / AKADEMIK,TIADA BIDANG,FARIDAH BINTI SUNU,LELAKI,BAJAU,ISLAM,WARGANEGARA,,,,,,,,,,,,,,JURINAH BINTI ANUDDARI,851027126160,KAD PENGENALAN,IBU KANDUNG,JURURAWAT TERLATIH,BEKERJA,KEMENTERIAN KESIHATAN MALAYSIA,5400,089706000,0142735859,6,NORMAN BIN DAAIMAN,851003495017,KAD PENGENALAN,BAPA KANDUNG,,TIDAK BEKERJA,,2410,,0122933409,"TB 97, LORONG 2",TAMAN PRIMA RANGGU,"JALAN RANGGU, BATU 12",91000,TAWAU,PENAMPANG,SABAH
140,241202327584,AISYAH NABIHAH BINTI JASMAN,190822121400,KAD PENGENALAN,22-08-2019,BERSEKOLAH,08-01-2026,08-01-2026,TAHUN SATU,KHOIR,,BIASA,PERDANA / AKADEMIK,TIADA BIDANG,FARIDAH BINTI SUNU,PEREMPUAN,SULUK,ISLAM,WARGANEGARA,,,,,,,,,,,,,,JASMAN BIN CHUNBUNG,811018125143,KAD PENGENALAN,BAPA KANDUNG,PENOLONG JURUTERA,BEKERJA,SESB JALAN KUHARA,6000,089715561,0138808681,6,JULISAH BINTI MOHAMAD ISAH,850504155008,KAD PENGENALAN,IBU KANDUNG,,TIDAK BEKERJA,,0,,0162552737,KG. RANGGU,BATU 10 JALAN RANGGU,PETI SURAT 62087,91030,TAWAU,PENAMPANG,SABAH
141,261203163827,ANGELIE,190715120744,KAD PENGENALAN,15-07-2019,BERSEKOLAH,08-01-2026,08-01-2026,TAHUN SATU,KHOIR,,BIASA,PERDANA / AKADEMIK,TIADA BIDANG,FARIDAH BINTI SUNU,PEREMPUAN,TORAJA,KRISTIAN,WARGANEGARA,,,,,,,,,,,,,,TERISA BINTI BEJAMIN,991208126420,KAD PENGENALAN,LAIN-LAIN,,TIDAK BEKERJA,,800,,0139766318,1,JULIANTI BINTI BEJAMIN,C9606979,NOMBOR PASPORT,IBU SAUDARA,,TIDAK BEKERJA,,0,,0136472667,BATU 8,KILANG QL,TAWAU,91000,TAWAU,PENAMPANG,SABAH
142,261203163804,ANGELLINA MARSYELLA NURI ANAK NICHOLAS CHAGAT,190226130706,KAD PENGENALAN,26-02-2019,BERSEKOLAH,08-01-2026,08-01-2026,TAHUN SATU,KHOIR,,BIASA,PERDANA / AKADEMIK,TIADA BIDANG,FARIDAH BINTI SUNU,PEREMPUAN,IBAN ATAU SEA DAYAK,KRISTIAN,WARGANEGARA,,,,,,,,,,,,,,NICHOLAS CHAGAT ANAK MANDAU,881113525165,KAD PENGENALAN,BAPA KANDUNG,PEGAWAI REJIMEN SEMPADAN (RS),BEKERJA,KEMENTERIAN PERTAHANAN MALAYSIA,5078.2,0199974585,01133122340,3,CYNTHIA LAKA ANAK JOSHUA ENDAH,901008136526,KAD PENGENALAN,IBU KANDUNG,,TIDAK BEKERJA,,548,,0198397551,TB 18477 LOT 1233 BANDAR SRI INDAH,FASA 5E JALAN APAS BT.10,TAWAU SABAH,91000,TAWAU,PENAMPANG,SABAH
143,251201484658,AZLYANA AAFIYAH BINTI ABDULLAH,190126121204,KAD PENGENALAN,26-01-2019,BERSEKOLAH,08-01-2026,08-01-2026,TAHUN SATU,KHOIR,,BIASA,PERDANA / AKADEMIK,TIADA BIDANG,FARIDAH BINTI SUNU,PEREMPUAN,BUGIS,ISLAM,WARGANEGARA,,,,,,,,,,,,,,LANNI MARLINA BINTI SAMSU,810516125838,KAD PENGENALAN,IBU KANDUNG,,TIDAK BEKERJA,,600,,0163714904,2,,,,,,,,,,,TAMAN ALAMANDA BATU 8 JALAN APAS RANGGU,,,91000,TAWAU,PENAMPANG,SABAH
144,241202327585,BRAXTON CRUZ BONNY,190315021077,KAD PENGENALAN,15-03-2019,BERSEKOLAH,08-01-2026,08-01-2026,TAHUN SATU,KHOIR,,BIASA,PERDANA / AKADEMIK,TIADA BIDANG,FARIDAH BINTI SUNU,LELAKI,DUSUN,KRISTIAN,WARGANEGARA,,,,,,,,,,,,,,BONNY WILLIAM,930525125473,KAD PENGENALAN,BAPA KANDUNG,ANGGOTA INFANTRI,BEKERJA,BATALION KE 8 REJIMEN SEMPADAN,4000,0196270795,0139534109,1,,,,,,,,,,,LOT D1-02-04 APARTMENT VILLA SRI INDAH PHASE,,,91000,TAWAU,PENAMPANG,SABAH
145,241202327587,DELISHA VICTORIA,190105121248,KAD PENGENALAN,05-01-2019,BERSEKOLAH,08-01-2026,08-01-2026,TAHUN SATU,KHOIR,,BIASA,PERDANA / AKADEMIK,TIADA BIDANG,FARIDAH BINTI SUNU,PEREMPUAN,DUSUN,KRISTIAN,WARGANEGARA,,,,,,,,,,,,,,EDMUND ALEXANDER @ MOHD. SHAHRUL NIZAM,870209495235,KAD PENGENALAN,BAPA KANDUNG,CHEF TENTERA,BEKERJA,KEM SHANSHUI,5001,0145670388,0169016489,3,CEHRISALAH LANTINUS,900212126734,KAD PENGENALAN,IBU KANDUNG,,TIDAK BEKERJA,,0,,0169016489,KG RANGGU BATU 10 91000,,,91000,TAWAU,PENAMPANG,SABAH
146,261203163775,IMANUEL MELAI ANAK SIMON,190725120457,KAD PENGENALAN,25-07-2019,BERSEKOLAH,08-01-2026,08-01-2026,TAHUN SATU,KHOIR,,BIASA,PERDANA / AKADEMIK,TIADA BIDANG,FARIDAH BINTI SUNU,LELAKI,IBAN ATAU SEA DAYAK,KRISTIAN,WARGANEGARA,,,,,,,,,,,,,,SIMON ANAK JAMES NYAMBONG,920424136297,KAD PENGENALAN,BAPA KANDUNG,PEGAWAI REJIMEN SEMPADAN (RS),TIDAK BEKERJA,FAZRUL,5056,,01151811656,2,PAULA ANAK PANYAU,971103136376,KAD PENGENALAN,IBU KANDUNG,,TIDAK BEKERJA,,0,,01112891818,SOUTH VILLA APARTMENT BATU 10 APAS,BLOK F 04-01,,91000,TAWAU,PENAMPANG,SABAH
147,261203163825,JONATHAN ANAK JEROME,190718120563,KAD PENGENALAN,18-07-2019,BERSEKOLAH,08-01-2026,08-01-2026,TAHUN SATU,KHOIR,,BIASA,PERDANA / AKADEMIK,TIADA BIDANG,FARIDAH BINTI SUNU,LELAKI,IBAN ATAU SEA DAYAK,KRISTIAN,WARGANEGARA,,,,,,,,,,,,,,JEROME ANAK ANDOM,880702495457,KAD PENGENALAN,BAPA KANDUNG,"JURUJUAL, PEMBUATAN",BEKERJA,GLORY EAST,1300,0147457625,0163016025,3,CLARCE BINTI EKOP,870322125308,KAD PENGENALAN,IBU KANDUNG,,TIDAK BEKERJA,,0,,01116464172,BATU 8 PPR JALAN APAS,,,91000,TAWAU,PENAMPANG,SABAH
148,251201360880,MOHAMMAD IBRAHIM BIN MOHAMMAD SUFIAN,191002121821,KAD PENGENALAN,02-10-2019,BERSEKOLAH,08-01-2026,08-01-2026,TAHUN SATU,KHOIR,,BIASA,PERDANA / AKADEMIK,TIADA BIDANG,FARIDAH BINTI SUNU,LELAKI,BUGIS,ISLAM,WARGANEGARA,,,,,,,,,,,,,,NURSYAFIKA,E6817292,NOMBOR PASPORT,IBU KANDUNG,,TIDAK BEKERJA,,0,,0197808616,2,MOHAMMAD SUFIAN BIN YUSUF,010820121641,KAD PENGENALAN,BAPA KANDUNG,ABLE SEAMAN,BEKERJA,REGULUS OFFSHORE SDN BHD,2500,0603228938,01133058078,LORONG SRI MANIS BATU 9 JALAN APAS TAWAU,,,91000,TAWAU,PENAMPANG,SABAH
149,261202346287,MUHAMAD MIRSYAM HAZIQ BIN MOHD FARISSYAM,190626120371,KAD PENGENALAN,26-06-2019,BERSEKOLAH,04-05-2026,05-05-2026,TAHUN SATU,KHOIR,,BIASA,PERDANA / AKADEMIK,TIADA BIDANG,FARIDAH BINTI SUNU,LELAKI,MELAYU,ISLAM,WARGANEGARA,,,,,,,,,,,,,,JURINAH BINTI JUMADI,850706125392,KAD PENGENALAN,IBU KANDUNG,,TIDAK BEKERJA,,0,,0146785569,1,,,,,,,,,,,KAMPUNG ANDRASSY,TAWAU SABAH,,91000,TAWAU,PENAMPANG,SABAH
150,261203163797,MUHAMMAD AL HARIZKI BIN HERMAN,190822120029,KAD PENGENALAN,22-08-2019,BERSEKOLAH,08-01-2026,08-01-2026,TAHUN SATU,KHOIR,,BIASA,PERDANA / AKADEMIK,TIADA BIDANG,FARIDAH BINTI SUNU,LELAKI,BUGIS,ISLAM,WARGANEGARA,,,,,,,,,,,,,,HERMAN BIN BAKRI,850423125659,KAD PENGENALAN,BAPA KANDUNG,BEKERJA SENDIRI,BEKERJA,PAKMAN GARAGE CAR ACCESSORIES,3000,0169185828,0169185828,3,NORIDAH ABDUL GAFAR,P1808125B,NOMBOR PASPORT,IBU KANDUNG,,,,,,0165441565,"TB 643, LORONG 5D2,","BANDAR SRI INDAH,","BATU 10 JALAN APAS,",91000,TAWAU,PENAMPANG,SABAH
151,261203163799,MUHAMMAD AMZAR BIN SUDEYANSAH,191011120257,KAD PENGENALAN,11-10-2019,BERSEKOLAH,08-01-2026,08-01-2026,TAHUN SATU,KHOIR,,BIASA,PERDANA / AKADEMIK,TIADA BIDANG,FARIDAH BINTI SUNU,LELAKI,BRUNEI,ISLAM,WARGANEGARA,,,,,,,,,,,YA (01),,,SURAINIE,E7731573,NOMBOR PASPORT,IBU TIRI,,TIDAK BEKERJA,,0,,,2,SUDEYANSAH BIN LAWPAK,860524495789,KAD PENGENALAN,BAPA KANDUNG,GURU PENDIDIKAN MENENGAH,BEKERJA,SMK ABAKA,7000,0102101589,0102101589,"TB 190,BLOK R PHASE 1,BT 7 JALAN APAS",,,91000,TAWAU,PENAMPANG,SABAH
152,241202320122,MUHAMMAD FAWWAZ BIN JAMAL,191005121173,KAD PENGENALAN,05-10-2019,BERSEKOLAH,08-01-2026,08-01-2026,TAHUN SATU,KHOIR,,BIASA,PERDANA / AKADEMIK,TIADA BIDANG,FARIDAH BINTI SUNU,LELAKI,INDONESIA,ISLAM,WARGANEGARA,,,,,,,,,,,,,,,,,,,,,,,,2,JAMAL BIN ABDUL HALIM,841019125759,KAD PENGENALAN,BAPA KANDUNG,PENYELIA,BEKERJA,SABANG 2 PALM OIL MILL,2600,089707330,0178166315,"TB13105,LOT NO 31,LORONG 2,PHASE 1,STAGE","MILE 10,JALAN APAS",,91000,TAWAU,PENAMPANG,SABAH
153,261203163809,MUHAMMAD KHALIS BIN MH.AMRIN,191213120079,KAD PENGENALAN,13-12-2019,BERSEKOLAH,08-01-2026,08-01-2026,TAHUN SATU,KHOIR,,BIASA,PERDANA / AKADEMIK,TIADA BIDANG,FARIDAH BINTI SUNU,LELAKI,BUGIS,ISLAM,WARGANEGARA,,,,,,,,,,,,,,MH.AMRIN BIN RAMELI,790130125477,KAD PENGENALAN,BAPA KANDUNG,PEMANDU E-HAILING,BEKERJA,MH.AMRIN BIN RAMELI,2000,01131813171,01131813171,6,KURNIYA,840928126420,KAD PENGENALAN,IBU KANDUNG,,TIDAK BEKERJA,,0,,0162849284,KAMPUNG RANGGU BATU 10 JALAN RANGGU,,,91000,TAWAU,PENAMPANG,SABAH
154,261203163826,MUHAMMAD NASIRUDDIN BIN MOHD MIHDAD,190819121469,KAD PENGENALAN,19-08-2019,BERSEKOLAH,08-01-2026,08-01-2026,TAHUN SATU,KHOIR,,BIASA,PERDANA / AKADEMIK,TIADA BIDANG,FARIDAH BINTI SUNU,LELAKI,BUGIS,ISLAM,WARGANEGARA,,,,,,,,,,,,,,MOHD MIHDAD BIN MARHUM,931225125767,KAD PENGENALAN,BAPA KANDUNG,PEMBANTU BAKERI,BEKERJA,MARHUM BIN TOHING,1200,0128310147,01125505462,6,NOR QANIAH BINTI MAHAT,940402126950,KAD PENGENALAN,IBU KANDUNG,,TIDAK BEKERJA,,0,,01125505462,TB 13807 LORONG BSI 3,JLN APAS,BATU 10,91000,TAWAU,PENAMPANG,SABAH
155,261203163843,MUHAMMAD ZULHAIRI BIN AZMAN,190504120197,KAD PENGENALAN,04-05-2019,BERSEKOLAH,08-01-2026,12-01-2026,TAHUN SATU,KHOIR,,BIASA,PERDANA / AKADEMIK,TIADA BIDANG,FARIDAH BINTI SUNU,LELAKI,BAJAU,ISLAM,WARGANEGARA,,,,,,,,,,,,,,ZA'IEDAH BINTI BAKARANI,870518496282,KAD PENGENALAN,LAIN-LAIN,,TIDAK BEKERJA,,0,,01136937725,3,AZMAN BIN MUSA,840408126021,KAD PENGENALAN,LAIN-LAIN,KAKITANGAN SWASTA,BEKERJA,AT TECHNOLOGI,1700,0128017555,0113697725,FLAT PPR BATU 8 JALAN APAS,JALAN APAS,,91000,TAWAU,PENAMPANG,SABAH
156,261203163777,NORA DANIELLE DOUGHTY,191002121274,KAD PENGENALAN,02-10-2019,BERSEKOLAH,08-01-2026,08-01-2026,TAHUN SATU,KHOIR,,BIASA,PERDANA / AKADEMIK,TIADA BIDANG,FARIDAH BINTI SUNU,PEREMPUAN,EURASIAN,ISLAM,WARGANEGARA,,,,,,,,,,,,,,MOHD NIEL ILHAM DOUGHTY,9207125365,KAD PENGENALAN,BAPA KANDUNG,,TIDAK BEKERJA,,1200,,0165078916,2,NORAFAZIRAH BINTI RAHMAN,950105125918,KAD PENGENALAN,LAIN-LAIN,,TIDAK BEKERJA,,0,,01151397440,KAMPUNG RANGGU BT 10,"JLN RANCANGAN TAWAU , SABAH",,91007,TAWAU,PENAMPANG,SABAH
157,251202292710,NUR AFIYAH BINTI SABARUDDIN,191128120058,KAD PENGENALAN,28-11-2019,BERSEKOLAH,08-01-2026,08-01-2026,TAHUN SATU,KHOIR,,BIASA,PERDANA / AKADEMIK,TIADA BIDANG,FARIDAH BINTI SUNU,PEREMPUAN,BAJAU,ISLAM,WARGANEGARA,,,,,,,,,,,,,,SABARUDDIN,E2936709,NOMBOR PASPORT,BAPA KANDUNG,,TIDAK BEKERJA,,1000,,0108142778,1,ERNISA BINTI SAMSUDDIN,940816125966,KAD PENGENALAN,IBU KANDUNG,,TIDAK BEKERJA,,300,,0108162778,,,,,,,
158,261203163834,NUR ALMIRA HUSNA BINTI MOHAMMAD ADSWAN,190923121020,KAD PENGENALAN,23-09-2019,BERSEKOLAH,08-01-2026,08-01-2026,TAHUN SATU,KHOIR,,BIASA,PERDANA / AKADEMIK,TIADA BIDANG,FARIDAH BINTI SUNU,PEREMPUAN,BUGIS,ISLAM,WARGANEGARA,,,,,,,,,,,,,,MOHAMMAD ADSWAN BIN TAMRIN,840725125559,KAD PENGENALAN,BAPA KANDUNG,KOPERAL POLIS,TIDAK BEKERJA,POLIS DIRAJA MALAYSIA,5350.53,,0178926077,3,ROSMIATY BINTI SAKAH,850726125752,KAD PENGENALAN,IBU KANDUNG,PEMBANTU MAKMAL,BEKERJA,MARA,4007.05,089911770,0178925077,KAMPUNG RANGGU BATU 10,PETI SURAT 60014,,91010,TAWAU,PENAMPANG,SABAH
159,261203163782,NUR AQEESHA DAMIA BINTI MASLAN,190622120040,KAD PENGENALAN,22-06-2019,BERSEKOLAH,08-01-2026,08-01-2026,TAHUN SATU,KHOIR,,BIASA,PERDANA / AKADEMIK,TIADA BIDANG,FARIDAH BINTI SUNU,PEREMPUAN,BUGIS,ISLAM,WARGANEGARA,,,,,,,,,,,,,,MASLAN BIN TAMANLILI,821111126107,KAD PENGENALAN,BAPA KANDUNG,,TIDAK BEKERJA,,800,,0192530304,4,FITTRI BINTI JOHANIS,E2942648,NOMBOR PASPORT,IBU KANDUNG,,TIDAK BEKERJA,,0,,0128210214,KAMPUNG RANGGU BATU12,JALAN SETTLEMENT TAWAU SABAH,,91000,TAWAU,PENAMPANG,SABAH
160,241202327610,NUR ARIESYA YANA BINTI ILHAM,191031120078,KAD PENGENALAN,31-10-2019,BERSEKOLAH,08-01-2026,08-01-2026,TAHUN SATU,KHOIR,,BIASA,PERDANA / AKADEMIK,TIADA BIDANG,FARIDAH BINTI SUNU,PEREMPUAN,BANJAR,ISLAM,WARGANEGARA,,,,,,,,,,,,,,ILHAM BIN ARHAN,791003125639,KAD PENGENALAN,BAPA KANDUNG,BEKERJA SENDIRI,BEKERJA,ILHAM BIN ARHAN,1000,0143005639,0143005639,3,HASMAH BINTI LAHARI,E7732359,NOMBOR PASPORT,IBU KANDUNG,,TIDAK BEKERJA,,1000,,0143005639,TAMAN RANGGU SAUJANA,LORONG 4,TB229,91000,TAWAU,PENAMPANG,SABAH
161,261203163817,NUR HUMAIRAH ELIYA BINTI MOHAMMAD HASHIM,191010120124,KAD PENGENALAN,10-10-2019,BERSEKOLAH,08-01-2026,08-01-2026,TAHUN SATU,KHOIR,,BIASA,PERDANA / AKADEMIK,TIADA BIDANG,FARIDAH BINTI SUNU,PEREMPUAN,TIDUNG,ISLAM,WARGANEGARA,,,,,,,,,,,,,,MOHAMMAD HASHIM BIN LAKSAMANA,790715125317,KAD PENGENALAN,BAPA KANDUNG,SARJAN POLIS,BEKERJA,POLIS DIRAJA MALAYSIA,6305.54,010712222,01167721588,4,ERNIE BINTI ISHAK,790407125980,KAD PENGENALAN,IBU KANDUNG,,TIDAK BEKERJA,,0,,01117815317,TB94 LORONG 2 LOT94 TAMAN ALAMANDA,JALAN RANGGU BATU 12,,91000,TAWAU,PENAMPANG,SABAH
162,251201096616,NUR RAUDHAH FATIHAH BINTI MUHAMMAD RASIMAN,190630120112,KAD PENGENALAN,30-06-2019,BERSEKOLAH,08-01-2026,08-01-2026,TAHUN SATU,KHOIR,,BIASA,PERDANA / AKADEMIK,TIADA BIDANG,FARIDAH BINTI SUNU,PEREMPUAN,BAJAU,ISLAM,WARGANEGARA,,,,,,,,,,,,,,NUR FADHILAH BINTI HASHIM,931010125612,KAD PENGENALAN,IBU KANDUNG,,TIDAK BEKERJA,,0,,0166647858,2,MUHAMMAD RASIMAN BIN ABDUL HAMAN,850814125357,KAD PENGENALAN,BAPA KANDUNG,GURU,BEKERJA,SK KUALA MEROTAI,9603,089927969,0166647838,KAMPUNG RANGGU,BATU 9,JALAN RANGGU,91000,TAWAU,PENAMPANG,SABAH
163,261203163819,NUR ZALILY ASHA BINTI ABDULLAH,190606121342,KAD PENGENALAN,06-06-2019,BERSEKOLAH,08-01-2026,08-01-2026,TAHUN SATU,KHOIR,,BIASA,PERDANA / AKADEMIK,TIADA BIDANG,FARIDAH BINTI SUNU,PEREMPUAN,TIDUNG,ISLAM,WARGANEGARA,,,,,,,,,,,,,,NUR LAILI BINTI HIRMANSAH,011229121032,KAD PENGENALAN,IBU KANDUNG,BEKERJA SENDIRI,BEKERJA,NUR LAILI BINTI HIRMANSAH,1200,0198094945,0195973412,3,NORIA BINTI SAID,670115125210,KAD PENGENALAN,NENEK,,TIDAK BEKERJA,,0,,0195973412,"LORONG 16, TB 1260",RESIDENSI PRIMA RANGGU,,91000,TAWAU,PENAMPANG,SABAH
164,261203163821,PUTRI CARLINA SOFFIA BINTI HILMAN SAH,190803121448,KAD PENGENALAN,03-08-2019,BERSEKOLAH,08-01-2026,08-01-2026,TAHUN SATU,KHOIR,,BIASA,PERDANA / AKADEMIK,TIADA BIDANG,FARIDAH BINTI SUNU,PEREMPUAN,BUGIS,ISLAM,WARGANEGARA,,,,,,,,,,,,,,HILMAN SAH BIN AKMAD,920214126373,KAD PENGENALAN,BAPA KANDUNG,PEKERJA STOR,BEKERJA,SUPER CERAMIC TILES TAWAU,1900,010768988,0143786274,1,ASTIKA BINTI ARIFUDDIN,930114125858,KAD PENGENALAN,KAKAK,,TIDAK BEKERJA,,0,,0109570145,TAMAN SRI APAS BATU 8,BLOCK D (D4-8,,91000,TAWAU,PENAMPANG,SABAH
165,261203163824,RANIA SHAZA BINTI ROSMAN,190402120292,KAD PENGENALAN,02-04-2019,BERSEKOLAH,08-01-2026,08-01-2026,TAHUN SATU,KHOIR,,BIASA,PERDANA / AKADEMIK,TIADA BIDANG,FARIDAH BINTI SUNU,PEREMPUAN,BUGIS,ISLAM,WARGANEGARA,,,,,,,,,,,,,,ROSMAN BIN SYALIRI,890413125547,KAD PENGENALAN,BAPA KANDUNG,PENGURUS LADANG,BEKERJA,IOI LAHAD DATU,7000,0138705605,0138705605,2,SITTI KHATIJAH BINTI YATTO,890903125566,KAD PENGENALAN,IBU KANDUNG,,TIDAK BEKERJA,,0,,0165875771,"TB770,LORONG 12 2/3,RESIDENSI",PRIMA RANGGU,,91000,TAWAU,PENAMPANG,SABAH
166,251201356620,REXZENDER ROYWIN,191024120571,KAD PENGENALAN,24-10-2019,BERSEKOLAH,08-01-2026,08-01-2026,TAHUN SATU,KHOIR,,BIASA,PERDANA / AKADEMIK,TIADA BIDANG,FARIDAH BINTI SUNU,LELAKI,RUNGUS,KRISTIAN,WARGANEGARA,,,,,,,,,,,,,,WELLEYANNIE BINTI TOSING,970502126146,KAD PENGENALAN,IBU KANDUNG,,TIDAK BEKERJA,,0,,0102001323,3,ROYWIN BIN THOMAS,970617125901,KAD PENGENALAN,BAPA KANDUNG,PEGAWAI REJIMEN SEMPADAN (RS),BEKERJA,KEMENTERIAN PERTAHANAN MALAYSIA,4981.97,0192712521,0168285901,"SOUTH VILLE APARTMENT, BLOCK H-03-01",,,91000,TAWAU,PENAMPANG,SABAH
167,241202327629,RUSDAN KHOIR BIN JUARI,190622121991,KAD PENGENALAN,22-06-2019,BERSEKOLAH,08-01-2026,15-01-2026,TAHUN SATU,KHOIR,,BIASA,PERDANA / AKADEMIK,TIADA BIDANG,FARIDAH BINTI SUNU,LELAKI,SULUK,ISLAM,WARGANEGARA,,,,,,,,,,,,,,JUARI BIN SAMSURI,E9656299,NOMBOR PASPORT,BAPA KANDUNG,,TIDAK BEKERJA,,1400,,0197926354,2,UMMI ATIYA BINTI AHMAD,890124125444,KAD PENGENALAN,IBU KANDUNG,,TIDAK BEKERJA,,0,,0178124309,PETI SURAT 722,KG RANGGU BATU 9,JALAN APAS,91000,TAWAU,PENAMPANG,SABAH
168,261203163792,SHAUQI RAYYAN AISY BIN SUDERMAN,190308120077,KAD PENGENALAN,08-03-2019,BERSEKOLAH,08-01-2026,08-01-2026,TAHUN SATU,KHOIR,,BIASA,PERDANA / AKADEMIK,TIADA BIDANG,FARIDAH BINTI SUNU,LELAKI,BUGIS,ISLAM,WARGANEGARA,,,,,,,,,,,,,,SUDERMAN BIN LAWPAK,830521125697,KAD PENGENALAN,BAPA KANDUNG,BEKERJA SENDIRI,BEKERJA,TIADA,2000,0102207537,0102207537,3,SABTURIA BINTI SALIM,C7626145,NOMBOR PASPORT,IBU KANDUNG,,TIDAK BEKERJA,,0,,,KAMPUNG RANGGU BATU 10,"JALAN ANDRASSY, LORONG TADIKA KEMAS",PETI SURAT 842,91000,TAWAU,PENAMPANG,SABAH
169,261203163838,SITI FATIMAH BINTI SUWANDI,190225120362,KAD PENGENALAN,25-02-2019,BERSEKOLAH,08-01-2026,08-01-2026,TAHUN SATU,KHOIR,,BIASA,PERDANA / AKADEMIK,TIADA BIDANG,FARIDAH BINTI SUNU,PEREMPUAN,BUGIS,ISLAM,WARGANEGARA,,,,,,,,,,,,,,SUWANDI BIN NORDIN,800928125667,KAD PENGENALAN,BAPA KANDUNG,PEMANDU LORI,BEKERJA,MASPUL TRANSPORT,1800,0166626683,0133384701,6,SARANTI BINTI DG NGASSENG,890925125460,KAD PENGENALAN,IBU KANDUNG,,TIDAK BEKERJA,,0,,01116471814,"KAMPUNG RANGGU, BATU  9,",LORONG SALAMUDDIN,,91000,TAWAU,PENAMPANG,SABAH
170,261203163785,AHMAD ALHADI BIN TAHANG @ ABDUR RAHMAN,190727120629,KAD PENGENALAN,27-07-2019,BERSEKOLAH,08-01-2026,08-01-2026,TAHUN SATU,MUMTAZ,,BIASA,PERDANA / AKADEMIK,TIADA BIDANG,RASMAWATI BINTI TAUSE,LELAKI,SULUK,ISLAM,WARGANEGARA,,,,,,,,,,,,,,TAHANG @ ABDUR RAHMAN BIN SALLEH,760817125839,KAD PENGENALAN,BAPA KANDUNG,PENYELIA,BEKERJA,KAFA,3897.31,0148725966,0148725966,16,NEMIA BINTI PATERNO,P0047282C,NOMBOR PASPORT,IBU KANDUNG,,TIDAK BEKERJA,,0,,0148725966,"LOT 7, LORONG MUSLIM,","KG. CINA , BATU 8 1/2 JALAN RANGGU,",,91000,TAWAU,PENAMPANG,SABAH
171,251201083699,AHMAD FALIQ BIN ABD MUKMIN,191113120979,KAD PENGENALAN,13-11-2019,BERSEKOLAH,23-01-2026,23-01-2026,TAHUN SATU,MUMTAZ,,BIASA,PERDANA / AKADEMIK,TIADA BIDANG,RASMAWATI BINTI TAUSE,LELAKI,BUGIS,ISLAM,WARGANEGARA,,,,,,,,,,,,,,AHMAD FAIZAL BIN NANDO,840810125385,KAD PENGENALAN,BAPA SAUDARA,BEKERJA SENDIRI,BEKERJA,FAIZAL NANDO ENTERPRISE,2500,0192645514,0192645514,1,SARBIANTI BINTI SIDEK,820517125126,KAD PENGENALAN,IBU SAUDARA,,TIDAK BEKERJA,,0,,0168234223,"BATU 9, KAMPUNG RANGGU",JALAN APAS,,91000,TAWAU,PENAMPANG,SABAH
172,261203163830,AISYAH NUHA ZAHIRA BINTI MOHAMMAD HAFIZ,190828120708,KAD PENGENALAN,28-08-2019,BERSEKOLAH,08-01-2026,08-01-2026,TAHUN SATU,MUMTAZ,,BIASA,PERDANA / AKADEMIK,TIADA BIDANG,RASMAWATI BINTI TAUSE,PEREMPUAN,BUGIS,ISLAM,WARGANEGARA,,,,,,,,,,,,,,MOHAMMAD HAFIZ BIN AMINUDDIN,920429126231,KAD PENGENALAN,BAPA KANDUNG,PEMBANTU HAL EHWAL ISLAM GRED S,BEKERJA,JABATAN HAL EHWAL ISLAM NEGERI SABAH (DAERAH TAWAU,2450.59,089759176,01133206231,6,AISYAH MAULIAH BINTI MOHAMAD,920614126364,KAD PENGENALAN,IBU KANDUNG,,TIDAK BEKERJA,,0,,0102046478,TB 107 LORONG 3 RESIDENSI PRIMA RANGGU,JALAN RESIDENSI RANGGU,91000 TAWAU SABAH,91000,TAWAU,PENAMPANG,SABAH
173,261203163803,ALISYA NAFLA BINTI MOHD ZULHAIRY,190501040052,KAD PENGENALAN,01-05-2019,BERSEKOLAH,08-01-2026,08-01-2026,TAHUN SATU,MUMTAZ,,BIASA,PERDANA / AKADEMIK,TIADA BIDANG,RASMAWATI BINTI TAUSE,PEREMPUAN,BANJAR,ISLAM,WARGANEGARA,,,,,,,,,,,,,,'AISYAH SYAHIRAH BINTI AMAN SHAH,930315045264,KAD PENGENALAN,IBU KANDUNG,KERANI AM PEJABAT,,IRAS PERUNDING,1600,0102614531,0102614531,1,MOHD ZULHAIRY BIN JAINI,931004125691,KAD PENGENALAN,BAPA KANDUNG,,,,,,01110045691,KAMPUNG RANGGU,JALAN RANGGU,BATU 9,91000,TAWAU,PENAMPANG,SABAH
174,261203163806,AQMAR FARISH BIN SUDIMAN,190201120843,KAD PENGENALAN,01-02-2019,BERSEKOLAH,08-01-2026,08-01-2026,TAHUN SATU,MUMTAZ,,BIASA,PERDANA / AKADEMIK,TIADA BIDANG,RASMAWATI BINTI TAUSE,LELAKI,BUGIS,ISLAM,WARGANEGARA,,,,,,,,,,,,,,HALIJAH BINTI MARUPI,900624126386,KAD PENGENALAN,IBU KANDUNG,,TIDAK BEKERJA,,500,,0128616094,6,SUDIMAN BIN SULE,820222125989,KAD PENGENALAN,BAPA KANDUNG,BEKERJA SENDIRI,TIDAK BEKERJA,TIADA,1500,,0148585092,"KAMPUNG RANGGU,BT10",,,91000,TAWAU,PENAMPANG,SABAH
175,241201348875,AZZAHRA BALQISHA BINTI AWIEE,190719020484,KAD PENGENALAN,19-07-2019,BERSEKOLAH,08-01-2026,08-01-2026,TAHUN SATU,MUMTAZ,,BIASA,PERDANA / AKADEMIK,TIADA BIDANG,RASMAWATI BINTI TAUSE,PEREMPUAN,DUSUN,ISLAM,WARGANEGARA,,,,,,,,,,,,,,AWIEE BIN HAMPARY,950303125417,KAD PENGENALAN,BAPA KANDUNG,ANGGOTA KERANI KETENTERAAN,BEKERJA,BATALION KE 8 REJIMEN SEMPADAN,3829,0196275746,0195048858,2,BIBIANA BINTI RAHISIN,950218125922,KAD PENGENALAN,IBU KANDUNG,,TIDAK BEKERJA,,0,,0102945922,"E-01-05, SOUTH VILLA APPARTMENT",BANDAR SRI INDAH,,91000,TAWAU,PENAMPANG,SABAH
176,241201349323,DARISA ZUHAYRA BINTI RIZAN HARDINATA,191014121298,KAD PENGENALAN,14-10-2019,BERSEKOLAH,08-01-2026,08-01-2026,TAHUN SATU,MUMTAZ,,BIASA,PERDANA / AKADEMIK,TIADA BIDANG,RASMAWATI BINTI TAUSE,PEREMPUAN,MELAYU SABAH,ISLAM,WARGANEGARA,,,,,,,,,,,,,,NOOR AZIMAH BINTI AHMAT,880811495288,KAD PENGENALAN,IBU KANDUNG,BEKERJA SENDIRI,BEKERJA,HAPPY BAKE SHOP,3000,0138808027,0138808027,2,RIZAN HARDINATA BIN BABA,800227125613,KAD PENGENALAN,BAPA KANDUNG,PENGURUS BESAR,BEKERJA,BENTA WAWASAN SDN BHD,18884,0168218027,0168218027,"LORONG PANGLIMA ABDULLAH, KAMPUNG RANGGU","JALAN APAS, BATU 9",,91000,TAWAU,PENAMPANG,SABAH
177,261203163773,FAYYADH HUZAIR BIN SAINUDDIN,190209121007,KAD PENGENALAN,09-02-2019,BERSEKOLAH,08-01-2026,08-01-2026,TAHUN SATU,MUMTAZ,,BIASA,PERDANA / AKADEMIK,TIADA BIDANG,RASMAWATI BINTI TAUSE,LELAKI,BUGIS,ISLAM,WARGANEGARA,,,,,,,,,,,,,,SAINUDDIN BIN SALAMIN,871017495411,KAD PENGENALAN,BAPA KANDUNG,BEKERJA SENDIRI,BEKERJA,PERMATA HATI ENTERPRISE,5000,0135325748,0135325748,3,ROSITA BINTI RABBI,910721126328,KAD PENGENALAN,IBU KANDUNG,,,,,,0193760432,"TAMAN DESA RANGGU , LORONG 2 LOT 23 ,",BATU 9 JALAN RANGGU,,91000,TAWAU,PENAMPANG,SABAH
178,261203163769,MOHAMAD FARID BIN MUSLIMIN,190216120061,KAD PENGENALAN,16-02-2019,BERSEKOLAH,08-01-2026,08-01-2026,TAHUN SATU,MUMTAZ,,BIASA,PERDANA / AKADEMIK,TIADA BIDANG,RASMAWATI BINTI TAUSE,LELAKI,BUGIS,ISLAM,WARGANEGARA,,,,,,,,,,,,,,DALIAH BINTI DAHALANG,781004126060,KAD PENGENALAN,IBU KANDUNG,KERANI AKAUN,TIDAK BEKERJA,DSHARE ENTERPRISE,3000,,0138607741,9,MUSLIMIN BIN SAKKA,760929125681,KAD PENGENALAN,BAPA KANDUNG,EKSEKUTIF PEMASARAN,,DSHARE ENTERPRISE,3200,0138607741,0198724820,"TB 13515, FASA 1, BANDAR SRI INDAH",,,91000,TAWAU,PENAMPANG,SABAH
179,261203163770,MOHAMMAD RAYYAN ASHRAF BIN RUZAIME,190524120549,KAD PENGENALAN,24-05-2019,BERSEKOLAH,08-01-2026,08-01-2026,TAHUN SATU,MUMTAZ,,BIASA,PERDANA / AKADEMIK,TIADA BIDANG,RASMAWATI BINTI TAUSE,LELAKI,BUGIS,ISLAM,WARGANEGARA,,,,,,,,,,,,,,RUZAIME BIN BAHRUN,890301125913,KAD PENGENALAN,BAPA KANDUNG,PENGHANTAR DOKUMEN,TIDAK BEKERJA,FAIZAL,1669.95,,0178686503,5,MUNIRA BINTI YAKUB,921010125664,KAD PENGENALAN,IBU KANDUNG,,TIDAK BEKERJA,,0,,0128656571,KAMPUNG RANGGU BT10,,,91000,TAWAU,PENAMPANG,SABAH
180,231203038127,MUHAMMAD ADIB DANIAL BIN ASDI,190401121103,KAD PENGENALAN,01-04-2019,BERSEKOLAH,08-01-2026,08-01-2026,TAHUN SATU,MUMTAZ,,BIASA,PERDANA / AKADEMIK,TIADA BIDANG,RASMAWATI BINTI TAUSE,LELAKI,BUGIS,ISLAM,WARGANEGARA,,,,,,,,,,,,,,ASDI BIN BEDDU,770807125893,KAD PENGENALAN,BAPA KANDUNG,PEMANDU LORI,BEKERJA,MUSKIN,1200,01131530488,01131530488,6,MAS RINA BINTI MOHAMADIN,820411125144,KAD PENGENALAN,IBU KANDUNG,,TIDAK BEKERJA,,0,,0162437782,TB LOT 22 TAMAN DESA RANGGU BT 9,TB LOT 22 TAMAN DESA RANGGU BT 9,TAWAU,91000,TAWAU,PENAMPANG,SABAH
181,251201137392,MUHAMMAD ALHAFIZH BIN ABDULLAH,191212121563,KAD PENGENALAN,12-12-2019,BERSEKOLAH,08-01-2026,08-01-2026,TAHUN SATU,MUMTAZ,,BIASA,PERDANA / AKADEMIK,TIADA BIDANG,RASMAWATI BINTI TAUSE,LELAKI,BAJAU,ISLAM,WARGANEGARA,,,,,,,,,,,,,,AZMIL BIN HAJINULA,3110/92,TANPA DOKUMEN,BAPA KANDUNG,KELINDAN LORI,BEKERJA,FARIDAH HERFIDAH ENTERPRISE,1885,0168292939,0108122017,2,ASFADIZA BINTI AB GANI,880120495764,KAD PENGENALAN,IBU KANDUNG,,TIDAK BEKERJA,,1200,,01116482372,TB450,LORONG SAUJANA 2,TAMAN RANGGU SAUJANA,91007,TAWAU,PENAMPANG,SABAH
182,241201358973,MUHAMMAD AYDEN FAAEQ BIN MUHAMMAD NAZMI,190318120767,KAD PENGENALAN,18-03-2019,BERSEKOLAH,08-01-2026,08-01-2026,TAHUN SATU,MUMTAZ,,BIASA,PERDANA / AKADEMIK,TIADA BIDANG,RASMAWATI BINTI TAUSE,LELAKI,BUGIS,ISLAM,WARGANEGARA,,,,,,,,,,,,,,MUHAMMAD NAZMI BIN ROSIDIAN,960317126241,KAD PENGENALAN,BAPA KANDUNG,PENOLONG PEGAWAI PERUBATAN GRED U,BEKERJA,HOSPITAL TAWAU,3062.34,089706000,01110151796,2,HAZRINA BINTI ALIMUDIN,970910126196,KAD PENGENALAN,IBU KANDUNG,,TIDAK BEKERJA,,0,,01131454649,KAMPUNG RANGGU,BATU 10,JALAN APAS,91000,TAWAU,PENAMPANG,SABAH
183,261203163801,MUHAMMAD FAYADH MUTTAQIN BIN SAMSUL,190515121603,KAD PENGENALAN,15-05-2019,BERSEKOLAH,08-01-2026,08-01-2026,TAHUN SATU,MUMTAZ,,BIASA,PERDANA / AKADEMIK,TIADA BIDANG,RASMAWATI BINTI TAUSE,LELAKI,BUGIS,ISLAM,WARGANEGARA,,,,,,,,,,,,,,SAMSUL BIN HASSAN,870418125273,KAD PENGENALAN,BAPA KANDUNG,ANGGOTA POLIS TENTERA,BEKERJA,ANGKATAN TENTERA MALAYSIA,5768.68,0108819562,0199687366,2,MARIYANI BINTI RAJAK,931202126740,KAD PENGENALAN,IBU KANDUNG,,TIDAK BEKERJA,,0,,0138914693,"NO.18223, LORONG 5C 1/1, FASA 5,",BANDAR SRI INDAH,BATU10 JALAN APAS,91000,TAWAU,PENAMPANG,SABAH
184,261203163811,MUHAMMAD RAYYAN BIN AZLAN,190204120347,KAD PENGENALAN,04-02-2019,BERSEKOLAH,08-01-2026,08-01-2026,TAHUN SATU,MUMTAZ,,BIASA,PERDANA / AKADEMIK,TIADA BIDANG,RASMAWATI BINTI TAUSE,LELAKI,JAWA,ISLAM,WARGANEGARA,,,,,,,,,,,,,,AZLAN BIN SUTRASNOOR,970410125613,KAD PENGENALAN,BAPA KANDUNG,KERANI OPERASI,BEKERJA,SABAH PORT SDN.BHD,1820,089773700,01135878377,1,SITI ROSZYANA BINTI JUNI,971014127048,KAD PENGENALAN,IBU KANDUNG,,,,,,01151848441,TB 1154 LRG 15 RESIDENSI,"RANGGU 5 , TAMAN PRIMA RANGGU",,91000,TAWAU,PENAMPANG,SABAH
185,241202327607,MUHAMMAD SYAKIR HARRAZ BIN SAMSU,190126120463,KAD PENGENALAN,26-01-2019,BERSEKOLAH,08-01-2026,08-01-2026,TAHUN SATU,MUMTAZ,,BIASA,PERDANA / AKADEMIK,TIADA BIDANG,RASMAWATI BINTI TAUSE,LELAKI,BUGIS,ISLAM,WARGANEGARA,,,,,,,,,,,,,,HAMSIAH BINTI HAMID,831119125538,KAD PENGENALAN,LAIN-LAIN,GURU,BEKERJA,"SEK KEB RANGGU,TAWAU",9953.31,01165749440,0103613797,4,SAMSU BIN MASALIONG,671220125487,KAD PENGENALAN,LAIN-LAIN,,TIDAK BEKERJA,,0,,0195853797,"TB 608, LORONG 1,","TAMAN RANGGU SAUJANA,",JALAN RANGGU,91000,TAWAU,PENAMPANG,SABAH
186,251201096612,MUHAMMAD ZUL IQWAN BIN ABDUL KENHAL,190405120087,KAD PENGENALAN,05-04-2019,BERSEKOLAH,08-01-2026,08-01-2026,TAHUN SATU,MUMTAZ,,BIASA,PERDANA / AKADEMIK,TIADA BIDANG,RASMAWATI BINTI TAUSE,LELAKI,BAJAU,ISLAM,WARGANEGARA,,,,,,,,,,,,,,ABDUL KENHAL BIN EDWARD,800822126039,KAD PENGENALAN,BAPA KANDUNG,BEKERJA SENDIRI,BEKERJA,TAWAU,1200,0143972407,0143972407,7,RIKA BINTI HUSAINI,800910126098,KAD PENGENALAN,IBU KANDUNG,,TIDAK BEKERJA,,0,,0143972407,KAMPUNG RANGGU BATU 9,TAWAU,,91000,TAWAU,PENAMPANG,SABAH
187,261203163778,NUR AAFIYAH RANIA BINTI MOHD. RAFIE,190813120692,KAD PENGENALAN,13-08-2019,BERSEKOLAH,08-01-2026,08-01-2026,TAHUN SATU,MUMTAZ,,BIASA,PERDANA / AKADEMIK,TIADA BIDANG,RASMAWATI BINTI TAUSE,PEREMPUAN,TIDUNG,ISLAM,WARGANEGARA,,,,,,,,,,,,,,ALDILINA BINTI WAHAB,911204126092,KAD PENGENALAN,IBU KANDUNG,,TIDAK BEKERJA,,0,,0143514330,3,MOHD. RAFIE BIN SAMHARI,910404135415,KAD PENGENALAN,BAPA KANDUNG,JURURAWAT (KESIHATAN AWAM),BEKERJA,HOSPITAL BESAR TAWAU SABAH,3678.27,0138594084,0138594084,TB840 LORONG 13⅓,TAMAN RESIDENSI PRIMA RANGGU,BATU 12 JALAN APAS 91000 TAWAU SABAH,91000,TAWAU,PENAMPANG,SABAH
188,241202323147,NUR AIRA MIKHAYLA BINTI ILYAS,190606120390,KAD PENGENALAN,06-06-2019,BERSEKOLAH,12-09-2026,14-09-2026,TAHUN SATU,MUMTAZ,,BIASA,PERDANA / AKADEMIK,TIADA BIDANG,RASMAWATI BINTI TAUSE,PEREMPUAN,BUGIS,ISLAM,WARGANEGARA,,,,,,,,,,,,,,NUR FADILAH BINTI TASRI,981012126518,KAD PENGENALAN,IBU KANDUNG,,TIDAK BEKERJA,,2000,,0105822406,2,,,,,,,,,,,BORNEO SAMUDERA SDU BHD,LADANGA SUNGAI BALUNG,,91009,TAWAU,PENAMPANG,SABAH
189,261202367343,NUR AMANIA BINTI ABDULLAH,098042XAH,SIJIL LAHIR,27-11-2019,BERSEKOLAH,12-05-2026,13-05-2026,TAHUN SATU,MUMTAZ,,BIASA,PERDANA / AKADEMIK,TIADA BIDANG,RASMAWATI BINTI TAUSE,PEREMPUAN,SULUK,ISLAM,BUKAN WARGANEGARA,MALAYSIA,,,,,,,,,,,,,,,,,,,,,,,,,,,,,,,,,,,,,,,,
190,261203163783,NUR AREESA SOFIA BINTI MUHAMAD DANIAL,190429120364,KAD PENGENALAN,29-04-2019,BERSEKOLAH,08-01-2026,08-01-2026,TAHUN SATU,MUMTAZ,,BIASA,PERDANA / AKADEMIK,TIADA BIDANG,RASMAWATI BINTI TAUSE,PEREMPUAN,MELAYU,ISLAM,WARGANEGARA,,,,,,,,,,,,,,NUR SYAHMINA AYU BINTI CAHRUN,980612126568,KAD PENGENALAN,IBU KANDUNG,KERANI AM PEJABAT,BEKERJA,DATUK ELBERT LIM YU MING,1700,089916161,0109652125,3,MUHAMAD DANIAL BIN MAT HALIM,980520065147,KAD PENGENALAN,BAPA KANDUNG,JURUTEKNIK,BEKERJA,RIDZCOMM ENTERPRISE,1700,01136452731,01136452731,KAMPUNG RANGGU BATU 10 JALAN APAS,,,91008,TAWAU,PENAMPANG,SABAH
191,251201096615,NUR HANA MIKAYLA BINTI MAKSUD,191102120754,KAD PENGENALAN,02-11-2019,BERSEKOLAH,08-01-2026,08-01-2026,TAHUN SATU,MUMTAZ,,BIASA,PERDANA / AKADEMIK,TIADA BIDANG,RASMAWATI BINTI TAUSE,PEREMPUAN,BAJAU,ISLAM,WARGANEGARA,,,,,,,,,,,,,,MAKSUD BIN KARANI,901029126853,KAD PENGENALAN,BAPA KANDUNG,PEGAWAI RENDAH POLIS DAN KONSTABEL GRED YA1,BEKERJA,POLIS DIRAJA MALAYSIA,4376.79,089715262,0138271156,3,NOORSHAHIDA BINTI NATTANG,900121125760,KAD PENGENALAN,IBU KANDUNG,,TIDAK BEKERJA,,0,,0109494021,RESIDENSI PRIMA RANGGU,TB 188 LORONG 4,PRIMA RANGGU,91000,TAWAU,PENAMPANG,SABAH
192,241202327617,NUR MUTHMAINNAH BINTI JAMALUDDIN,190613120866,KAD PENGENALAN,13-06-2019,BERSEKOLAH,08-01-2026,08-01-2026,TAHUN SATU,MUMTAZ,,BIASA,PERDANA / AKADEMIK,TIADA BIDANG,RASMAWATI BINTI TAUSE,PEREMPUAN,BUGIS,ISLAM,WARGANEGARA,,,,,,,,,,,,,,ARIYATHY BINTI LAZOMBA,801017126348,KAD PENGENALAN,IBU KANDUNG,,TIDAK BEKERJA,,1000,,0146782647,4,,,,,,,,,,,KAMPUNG RANGGU BATU 10 JALAN APAS 91009,TAWAU SABAH,,91009,TAWAU,PENAMPANG,SABAH
193,261203163831,NUR SYAMIMI SAFIYYAH BINTI EDDRY,190831120696,KAD PENGENALAN,31-08-2019,BERSEKOLAH,08-01-2026,08-01-2026,TAHUN SATU,MUMTAZ,,BIASA,PERDANA / AKADEMIK,TIADA BIDANG,RASMAWATI BINTI TAUSE,PEREMPUAN,BAJAU,ISLAM,WARGANEGARA,,,,,,,,,,,,,,NORSELA BINTI AJIMUDDIN,921010126114,KAD PENGENALAN,IBU KANDUNG,,TIDAK BEKERJA,,0,,0108058090,7,EDDRY BIN SAHIDI,AT963209,NOMBOR PASPORT,BAPA KANDUNG,EKSEKUTIF JUALAN,TIDAK BEKERJA,HALOTELCO,2300,,0135388938,TB114 LORONG A,TAMAN RANGGU SAUJANA,,91000,TAWAU,PENAMPANG,SABAH
194,251201156041,NURALYSAH ADELIA BINTI MIKLI,190906120966,KAD PENGENALAN,06-09-2019,BERSEKOLAH,08-01-2026,08-01-2026,TAHUN SATU,MUMTAZ,,BIASA,PERDANA / AKADEMIK,TIADA BIDANG,RASMAWATI BINTI TAUSE,PEREMPUAN,DUSUN,ISLAM,WARGANEGARA,,,,,,,,,,,,,,ROSMIATI BINTI MANSUR,650302125904,KAD PENGENALAN,LAIN-LAIN,,TIDAK BEKERJA,,1000,,0143441980,5,DARZILAH BINTI DARWIN,930326126174,KAD PENGENALAN,LAIN-LAIN,,TIDAK BEKERJA,,0,,01161239493,"NO.2, KAMPUNG LIMBANAK,","JALAN LIMBANAK, PENAMPANG,",PENAMPANG,89500,PENAMPANG,TAMBUNAN,SABAH
195,261203163822,QAYLA AMMARA BINTI AZLAN,191014121116,KAD PENGENALAN,14-10-2019,BERSEKOLAH,08-01-2026,08-01-2026,TAHUN SATU,MUMTAZ,,BIASA,PERDANA / AKADEMIK,TIADA BIDANG,RASMAWATI BINTI TAUSE,PEREMPUAN,BUGIS,ISLAM,WARGANEGARA,,,,,,,,,,,,,,AZLAN BIN BASRI,870205495385,KAD PENGENALAN,BAPA KANDUNG,,TIDAK BEKERJA,,2500,,0146956545,5,NUR FATIHAH BINTI HERMAN,920310125530,KAD PENGENALAN,IBU KANDUNG,,TIDAK BEKERJA,,0,,0142822646,KAMPUNG RANGGU,BATU 12,,91000,TAWAU,PENAMPANG,SABAH
196,261202262859,RABIATUL ADAWIYAH BINTI RUSLAN,190929120336,KAD PENGENALAN,29-09-2019,BERSEKOLAH,29-01-2026,29-01-2026,TAHUN SATU,MUMTAZ,,BIASA,PERDANA / AKADEMIK,TIADA BIDANG,RASMAWATI BINTI TAUSE,PEREMPUAN,BUGIS,ISLAM,WARGANEGARA,,,,,,,,,,,,,,RUSLAN BIN KADIR,840417126867,KAD PENGENALAN,BAPA KANDUNG,BEKERJA SENDIRI,BEKERJA,TIADA,4500,0198079017,0198079017,6,JUMARNI BINTI LATAMUDE,840525125626,KAD PENGENALAN,IBU KANDUNG,,TIDAK BEKERJA,,0,,0198079017,,,,,,,
197,231203012766,RAYYAN AL FATEH BIN MOHAMMAD SARHAZMIE,190719120581,KAD PENGENALAN,19-07-2019,BERSEKOLAH,08-01-2026,08-01-2026,TAHUN SATU,MUMTAZ,,BIASA,PERDANA / AKADEMIK,TIADA BIDANG,RASMAWATI BINTI TAUSE,LELAKI,BUGIS,ISLAM,WARGANEGARA,,,,,,,,,,,,,,NURAISAH BINTI MAPAITA,870903495024,KAD PENGENALAN,IBU KANDUNG,KERANI AKAUN,TIDAK BEKERJA,LEMBAGA TABUNG HAJI,4917,,0107920309,2,,,,,,,,,,,"TB 974 RESIDENSI 5, LORONG 15",TAMAN PRIMA RANGGU,BATU 9 JALAN RANGGU,91000,TAWAU,PENAMPANG,SABAH
198,261203163837,SAIMA MAISARAH BINTI RAJLAN,190621120284,KAD PENGENALAN,21-06-2019,BERSEKOLAH,08-01-2026,08-01-2026,TAHUN SATU,MUMTAZ,,BIASA,PERDANA / AKADEMIK,TIADA BIDANG,RASMAWATI BINTI TAUSE,PEREMPUAN,BAJAU,ISLAM,WARGANEGARA,,,,,,,,,,,,,,NAZHATUL SHIMA BINTI ASMAN,890523125388,KAD PENGENALAN,IBU KANDUNG,,TIDAK BEKERJA,,0,,0138363354,3,RAJLAN BIN NASARUN,841001126163,KAD PENGENALAN,BAPA KANDUNG,KERANI PERKAPALAN,BEKERJA,NKA ENERGY VENTURES SDN BHD,2500,01308541333,0128031114,TB 18335 LOT 1183,BANDAR SRI INDAH,FASA 5B JALAN APAS BATU 10,91000,TAWAU,PENAMPANG,SABAH
199,241202327632,SITI AISYAH BINTI FIRDAUS,190712120204,KAD PENGENALAN,12-07-2019,BERSEKOLAH,08-01-2026,08-01-2026,TAHUN SATU,MUMTAZ,,BIASA,PERDANA / AKADEMIK,TIADA BIDANG,RASMAWATI BINTI TAUSE,PEREMPUAN,TIDUNG,ISLAM,WARGANEGARA,,,,,,,,,,,,,,FIRDAUS BIN AGUS SALIM,860417125715,KAD PENGENALAN,BAPA KANDUNG,KERANI DOKUMEN,TIDAK BEKERJA,LIN LEN SHIN,1700,,0168332034,7,HANAPISAH BINTI ABD HAFID,830718126204,KAD PENGENALAN,IBU KANDUNG,,TIDAK BEKERJA,,0,,0168302034,A3-20 TINGKAT 3 BLOK A,PPR TAMAN SRI APAS (PPR),JALAN APAS BATU 8,91000,TAWAU,PENAMPANG,SABAH
200,241202327642,UMMU SUMAYYAH BINTI MOHAMMAD RAFFAEH,190626160082,KAD PENGENALAN,26-06-2019,BERSEKOLAH,08-01-2026,08-01-2026,TAHUN SATU,MUMTAZ,,BIASA,PERDANA / AKADEMIK,TIADA BIDANG,RASMAWATI BINTI TAUSE,PEREMPUAN,MELAYU,ISLAM,WARGANEGARA,,,,,,,,,,,,,,MOHAMMAD RAFFAEH BIN AB HANI,900414126679,KAD PENGENALAN,BAPA KANDUNG,,TIDAK BEKERJA,,1000,,0165871034,2,ROBIYAH BINTI MEGAT HASHIM,921026125706,KAD PENGENALAN,IBU KANDUNG,JURUTEKNOLOGI MAKMAL PERUBATAN,BEKERJA,KEMENTERIAN KESIHATAN MALAYSIA,5112.8,089983533,0165871322,"TB1041 LORONG 14, JLN RESIDENSI RANGGU 5","BATU 10, RESIDENSI PRIMA RANGGU",,91000,TAWAU,PENAMPANG,SABAH
201,251203181083,AAFA MALIHA BINTI MUHAMAD HARIS,180507100782,KAD PENGENALAN,07-05-2018,BERSEKOLAH,13-02-2025,20-12-2025,TAHUN DUA,ILTIZAM,,BIASA,PERDANA / AKADEMIK,TIADA BIDANG,MOHAMMAD IKHWAN BIN ABDURAIS,PEREMPUAN,MELAYU,ISLAM,WARGANEGARA,,,,,,,,,,,,,,SABRIA BINTI DIMENG,780816125712,KAD PENGENALAN,IBU KANDUNG,,TIDAK BEKERJA,,12000,,0166887705,3,MUHAMAD HARIS BIN HASHIM,780815075055,KAD PENGENALAN,BAPA KANDUNG,,TIDAK BEKERJA,,0,,0166887704,"TB 13197 BANDAR SRI INDAH,","LORONG INDAH 4, JALAN APAS BATU 10",,91000,TAWAU,PENAMPANG,SABAH
202,221203013339,AARIZ FATTAH BIN MUSTAMIN,180702121319,KAD PENGENALAN,02-07-2018,BERSEKOLAH,13-02-2025,20-12-2025,TAHUN DUA,ILTIZAM,,BIASA,PERDANA / AKADEMIK,TIADA BIDANG,MOHAMMAD IKHWAN BIN ABDURAIS,LELAKI,BOLONGAN,ISLAM,WARGANEGARA,,,,,,,,,,,,,,,,,,,,,,,,4,SULAILA BINTI AKUI,890506125298,KAD PENGENALAN,IBU KANDUNG,JURURAWAT,BEKERJA,KEMENTERIAN KESIHATAN MALAYSIA,3000,0162333501,0132333501,FASA 5A LORONG 2A  NO 17739,BANDAR SRI INDAH,TAWAU,91000,TAWAU,PENAMPANG,SABAH
203,251203181084,ABDUL ALYAN BIN SAHAMA,181211120893,KAD PENGENALAN,11-12-2018,BERSEKOLAH,13-02-2025,20-12-2025,TAHUN DUA,ILTIZAM,,BIASA,PERDANA / AKADEMIK,TIADA BIDANG,MOHAMMAD IKHWAN BIN ABDURAIS,LELAKI,BUGIS,ISLAM,WARGANEGARA,,,,,,,,,,,,,,,,,,,,,,,,5,SAHAMA BIN SALLEH,770426125267,KAD PENGENALAN,BAPA KANDUNG,GURU PENDIDIKAN MENENGAH,TIDAK BEKERJA,SMK KIKABUTAN,7600,,0128633684,RESIDENSI PRIMA RANGGU,LORONG 16,TB 1259,91000,TAWAU,PENAMPANG,SABAH
204,251203181085,ADAM FAQIH BIN ARAPA,180709120319,KAD PENGENALAN,09-07-2018,BERSEKOLAH,13-02-2025,20-12-2025,TAHUN DUA,ILTIZAM,,BIASA,PERDANA / AKADEMIK,TIADA BIDANG,MOHAMMAD IKHWAN BIN ABDURAIS,LELAKI,BUGIS,ISLAM,WARGANEGARA,,,,,,,,,,,,,,ARAPA BIN TILIP,900915125797,KAD PENGENALAN,BAPA KANDUNG,BURUH BINAAN (MINYAK DAN GAS),TIDAK BEKERJA,DELEUM OILFIELD SERVICES,3000,,0147839273,2,ASTUTY BINTI JAMALUDDIN,891104125572,KAD PENGENALAN,IBU KANDUNG,,TIDAK BEKERJA,,0,,0147839272,KAMPUNG RANGGU LORONG BUNGA RAYA,"BATU 10, 91000 TAWAU",SABAH,91000,TAWAU,PENAMPANG,SABAH
205,231001057914,ADAM NAUFAL BIN FAIZAL,180725120255,KAD PENGENALAN,25-07-2018,BERSEKOLAH,13-02-2025,20-12-2025,TAHUN DUA,ILTIZAM,,BIASA,PERDANA / AKADEMIK,TIADA BIDANG,MOHAMMAD IKHWAN BIN ABDURAIS,LELAKI,BUGIS,ISLAM,WARGANEGARA,,,,,,,,,,,,,,PAUSIAH BINTI AMATANG,910225126230,KAD PENGENALAN,IBU KANDUNG,,,,,,01127671091,3,FAIZAL BIN ACHO,910503125917,KAD PENGENALAN,BAPA KANDUNG,PEMANDU LORI,BEKERJA,HERMES,2500,01131461914,0165535917,TB 619 LORONG 11 RESIDENSI RANGGU 4,TAMAN PRIMA RANGGU JALAN RANGGU,BATU 12,91000,TAWAU,PENAMPANG,SABAH
206,241202327060,ADI FAHMEY BIN AZLEY,181014120501,KAD PENGENALAN,14-10-2018,BERSEKOLAH,13-02-2025,20-12-2025,TAHUN DUA,ILTIZAM,,BIASA,PERDANA / AKADEMIK,TIADA BIDANG,MOHAMMAD IKHWAN BIN ABDURAIS,LELAKI,KADAZAN,ISLAM,WARGANEGARA,,,,,,,,,,,,,,AZLEY BIN MATAHIR,841102125477,KAD PENGENALAN,BAPA KANDUNG,PEMBANTU AWAM GRED H,BEKERJA,JABATAN PERKHIDMATAN PEMBENTUNGAN NEGERI SABAH,1783.98,089776500,0142405477,4,SALAMAH BINTI GUMAIN,840618125860,KAD PENGENALAN,IBU KANDUNG,,,,,,0147985860,KAMPUNG RANGGU BATU 9 LORONG OT MAMANGKU,KAMPUNG RANGGU BATU 9 LORONG OT MAMANGKU,KAMPUNG RANGGU BATU 9 LORONG OT MAMANGKU,91000,TAWAU,PENAMPANG,SABAH
207,261202420133,ADRIAN AQEEL BIN ABDULLAH,180102121331,KAD PENGENALAN,02-01-2018,BERSEKOLAH,25-06-2026,25-06-2026,TAHUN DUA,ILTIZAM,,BIASA,PERDANA / AKADEMIK,TIADA BIDANG,MOHAMMAD IKHWAN BIN ABDURAIS,LELAKI,BUGIS,ISLAM,WARGANEGARA,,,,,,,,,,,,,,,,,,,,,,,,1,NUR SYADIKA BINTI BEDU,010509121112,KAD PENGENALAN,IBU KANDUNG,,,,,,,,,,,,,
208,221303002007,ANDER HERERRA ANAK SHEQAL,180217130377,KAD PENGENALAN,17-02-2018,BERSEKOLAH,13-02-2025,20-12-2025,TAHUN DUA,ILTIZAM,,BIASA,PERDANA / AKADEMIK,TIADA BIDANG,MOHAMMAD IKHWAN BIN ABDURAIS,LELAKI,BIDAYUH ATAU LAND DAYAK,KRISTIAN,WARGANEGARA,,,,,,,,,,,,,,IRENE BINTI SULIT,980706135668,KAD PENGENALAN,IBU KANDUNG,,TIDAK BEKERJA,,450,,0165520607,2,SHEQAL ANAK KAMIL,961019135857,KAD PENGENALAN,BAPA KANDUNG,ANGGOTA POLIS TENTERA,BEKERJA,ANGKATAN TENTERA MALAYSIA,2000,089917004,0186676568,LOT D 03-10 APARTMENT VILLA SRI INDAH,,,91000,TAWAU,PENAMPANG,SABAH
209,231203000772,AZMIN BIN MAIN,180308120043,KAD PENGENALAN,08-03-2018,BERSEKOLAH,13-07-2026,13-07-2026,TAHUN DUA,ILTIZAM,,BIASA,PERDANA / AKADEMIK,TIADA BIDANG,MOHAMMAD IKHWAN BIN ABDURAIS,LELAKI,BUGIS,ISLAM,WARGANEGARA,,,,,,,,,,,,,,MAIN BIN LATIRO,690202126199,KAD PENGENALAN,BAPA KANDUNG,,TIDAK BEKERJA,,1200,,0105826226,5,AMINAH BINTI SALENG,C7342947,NOMBOR PASPORT,IBU KANDUNG,,TIDAK BEKERJA,,0,,0105826226,PPR TAMAN SRI APAS,BATU 8,JALAN APAS,91000,TAWAU,PENAMPANG,SABAH
210,231201023079,BATRISYIA AAFIYAH BINTI JAAFAR,180731120278,KAD PENGENALAN,31-07-2018,BERSEKOLAH,13-02-2025,20-12-2025,TAHUN DUA,ILTIZAM,,BIASA,PERDANA / AKADEMIK,TIADA BIDANG,MOHAMMAD IKHWAN BIN ABDURAIS,PEREMPUAN,BUGIS,ISLAM,WARGANEGARA,,,,,,,,,,,,,,HALIMAH BINTI SALON,760830125542,KAD PENGENALAN,IBU KANDUNG,,TIDAK BEKERJA,,300,,01028342099,3,JAAFAR BIN HANAFI,E6821772,NOMBOR PASPORT,BAPA KANDUNG,,TIDAK BEKERJA,,0,,0128342099,KAMPUNG RANGGU,"BATU 9, JALAN RANGGU",,91000,TAWAU,PENAMPANG,SABAH
211,231203021523,ELIYYA ZAHRA BINTI JEFRY,180813120458,KAD PENGENALAN,13-08-2018,BERSEKOLAH,13-02-2025,20-12-2025,TAHUN DUA,ILTIZAM,,BIASA,PERDANA / AKADEMIK,TIADA BIDANG,MOHAMMAD IKHWAN BIN ABDURAIS,PEREMPUAN,BUGIS,ISLAM,WARGANEGARA,,,,,,,,,,,,,,,,,,,,,,,,2,ARISYAH AZREEN BINTI HASSAN,920802125684,KAD PENGENALAN,IBU KANDUNG,,TIDAK BEKERJA,,0,,0189630574,,,,,,,
212,231201021169,FADTRISHA ABBY FADZIL,180415080198,KAD PENGENALAN,15-04-2018,BERSEKOLAH,13-02-2025,20-12-2025,TAHUN DUA,ILTIZAM,,BIASA,PERDANA / AKADEMIK,TIADA BIDANG,MOHAMMAD IKHWAN BIN ABDURAIS,PEREMPUAN,DUSUN,KRISTIAN,WARGANEGARA,,,,,,,,,,,,,,FADZIL BIN MOHIN,850612125113,KAD PENGENALAN,BAPA KANDUNG,ANGGOTA POLIS TENTERA,BEKERJA,KEM SHAN SHUI,3168,01000000000,0165226331,3,ROBBYNA ANAK NYAKING,861110135104,KAD PENGENALAN,IBU KANDUNG,,TIDAK BEKERJA,,0,,0199176331,"NO 853, LORONG 1",TAMAN RANGGU SAUJANA,,91000,TAWAU,PENAMPANG,SABAH
213,231203024146,FADZDOTH AARAZZ BIN FADZILLEEN NOORZUANE SHAH,180713120039,KAD PENGENALAN,13-07-2018,BERSEKOLAH,13-02-2025,20-12-2025,TAHUN DUA,ILTIZAM,,BIASA,PERDANA / AKADEMIK,TIADA BIDANG,MOHAMMAD IKHWAN BIN ABDURAIS,LELAKI,MELAYU,ISLAM,WARGANEGARA,,,,,,,,,,,,,,FADZILLEEN NOORZUANE SHAH BIN FADZIL,880221495835,KAD PENGENALAN,BAPA KANDUNG,PEKERJA AM,TIDAK BEKERJA,BINA JAYA ENGINEERING,930,,0198300180,4,FARIDAH BINTI WAHING,801008125984,KAD PENGENALAN,IBU KANDUNG,BEKERJA SENDIRI,BEKERJA,FARIDAH WAHING,100,0168350810,0168350810,TAMAN RANGGU SAUJANA,NO 295,,91000,TAWAU,PENAMPANG,SABAH
214,231201022879,FAQRUL RADZI BIN HUSSIEN,180629120853,KAD PENGENALAN,29-06-2018,BERSEKOLAH,13-02-2025,20-12-2025,TAHUN DUA,ILTIZAM,,BIASA,PERDANA / AKADEMIK,TIADA BIDANG,MOHAMMAD IKHWAN BIN ABDURAIS,LELAKI,INDONESIA,ISLAM,WARGANEGARA,,,,,,,,,,,,,,HUSSIEN BIN LABULO,820831125095,KAD PENGENALAN,BAPA KANDUNG,,TIDAK BEKERJA,SINAR PERMAI ENTERPRISE,2500,,0195358918,2,KASMI BINTI KADIR,890807125830,KAD PENGENALAN,IBU KANDUNG,,TIDAK BEKERJA,,0,,0178319508,"TB40, LORONG 2",RESIDENSI PRIMA RANGGU,,91000,TAWAU,PENAMPANG,SABAH
215,231203008403,HANIF HAZIM BIN HASANUDDIN,180610120255,KAD PENGENALAN,10-06-2018,BERSEKOLAH,12-06-2025,20-12-2025,TAHUN DUA,ILTIZAM,,BIASA,PERDANA / AKADEMIK,TIADA BIDANG,MOHAMMAD IKHWAN BIN ABDURAIS,LELAKI,BUGIS,ISLAM,WARGANEGARA,,,,,,,,,,,,,,,,,,,,,,,,3,HASANUDDIN BIN BANDU,800421125449,KAD PENGENALAN,BAPA KANDUNG,PEMANDU,BEKERJA,HAP SENG,2200,089773717,0198030198,KG.RANGGU BATU 10,LORONG SARANG GERAT,JALAN RANCANGAN MAHMUD,91000,TAWAU,PENAMPANG,SABAH
216,231203021552,MOHAMAD DZAQIERUL FAYYADH BIN MOHAMAD RIDWAN,181230120813,KAD PENGENALAN,30-12-2018,BERSEKOLAH,13-02-2025,20-12-2025,TAHUN DUA,ILTIZAM,,BIASA,PERDANA / AKADEMIK,TIADA BIDANG,MOHAMMAD IKHWAN BIN ABDURAIS,LELAKI,SUNGAI,ISLAM,WARGANEGARA,,,,,,,,,,,,,,MOHAMAD RIDWAN BIN AHMADI,850902125883,KAD PENGENALAN,BAPA KANDUNG,PEMANDU LORI,BEKERJA,PRIFARIA SDN BHD,5420.85,0389594437,0172695883,5,SITI NORBAYANAH BINTI AMIN,890127125706,KAD PENGENALAN,IBU KANDUNG,,TIDAK BEKERJA,,0,,0147588390,PRIMA RANGGU NO 155,LORONG 3,,91000,TAWAU,PENAMPANG,SABAH
217,251203181070,MOHAMAD ZHARIF BIN MOHAMAD TAUFIK,180921120375,KAD PENGENALAN,21-09-2018,BERSEKOLAH,13-02-2025,20-12-2025,TAHUN DUA,ILTIZAM,,BIASA,PERDANA / AKADEMIK,TIADA BIDANG,MOHAMMAD IKHWAN BIN ABDURAIS,LELAKI,BAJAU,ISLAM,WARGANEGARA,,,,,,,,,,,,,,,,,,,,,,,,2,MOHAMAD TAUFIK BIN HAMDAN,870919495301,KAD PENGENALAN,BAPA KANDUNG,MEKANIK JENTERA PERINDUSTRIAN,BEKERJA,TCIM SDN BHD,1970,089715981,0178357600,BATU 10 KAMPUNG RANGGU,,,91000,TAWAU,PENAMPANG,SABAH
218,231203014712,MOHAMMAD HAZIEQWAN BIN MOHAMMAD HIZAM,181217120077,KAD PENGENALAN,17-12-2018,BERSEKOLAH,13-02-2025,20-12-2025,TAHUN DUA,ILTIZAM,,BIASA,PERDANA / AKADEMIK,TIADA BIDANG,MOHAMMAD IKHWAN BIN ABDURAIS,LELAKI,SULUK,ISLAM,WARGANEGARA,,,,,,,,,,,,,,MOHAMMAD HIZAM BIN KAMARUDIN,831217126091,KAD PENGENALAN,BAPA KANDUNG,PEMANDU LORI,BEKERJA,PL TRADING,1500,0168267505,0132601194,4,RAMLAYANAH BINTI YUNUS,781125125742,KAD PENGENALAN,IBU KANDUNG,,TIDAK BEKERJA,,0,,0102696393,NO 12 G4 TAMAN SRI APAS,BATU 8 JALAN APAS,,91000,TAWAU,PENAMPANG,SABAH
219,251203181071,MOHAMMAD RIFFANSYAH BIN RAMSAH,181118120477,KAD PENGENALAN,18-11-2018,BERSEKOLAH,13-02-2025,20-12-2025,TAHUN DUA,ILTIZAM,,BIASA,PERDANA / AKADEMIK,TIADA BIDANG,MOHAMMAD IKHWAN BIN ABDURAIS,LELAKI,BUGIS,ISLAM,WARGANEGARA,,,,,,,,,,,,,,MEILANIE MAHARDHIKA BINTI YUDIE,890505125528,KAD PENGENALAN,IBU KANDUNG,BEKERJA SENDIRI,,MEILANIE,1000,01126095528,01126095528,4,RAMSAH BIN RABBI,810630125831,KAD PENGENALAN,BAPA KANDUNG,BEKERJA SENDIRI,BEKERJA,PENGANGKUTAN ON@ON,2500,0198016868,0134248671,KAMPUNG RANGGU,LORONG BATU HIDUP/LORONG ORKID,,91000,TAWAU,PENAMPANG,SABAH
220,251203181102,MOHAMMAD SYAWAL DANIEL BIN JASSUN,180628120253,KAD PENGENALAN,28-06-2018,BERSEKOLAH,13-02-2025,20-12-2025,TAHUN DUA,ILTIZAM,,BIASA,PERDANA / AKADEMIK,TIADA BIDANG,MOHAMMAD IKHWAN BIN ABDURAIS,LELAKI,BRUNEI,ISLAM,WARGANEGARA,,,,,,,,,,,,,,SARINAH BINTI RAHMAD,941228127054,KAD PENGENALAN,IBU KANDUNG,,,,,,0167606936,1,,,,,,,,,,,IN PROS POULTRY FARM SDN BHD,JALAN APAS,BATU 8,91000,TAWAU,PENAMPANG,SABAH
221,231203017750,MOHAMMAD WAFDAN NADHIR BIN MOHD NAQIUDDIN NIYAZ,181228120849,KAD PENGENALAN,28-12-2018,BERSEKOLAH,13-02-2025,20-12-2025,TAHUN DUA,ILTIZAM,,BIASA,PERDANA / AKADEMIK,TIADA BIDANG,MOHAMMAD IKHWAN BIN ABDURAIS,LELAKI,IBAN ATAU SEA DAYAK,ISLAM,WARGANEGARA,,,,,,,,,,,,,,MOHD NAQIUDDIN NIYAZ LINYAW ABDULLAH,840124135305,KAD PENGENALAN,BAPA KANDUNG,PEGAWAI PENJARA GRED KA,TIDAK BEKERJA,JABATAN PENJARA TAWAU,2674.77,,0164457712,6,KARMILA BINTI KASSIM,840907125832,KAD PENGENALAN,IBU KANDUNG,PEGAWAI PENJARA GRED KA,TIDAK BEKERJA,PENJARA TAWAU,2000,,01133633440,TAMAN RANGGU SAUJANA,LORONG BELAKANG,TB 283,91000,TAWAU,PENAMPANG,SABAH
222,251003239967,MUHAMMAD HAMBALI BIN HELMI,181117120037,KAD PENGENALAN,17-11-2018,BERSEKOLAH,12-01-2026,15-01-2026,TAHUN DUA,ILTIZAM,,BIASA,PERDANA / AKADEMIK,TIADA BIDANG,MOHAMMAD IKHWAN BIN ABDURAIS,LELAKI,IDAHAN,ISLAM,WARGANEGARA,,,,,,,,,,,,,,,,,,,,,,,,2,HELMI BIN ABDUL RAHMAN,790205125579,KAD PENGENALAN,BAPA KANDUNG,PEMANDU LORI,BEKERJA,MACRO DEMINSION CONCRETE,2000,0361423418,0105404871,"BLOCK G,TINGKAT 1,JALAN SINARAN2",,,43300,BANDAR KAJANG,SABAK BERNAM,SELANGOR
223,231203021384,NAFIATUL INSYIRAH BINTI MOHD IKHRAM,180414120100,KAD PENGENALAN,14-04-2018,BERSEKOLAH,13-02-2025,20-12-2025,TAHUN DUA,ILTIZAM,,BIASA,PERDANA / AKADEMIK,TIADA BIDANG,MOHAMMAD IKHWAN BIN ABDURAIS,PEREMPUAN,SULUK,ISLAM,WARGANEGARA,,,,,,,,,,,,,,NURINA BINTI HUSEN,920525125896,KAD PENGENALAN,IBU KANDUNG,,TIDAK BEKERJA,,0,,0109499025,2,,,,,,,,,,,SIMPANG TABIKA KEMAS,KAMPUNG RANGGU BATU 10,JALAN RANCANGAN MAHMUD,91000,TAWAU,PENAMPANG,SABAH
224,241202327092,NAZEERA BINTI RAYMOND,180102120128,KAD PENGENALAN,02-01-2018,BERSEKOLAH,13-02-2025,20-12-2025,TAHUN DUA,ILTIZAM,,BIASA,PERDANA / AKADEMIK,TIADA BIDANG,MOHAMMAD IKHWAN BIN ABDURAIS,PEREMPUAN,BAJAU,ISLAM,WARGANEGARA,,,,,,,,,,,,,,RAYMOND BIN NASIRIN,701020125487,KAD PENGENALAN,BAPA KANDUNG,,TIDAK BEKERJA,,1000,,0128624733,3,CHARMAHAL SANA LADJAGANI,EC2696957,NOMBOR PASPORT,IBU KANDUNG,,TIDAK BEKERJA,,0,,0128624733,KG CINA RANGGU,"BATU 8, JALAN RANGGU",,91000,TAWAU,PENAMPANG,SABAH
225,251203181095,NUR AIN SYUHADA BINTI RAZLY,180118120114,KAD PENGENALAN,18-01-2018,BERSEKOLAH,13-02-2025,20-12-2025,TAHUN DUA,ILTIZAM,,BIASA,PERDANA / AKADEMIK,TIADA BIDANG,MOHAMMAD IKHWAN BIN ABDURAIS,PEREMPUAN,BRUNEI,ISLAM,WARGANEGARA,,,,,,,,,,,,,,RAZLY BIN AZMI,941114125835,KAD PENGENALAN,BAPA KANDUNG,PEGAWAI PENJARA GRED KA,,JABATAN PENJARA MALAYSIA,3423.13,089715535,01164653083,1,NUR FARAHIN BINTI SALENG,941204125978,KAD PENGENALAN,IBU KANDUNG,JURURAWAT TERLATIH,,KEMENTERIAN KESIHATAN MALAYSIA,4318.4,089773533,0198625789,"TB 1040,JALAN RESIDENSI RANGGU 5,","LORONG 14,TAMAN PRIMA RANGGU",,91000,TAWAU,PENAMPANG,SABAH
226,251203181096,NUR AIRA FARWIZAH BINTI NOOR ARWIYANSYAH,180816120832,KAD PENGENALAN,16-08-2018,BERSEKOLAH,13-02-2025,20-12-2025,TAHUN DUA,ILTIZAM,,BIASA,PERDANA / AKADEMIK,TIADA BIDANG,MOHAMMAD IKHWAN BIN ABDURAIS,PEREMPUAN,BUGIS,ISLAM,WARGANEGARA,,,,,,,,,,,,,,NOOR ARWIYANSYAH BIN TAJUDDIN,870606125545,KAD PENGENALAN,BAPA KANDUNG,PENGURUS LOGISTIK,,SFJ BEAUTY SDN BHD,10000,01126699078,0143337632,1,SITTI FATIMAH BINTI JANNA,900202125826,KAD PENGENALAN,IBU KANDUNG,,,,,,,"KG RANGGU,","LORONG MUSTAKIM, BATU 9",,91000,TAWAU,PENAMPANG,SABAH
227,251203181073,NUR AISYAH SAFIYYA BINTI HERMAN,181007120888,KAD PENGENALAN,07-10-2018,BERSEKOLAH,13-02-2025,20-12-2025,TAHUN DUA,ILTIZAM,,BIASA,PERDANA / AKADEMIK,TIADA BIDANG,MOHAMMAD IKHWAN BIN ABDURAIS,PEREMPUAN,BANJAR,ISLAM,WARGANEGARA,,,,,,,,,,,,,,HERMAN BIN AMIR,820930126317,KAD PENGENALAN,BAPA KANDUNG,BEKERJA SENDIRI,,BEKERJA SENDIRI,3000,,0172024051,2,SALBIAH BINTI SOPIANSYAH,870216495292,KAD PENGENALAN,IBU KANDUNG,,,,,,0179272511,"KG RANGGU, BATU 10",LORONG TADIKA KEMAS,,91000,TAWAU,PENAMPANG,SABAH
228,231203036329,NUR ALIESYAH SOFEA BINTI ABDULLAH,180828120282,KAD PENGENALAN,28-08-2018,BERSEKOLAH,13-02-2025,20-12-2025,TAHUN DUA,ILTIZAM,,BIASA,PERDANA / AKADEMIK,TIADA BIDANG,MOHAMMAD IKHWAN BIN ABDURAIS,PEREMPUAN,BUGIS,ISLAM,WARGANEGARA,,,,,,,,,,,,,,HALIMAH BINTI MARUPI,881016126082,KAD PENGENALAN,IBU KANDUNG,,TIDAK BEKERJA,,0,,01005155594,7,MAHADIR BIN HAJULA,841014125303,KAD PENGENALAN,BAPA KANDUNG,PEMANDU BAS,BEKERJA,AJ CAR RENTAL,1200,0167477479,0167477479,TAMAN RANGGU SAUJANA,TB537 JALAN RANGGU,BATU 10,91000,TAWAU,PENAMPANG,SABAH
229,231203002927,NUR ALISYA SOFIA BINTI MOHAMAD ALI,180309120360,KAD PENGENALAN,09-03-2018,BERSEKOLAH,13-02-2025,20-12-2025,TAHUN DUA,ILTIZAM,,BIASA,PERDANA / AKADEMIK,TIADA BIDANG,MOHAMMAD IKHWAN BIN ABDURAIS,PEREMPUAN,ETNIK SABAH,ISLAM,WARGANEGARA,,,,,,,,,,,,,,MOHAMAD ALI BIN SIJI,C5049045,NOMBOR PASPORT,BAPA KANDUNG,BEKERJA SENDIRI,TIDAK BEKERJA,TEGUH AUTO PARTS,1800,,0138706838,1,RATNAWATI BINTI LAMIDA,831117125454,KAD PENGENALAN,IBU KANDUNG,BEKERJA SENDIRI,BEKERJA,TEGUH AUTO PART,2200,0128205600,0128205600,"KAMPUNG RANGGU, WDT 193",,,91009,TAWAU,PENAMPANG,SABAH
230,231203021382,NUR ALYA SOFIA SOON YU XIN,180402120592,KAD PENGENALAN,02-04-2018,BERSEKOLAH,13-02-2025,20-12-2025,TAHUN DUA,ILTIZAM,,BIASA,PERDANA / AKADEMIK,TIADA BIDANG,MOHAMMAD IKHWAN BIN ABDURAIS,PEREMPUAN,CINA,ISLAM,WARGANEGARA,,,,,,,,,,,,,,NOOR FAH BINTI SUDI,870418495020,KAD PENGENALAN,IBU KANDUNG,BEKERJA SENDIRI,BEKERJA,MR.TSEN,1500,0128008152,0162889674,4,,,,,,,,,,,KAMPUNG RANGGU JALAN APAS PETI SURAT 842,,91008,91008,TAWAU,PENAMPANG,SABAH
231,231203021519,RIZQ ARFAN BIN MOHD.AZRUL,180702121503,KAD PENGENALAN,02-07-2018,BERSEKOLAH,13-02-2025,20-12-2025,TAHUN DUA,ILTIZAM,,BIASA,PERDANA / AKADEMIK,TIADA BIDANG,MOHAMMAD IKHWAN BIN ABDURAIS,LELAKI,SULUK,ISLAM,WARGANEGARA,,,,,,,,,,,,,,MOHD.AZRUL BIN ISNIRUL,881114495463,KAD PENGENALAN,BAPA KANDUNG,GURU,BEKERJA,SEKOLAH MENENGAH KEBANGSAAN JAMBATAN PUTIH,7811.37,089712603,0122827426,3,HERONNISAH BINTI PAHING,911106125942,KAD PENGENALAN,IBU KANDUNG,,,,,,0178901801,KAMPUNG RANGGU,BATU 9 JALAN APAS,,91000,TAWAU,PENAMPANG,SABAH
232,231203021383,SARAH ZAFEERA BINTI MUHAMMAD ZULFADLI,180725120060,KAD PENGENALAN,25-07-2018,BERSEKOLAH,13-02-2025,20-12-2025,TAHUN DUA,ILTIZAM,,BIASA,PERDANA / AKADEMIK,TIADA BIDANG,MOHAMMAD IKHWAN BIN ABDURAIS,PEREMPUAN,KEDAYAN,ISLAM,WARGANEGARA,,,,,,,,,,,,,,MUHAMMAD ZULFADLI BIN CHACHO,890102125283,KAD PENGENALAN,BAPA KANDUNG,GURU,BEKERJA,SEKOLAH KEBANGSAAN PASIR PUTIH,7723.37,089769715,0102398990,3,NORSAKINAH BINTI KULA,901201155024,KAD PENGENALAN,IBU KANDUNG,GURU,BEKERJA,SEKOLAH KEBANGSAAN BALUNG,8663.16,01156537807,0102368990,"KAMPUNG RANGGU, BATU 10, PETI SURAT 842",SIMPANG TABIKA KEMAS,,91008,TAWAU,PENAMPANG,SABAH
233,231203008320,SHAQEELA SHAFFIRA BINTI SURIANTO,181201120144,KAD PENGENALAN,01-12-2018,BERSEKOLAH,11-01-2026,11-01-2026,TAHUN DUA,ILTIZAM,,BIASA,PERDANA / AKADEMIK,TIADA BIDANG,MOHAMMAD IKHWAN BIN ABDURAIS,PEREMPUAN,IDAHAN,ISLAM,WARGANEGARA,,,,,,,,,,,,,,SURIANTO SARMON JUMADI,800926126105,KAD PENGENALAN,BAPA KANDUNG,PENGURUS,BEKERJA,SAWIT BULKERS SDN BHD,7053.53,089631495,0163846703,6,FAIZIANTTY BINTI MOHD HASYIM,920125126718,KAD PENGENALAN,IBU KANDUNG,PEGAWAI PENGUATKUASA GRED KP,,KPDNKSH,4120,010776690,01131626268,"TB 831, LORONG 13-1/3,","RESIDENDI RANGGU 4, TAMAN PR1MA RANGGU,","JALAN RANGGU, BATU 12",91000,TAWAU,PENAMPANG,SABAH
234,241202281028,ULFAH KHAIRUNNISA BINTI RICHMAL,180627120382,KAD PENGENALAN,27-06-2018,BERSEKOLAH,22-05-2026,22-05-2026,TAHUN DUA,ILTIZAM,,BIASA,PERDANA / AKADEMIK,TIADA BIDANG,MOHAMMAD IKHWAN BIN ABDURAIS,PEREMPUAN,BAJAU,ISLAM,WARGANEGARA,,,,,,,,,,,,,,RICHMAL BIN SALIH,920601126007,KAD PENGENALAN,BAPA KANDUNG,ANGGOTA POLIS TENTERA,BEKERJA,BATALION KE-8 REJIMEN SEMPADAN,6098.46,0190,0128597817,6,HASNA BINTI NURDIN,880129495584,KAD PENGENALAN,IBU KANDUNG,KERANI AKAUN,BEKERJA,CINDERELLA BRIDAL SDN BHD,1700,0106662583,0179648034,"TB 18589, LOT (862)",BANDAR SRI INDAH FASA 5C 1/7,BT 10 JALAN APAS,91000,TAWAU,PENAMPANG,SABAH
235,251203051165,UMMU MARDHIAH BINTI MADZAH,180703120780,KAD PENGENALAN,03-07-2018,BERSEKOLAH,22-06-2026,23-06-2026,TAHUN DUA,ILTIZAM,,BIASA,PERDANA / AKADEMIK,TIADA BIDANG,MOHAMMAD IKHWAN BIN ABDURAIS,PEREMPUAN,MELAYU,ISLAM,WARGANEGARA,,,,,,,,,,,,,,MADZAH BIN SPERMAN,920926126857,KAD PENGENALAN,BAPA KANDUNG,ANGGOTA POLIS TENTERA,BEKERJA,KEMENTERIAN PERTAHANAN,2200,089911101,01774724642,4,,,,,,,,,,,NO 384 LORONG 3,TAMAN CENDERAWASIH,JALAN KUNAK - TAWAU,91207,KUNAK,BELURAN,SABAH
236,251203181067,AHMAD YUSUF BIN SUDIRMAN,180208120601,KAD PENGENALAN,08-02-2018,BERSEKOLAH,13-02-2025,20-12-2025,TAHUN DUA,JAYYID,,BIASA,PERDANA / AKADEMIK,TIADA BIDANG,MARINI BINTI LADI,LELAKI,BUGIS,ISLAM,WARGANEGARA,,,,,,,,,,,,,,SUDIRMAN BIN YAKKA,850629125507,KAD PENGENALAN,BAPA KANDUNG,PENYELIA,BEKERJA,EVOLUSI BERSATU SDN BHD,2800,088652733,0135465480,4,ERNAWATI BINTI TOBA,870119495290,KAD PENGENALAN,IBU KANDUNG,,TIDAK BEKERJA,,0,,0146907178,TB251 LRG 1 RESIDENSI RANGGU,TMN PRIMA RANGGU,JLN RANGGU BT12,91000,TAWAU,PENAMPANG,SABAH
237,251203181103,AISY AYRA BINTI MURSALIN,180329120640,KAD PENGENALAN,29-03-2018,BERSEKOLAH,13-02-2025,20-12-2025,TAHUN DUA,JAYYID,,BIASA,PERDANA / AKADEMIK,TIADA BIDANG,MARINI BINTI LADI,PEREMPUAN,JAWA,ISLAM,WARGANEGARA,,,,,,,,,,,,,,SUTRA BINTI ABDUL SALAM,860509125528,KAD PENGENALAN,IBU KANDUNG,JURUWANG BANK,BEKERJA,PUBLIC BANK BERHAD,6400,089913262,0165090905,4,MURSALIN BIN MANSUR,860811125131,KAD PENGENALAN,BAPA KANDUNG,,TIDAK BEKERJA,,1500,,0128021786,TB13335 LOT 261 BANDAR SRI INDAH,BATU 10 JALAN APAS,TAWAU,91000,TAWAU,PENAMPANG,SABAH
238,231203021070,AKID HARRAZ BIN ZULKIFLI,180609120485,KAD PENGENALAN,09-06-2018,BERSEKOLAH,13-02-2025,20-12-2025,TAHUN DUA,JAYYID,,BIASA,PERDANA / AKADEMIK,TIADA BIDANG,MARINI BINTI LADI,LELAKI,MELAYU,ISLAM,WARGANEGARA,,,,,,,,,,,,,,ZULKIFLI BIN AZIZ,800901025359,KAD PENGENALAN,BAPA KANDUNG,,TIDAK BEKERJA,,2225,,01157512849,6,YUSNITA BINTI OSMAN,840427125278,KAD PENGENALAN,IBU KANDUNG,,TIDAK BEKERJA,,0,,01442823541,"KAMPUNG RANGGU BATU 10 ,JALAN APAS",,,91000,TAWAU,PENAMPANG,SABAH
239,251202627580,DELISHA PUTRI BINTI ABDULLAH,0918XAH0A,SIJIL LAHIR,10-05-2018,BERSEKOLAH,09-04-2025,20-12-2025,TAHUN DUA,JAYYID,,BIASA,PERDANA / AKADEMIK,TIADA BIDANG,MARINI BINTI LADI,PEREMPUAN,BUGIS,ISLAM,BUKAN WARGANEGARA,INDONESIA,,,,,,,,,,,,,,,,,,,,,,,,,,,,,,,,,,,,,,,,
240,251203181064,FATIMAH AZ ZAHRAH BINTI AZMI,180804120376,KAD PENGENALAN,04-08-2018,BERSEKOLAH,13-02-2025,20-12-2025,TAHUN DUA,JAYYID,,BIASA,PERDANA / AKADEMIK,TIADA BIDANG,MARINI BINTI LADI,PEREMPUAN,BAJAU,ISLAM,WARGANEGARA,,,,,,,,,,,,,,AZMI BIN MARALAM,740512126357,KAD PENGENALAN,BAPA KANDUNG,BEKERJA SENDIRI,BEKERJA,AZMI MARALAM,1800,0128621005,0128621005,7,ROSITTAH BINTI JAMALONG,800917125792,KAD PENGENALAN,IBU KANDUNG,,TIDAK BEKERJA,,0,,0178909474,RESIDENSI PRIMA RANGGU,"142, LORONG 3",JALAN RESIDENSI RANGGU,91000,TAWAU,PENAMPANG,SABAH
241,251203181680,FATIMAH SALIKAH BINTI TAHANG @ ABDUR RAHMAN,180215120052,KAD PENGENALAN,15-02-2018,BERSEKOLAH,14-10-2025,20-12-2025,TAHUN DUA,JAYYID,,BIASA,PERDANA / AKADEMIK,TIADA BIDANG,MARINI BINTI LADI,PEREMPUAN,SULUK,ISLAM,WARGANEGARA,,,,,,,,,,,,,,TAHANG @ ABDUR RAHMAN BIN SALLEH,760817125839,KAD PENGENALAN,BAPA KANDUNG,PENYELIA,BEKERJA,KAFA,3897.31,0148725966,0148725966,16,NEMIA BINTI PATERNO,P0047282C,NOMBOR PASPORT,IBU KANDUNG,,TIDAK BEKERJA,,0,,0148725966,"LOT 7, LORONG MUSLIM,","KG. CINA , BATU 8 1/2 JALAN RANGGU,",,91000,TAWAU,PENAMPANG,SABAH
242,231203036332,FITRIE QALESYA BINTI SUYUTI,181101121254,KAD PENGENALAN,01-11-2018,BERSEKOLAH,13-02-2025,20-12-2025,TAHUN DUA,JAYYID,,BIASA,PERDANA / AKADEMIK,TIADA BIDANG,MARINI BINTI LADI,PEREMPUAN,LAIN-LAIN,ISLAM,WARGANEGARA,,,,,,,,,,,,,,SUYUTI,C762378,NOMBOR PASPORT,BAPA KANDUNG,BURUH KEBUN,,BEKERJA SENDIRI,1200,0149579586,0168224858,5,LILYE BINTI SALON,830801125624,KAD PENGENALAN,IBU KANDUNG,,,,,,0168224858,"KG RANGGU BATU 9, JALAN MARIANO.",,,91000,TAWAU,PENAMPANG,SABAH
243,251203181087,HANIS SYUHADA BINTI HERMAN,180810120540,KAD PENGENALAN,10-08-2018,BERSEKOLAH,13-02-2025,20-12-2025,TAHUN DUA,JAYYID,,BIASA,PERDANA / AKADEMIK,TIADA BIDANG,MARINI BINTI LADI,PEREMPUAN,BUGIS,ISLAM,WARGANEGARA,,,,,,,,,,,,,,SITTI ZABIRAH BINTI ABDUL GAIB,871203495300,KAD PENGENALAN,IBU KANDUNG,,TIDAK BEKERJA,,0,,0178987602,5,,,,,,,,,,,TB428 LRG 9 ½ JLN RESIDENSI 1,TAMAN RESIDENSI RANGGU,BATU 12 JALAN RANGGU,91000,TAWAU,PENAMPANG,SABAH
244,241202327070,HARITH ANAQI BIN HAMSAH,180920120269,KAD PENGENALAN,20-09-2018,BERSEKOLAH,13-02-2025,20-12-2025,TAHUN DUA,JAYYID,,BIASA,PERDANA / AKADEMIK,TIADA BIDANG,MARINI BINTI LADI,LELAKI,BUGIS,ISLAM,WARGANEGARA,,,,,,,,,,,,,,HAMSAH BIN BAKRI,900228125701,KAD PENGENALAN,BAPA KANDUNG,MEKANIK BENGKEL,TIDAK BEKERJA,HERMAN BIN BAKRI,2500,,0137555672,5,MARLIANTI BINTI ABIDDIN,920731125758,KAD PENGENALAN,IBU KANDUNG,,TIDAK BEKERJA,,0,,0192692194,KAMPUNG RANGGU,"BATU 9 , JALAN MARIANO",LORONG HJI MANSOR DAMAI RIA 2,91000,TAWAU,PENAMPANG,SABAH
245,241202327074,HARRAZ MIKHAYL BIN ABDULLAH,180915121187,KAD PENGENALAN,15-09-2018,BERSEKOLAH,13-02-2025,20-12-2025,TAHUN DUA,JAYYID,,BIASA,PERDANA / AKADEMIK,TIADA BIDANG,MARINI BINTI LADI,LELAKI,BUGIS,ISLAM,WARGANEGARA,,,,,,,,,,,,,,SITI NORHALIZAH BINTI ANWAR,970823126024,KAD PENGENALAN,IBU KANDUNG,,,,,,0148679350,1,MOHAMMAD HASSAN BIN TALIB,961025127095,KAD PENGENALAN,BAPA KANDUNG,PEKERJA MUATAN BARANG KAPAL TERBANG,,GROUND TEAM RED,2200,089950031,0136744655,"NO 847, LORONG 13-1/3",TAMAN PRIMA RANGGU,JALAN RANGGU,91000,TAWAU,PENAMPANG,SABAH
246,241202323163,MOHAMAD AMSYAR JAYA BIN ABDULLAH,181020121447,KAD PENGENALAN,20-10-2018,BERSEKOLAH,19-05-2026,19-05-2026,TAHUN DUA,JAYYID,,BIASA,PERDANA / AKADEMIK,TIADA BIDANG,MARINI BINTI LADI,LELAKI,BUGIS,ISLAM,WARGANEGARA,MALAYSIA,,,,,,,,,,,,,MUHAMMAD FIZAL BIN KUN BANE,960212126931,KAD PENGENALAN,BAPA KANDUNG,BEKERJA SENDIRI,BEKERJA,NIAGA,1500,013886674,01301345378,1,KARTINI BINTI ZAINUDDIN,910211126838,KAD PENGENALAN,IBU KANDUNG,,,,,,0135453782,,,,,,,
247,251202616682,MOHAMMAD AFIQ HAIKAL BIN SARIPUDDIN,180915121531,KAD PENGENALAN,15-09-2018,BERSEKOLAH,12-03-2025,20-12-2025,TAHUN DUA,JAYYID,,BIASA,PERDANA / AKADEMIK,TIADA BIDANG,MARINI BINTI LADI,LELAKI,BUGIS,ISLAM,WARGANEGARA,,,,,,,,,,,,,,SARIPUDDIN BIN MUHAMMAD,961122125577,KAD PENGENALAN,LAIN-LAIN,,,,,,0197859257,2,,,,,,,,,,,,,,,,,
248,231203008569,MUHAMAD AQIF BIN UMAR,180816121237,KAD PENGENALAN,16-08-2018,BERSEKOLAH,13-02-2025,20-12-2025,TAHUN DUA,JAYYID,,BIASA,PERDANA / AKADEMIK,TIADA BIDANG,MARINI BINTI LADI,LELAKI,SULUK,ISLAM,WARGANEGARA,,,,,,,,,,,,,,UMAR BIN AWARUN,711116125499,KAD PENGENALAN,BAPA KANDUNG,,TIDAK BEKERJA,,2864,,0135583455,3,KAMARIAH BINTI KADIS,840226125378,KAD PENGENALAN,IBU KANDUNG,PEMBANTU PERAWATAN KESIHATAN GRED U,BEKERJA,KEMENTERIAN KESIHATAN,1251,089773533,0138538506,"KAMPUNG RANGGU, BATU 9",JALAN HAJI MANSUR UJUNG,LORONG SIPIN,91008,TAWAU,PENAMPANG,SABAH
249,231201020255,MUHAMMAD ABSYAR BIN DOMINIC,180307120885,KAD PENGENALAN,07-03-2018,BERSEKOLAH,13-02-2025,20-12-2025,TAHUN DUA,JAYYID,,BIASA,PERDANA / AKADEMIK,TIADA BIDANG,MARINI BINTI LADI,LELAKI,MURUT,ISLAM,WARGANEGARA,,,,,,,,,,,,,,DOMINIC BIN BONDONG,800808125451,KAD PENGENALAN,BAPA KANDUNG,PENGAWAL KESELAMATAN,BEKERJA,ORION RIGEL STARS SECURITY SDN BHD,2000,089911876,0143545670,4,HASMAWATY BINTI LATIP,801116125084,KAD PENGENALAN,IBU KANDUNG,,TIDAK BEKERJA,,0,,0168439434,BT9 KAMPUNG RANGGU,,,91000,TAWAU,PENAMPANG,SABAH
250,231201020319,MUHAMMAD AFIQ BIN HAJUD,180907010719,KAD PENGENALAN,07-09-2018,BERSEKOLAH,13-02-2025,20-12-2025,TAHUN DUA,JAYYID,,BIASA,PERDANA / AKADEMIK,TIADA BIDANG,MARINI BINTI LADI,LELAKI,BAJAU,ISLAM,WARGANEGARA,,,,,,,,,,,,,,HAJUD BIN JAHABUD,790304125929,KAD PENGENALAN,BAPA KANDUNG,,TIDAK BEKERJA,,2417,,0196286582,2,BUNGA SAIMAH BINTI TUNGGAL,781221125910,KAD PENGENALAN,IBU KANDUNG,BEKERJA SENDIRI,BEKERJA,SURI RUMAH,0,0195844153,0195844153,TB 796 RESIDENSI RANGGU 3,LRG 13-3/3 PRIMA RANGGU,BATU 10 JALAN RANGGU,91000,TAWAU,PENAMPANG,SABAH
251,251203181090,MUHAMMAD AFIQ RAYYAN BIN MOHD FENDI,181006120157,KAD PENGENALAN,06-10-2018,BERSEKOLAH,13-02-2025,20-12-2025,TAHUN DUA,JAYYID,,BIASA,PERDANA / AKADEMIK,TIADA BIDANG,MARINI BINTI LADI,LELAKI,ARAB,ISLAM,WARGANEGARA,,,,,,,,,,,,,,AZNIAR BINTI ALIAS,950513125706,KAD PENGENALAN,IBU KANDUNG,,TIDAK BEKERJA,,0,,0166192471,1,MOHD FENDI BIN ZAKARIA,990324126765,KAD PENGENALAN,BAPA KANDUNG,PEMANDU LORI,BEKERJA,SINARAN AIS KIUB,1700,089916601,0103682763,KG RANGGU SIMPNG MARIANO LRG DAMAI RIA 6,,,91000,TAWAU,PENAMPANG,SABAH
252,231203019037,MUHAMMAD AISY RAYYAN BIN MOHD RIZWAN,180821121645,KAD PENGENALAN,21-08-2018,BERSEKOLAH,13-02-2025,20-12-2025,TAHUN DUA,JAYYID,,BIASA,PERDANA / AKADEMIK,TIADA BIDANG,MARINI BINTI LADI,LELAKI,TIDUNG,ISLAM,WARGANEGARA,,,,,,,,,,,,,,,,,,,,,,,,2,MOHD RIZWAN BIN SULAIMAN,880317495581,KAD PENGENALAN,BAPA KANDUNG,JURUTEKNIK,BEKERJA,PETRONAS CARIGALI SDN BHD,5000,088903211,0128353872,"TB 142,BANDAR SRI INDAH FASA 5H,LORONG 8",,,91000,TAWAU,PENAMPANG,SABAH
253,231203006630,MUHAMMAD AMMAR RASHIDI BIN MUHAMMAD ARIF,180129121155,KAD PENGENALAN,29-01-2018,BERSEKOLAH,13-02-2025,20-12-2025,TAHUN DUA,JAYYID,,BIASA,PERDANA / AKADEMIK,TIADA BIDANG,MARINI BINTI LADI,LELAKI,MELAYU,ISLAM,WARGANEGARA,,,,,,,,,,,,,,MUHAMMAD ARIF BIN RAMLAN,971013055185,KAD PENGENALAN,BAPA KANDUNG,PENGURUS PEMASARAN,BEKERJA,MARHUM BIN TOHING,1500,01124468313,01135807313,5,RAIHANA BINTI MARHUM,970824126472,KAD PENGENALAN,IBU KANDUNG,,TIDAK BEKERJA,,0,,0115407313,"TB. 13807, LOT 2085, BANDAR SRI INDAH",,,91000,TAWAU,PENAMPANG,SABAH
254,251203181101,MUHAMMAD ATFAN ZAYYAD BIN MOHD ZAKI AIZAT,180903121227,KAD PENGENALAN,03-09-2018,BERSEKOLAH,13-02-2025,20-12-2025,TAHUN DUA,JAYYID,,BIASA,PERDANA / AKADEMIK,TIADA BIDANG,MARINI BINTI LADI,LELAKI,SULUK,ISLAM,WARGANEGARA,,,,,,,,,,,,,,MOHD ZAKI AIZAT BIN AB GAPUR,940415125789,KAD PENGENALAN,BAPA KANDUNG,PEMANDU LORI,BEKERJA,GRAND ORIENTAL M&E ENTERPRISE SDN BHD,2000,0377822737,0102142382,4,FARRA JANE BINTI RAZLAN,297697,TANPA DOKUMEN,IBU KANDUNG,,TIDAK BEKERJA,,0,,0107900610,KG RANGGU BT12,JALAN BARADAYA,,91000,TAWAU,PENAMPANG,SABAH
255,231203021194,MUHAMMAD RAHMAT FAUZAN BIN RAMLI,180221120083,KAD PENGENALAN,21-02-2018,BERSEKOLAH,17-03-2025,20-12-2025,TAHUN DUA,JAYYID,,BIASA,PERDANA / AKADEMIK,TIADA BIDANG,MARINI BINTI LADI,LELAKI,FILIPINO,ISLAM,WARGANEGARA,,,,,,,,,,,,,,ASNIAH BINTI ISMAIL,711202125786,KAD PENGENALAN,NENEK,BURUH LADANG,TIDAK BEKERJA,TUAN JOSEPH GULITA,1700,,0132291848,5,HASLELAWATI BINTI MAHMUD,960518127128,KAD PENGENALAN,IBU KANDUNG,,,,,,0132291848,KAMPUNG ULU SAPI,JALAN SAPI NANGOH,,89300,TONGOD,TONGGOD,SABAH
256,241202318045,MUHAMMAD SYAZHAN SHAH BIN AZMAN,180430120805,KAD PENGENALAN,30-04-2018,BERSEKOLAH,24-02-2025,20-12-2025,TAHUN DUA,JAYYID,,BIASA,PERDANA / AKADEMIK,TIADA BIDANG,MARINI BINTI LADI,LELAKI,MELAYU,ISLAM,WARGANEGARA,,,,,,,,,,,,,,,,,,,,,,,,4,AZMAN BIN BUSSARA,940102126959,KAD PENGENALAN,BAPA KANDUNG,ANGGOTA POLIS TENTERA,BEKERJA,8 REJIMEN SEMPADAN,2236.49,0899917004,0149673085,TB18419 LORONG 1/5,"FASA 5C, KM 15",BANDAR SRI INDAH,91000,TAWAU,PENAMPANG,SABAH
257,251203044983,MUHAMMAD YUSUF AQIL BIN ARMAN,180125120585,KAD PENGENALAN,25-01-2018,BERSEKOLAH,26-02-2026,26-02-2026,TAHUN DUA,JAYYID,,BIASA,PERDANA / AKADEMIK,TIADA BIDANG,MARINI BINTI LADI,LELAKI,IBAN ATAU SEA DAYAK,ISLAM,WARGANEGARA,,,,,,,,,,,,,,HERIYADI BIN SJAFEI,830118125961,KAD PENGENALAN,BAPA KANDUNG,,TIDAK BEKERJA,,3500,,0128393243,6,SYAHERIAH BINTI YAHYA,930602125638,KAD PENGENALAN,IBU KANDUNG,,TIDAK BEKERJA,,0,,0125722536,INDAH COURT BLOCK ORKID,03-01 JALAN JELATIK,LIKAS,88400,KOTA KINABALU,TAWAU,SABAH
258,231203036327,NUR ALISYAH SOFEA BINTI FADZLEY AZMIL,180705120450,KAD PENGENALAN,05-07-2018,BERSEKOLAH,12-03-2025,20-12-2025,TAHUN DUA,JAYYID,,BIASA,PERDANA / AKADEMIK,TIADA BIDANG,MARINI BINTI LADI,PEREMPUAN,JAWA,ISLAM,WARGANEGARA,,,,,,,,,,,,,,INDAH MORUDIN ABDULLAH,900217125634,KAD PENGENALAN,IBU KANDUNG,,TIDAK BEKERJA,,100,,0103995634,7,MHD KHAIRI BIN AMAT JAFAR,850606125061,KAD PENGENALAN,BAPA TIRI,PEMBANTU OPERASI GRED N,BEKERJA,JABATAN AKAUNTAN NEGARA MALAYSIA,3107,0896677520,0196474732,"LOT 174, TAMAN ALAMANDA, JALAN RANGGU",,,91000,TAWAU,PENAMPANG,SABAH
259,231203025237,NUR ARA BALQIS CHUNG BINTI MOHAMMAD FAIZUL,181122120488,KAD PENGENALAN,22-11-2018,BERSEKOLAH,23-06-2026,23-06-2026,TAHUN DUA,JAYYID,,BIASA,PERDANA / AKADEMIK,TIADA BIDANG,MARINI BINTI LADI,PEREMPUAN,BUGIS,ISLAM,WARGANEGARA,,,,,,,,,,,,,,MOHAMMAD FAIZUL BIN AHMAD,910405125585,KAD PENGENALAN,BAPA KANDUNG,PENGURUS,BEKERJA,J.K.Y TRADING,2500,0163549198,01126859009,3,NORALIHA BINTI IBRAHIM,981104126048,KAD PENGENALAN,IBU KANDUNG,KERANI KEWANGAN,,J.K.Y TRADING,2500,0163549198,0163549198,LOT E-03-11 APARTMEN SOUTH VILLE,PHASE 2 BANDAR SRI INDAH,MILE 10 JALAN APAS,91000,TAWAU,PENAMPANG,SABAH
260,251203181104,NUR ARISSA HUMAIRAH BINTI HERMAN,180112120674,KAD PENGENALAN,12-01-2018,BERSEKOLAH,13-02-2025,20-12-2025,TAHUN DUA,JAYYID,,BIASA,PERDANA / AKADEMIK,TIADA BIDANG,MARINI BINTI LADI,PEREMPUAN,BUGIS,ISLAM,WARGANEGARA,,,,,,,,,,,,,,HERMAN BIN NURDIN,831222126029,KAD PENGENALAN,BAPA KANDUNG,BEKERJA SENDIRI,BEKERJA,TIADA,5000,01125235751,01125235751,6,MULIANA BINTI RUKA,C8341933,NOMBOR PASPORT,IBU KANDUNG,,,,,,0178187332,KAMPUNG RANGGU,"BATU 10, JALAN RANGGU",,91000,TAWAU,PENAMPANG,SABAH
261,251202630288,NUR AYRA IZZATI BINTI SYAHRUL EFENDI,125367XAH,SIJIL LAHIR,19-03-2018,BERSEKOLAH,08-05-2025,20-12-2025,TAHUN DUA,JAYYID,,BIASA,PERDANA / AKADEMIK,TIADA BIDANG,MARINI BINTI LADI,PEREMPUAN,LAIN-LAIN,ISLAM,BUKAN WARGANEGARA,MALAYSIA,,,,,,,,,,,,,,,,,,,,,,,,,,,,,,,,,,,,,,,,
262,251203181108,NUR AYRA SUMAYYAH BINTI ABDULLAH,180909120962,KAD PENGENALAN,09-09-2018,BERSEKOLAH,13-02-2025,20-12-2025,TAHUN DUA,JAYYID,,BIASA,PERDANA / AKADEMIK,TIADA BIDANG,MARINI BINTI LADI,PEREMPUAN,BRUNEI,ISLAM,WARGANEGARA,,,,,,,,,,,,,,DAYANG SAFINA BINTI MAHAD,941102125600,KAD PENGENALAN,IBU KANDUNG,,TIDAK BEKERJA,,0,,0148684080,5,MOHD AZMIR BIN MUHMIN,940513125141,KAD PENGENALAN,BAPA KANDUNG,KONTRAKTOR PEMBINAAN,,AH KEN,1500,0149871189,01151651091,"NO.228, LORONG 1, TAMAN PERWIRA",JALAN RANGGU,,91000,TAWAU,PENAMPANG,SABAH
263,241202327094,NUR AYUNIE AQILAH UMAIRAH BINTI ABDULLAH,180609120960,KAD PENGENALAN,09-06-2018,BERSEKOLAH,13-02-2025,20-12-2025,TAHUN DUA,JAYYID,,BIASA,PERDANA / AKADEMIK,TIADA BIDANG,MARINI BINTI LADI,PEREMPUAN,BAJAU,ISLAM,WARGANEGARA,,,,,,,,,,,,,,SADDAM BIN HUSSIN,951029125733,KAD PENGENALAN,BAPA KANDUNG,,TIDAK BEKERJA,,800,,0147742814,5,NUR ISNIHALAH BINTI ABD HASSAN,991114127094,KAD PENGENALAN,IBU KANDUNG,,TIDAK BEKERJA,,100,,0147742814,KAMPUNG RANGGU BATU 10 JALAN APAS TAWAU,,,91000,TAWAU,PENAMPANG,SABAH
264,231203023658,NUR AZ ZAHRA HUSNA BINTI MUHD RIDZUAN,180713130886,KAD PENGENALAN,13-07-2018,BERSEKOLAH,13-02-2025,20-12-2025,TAHUN DUA,JAYYID,,BIASA,PERDANA / AKADEMIK,TIADA BIDANG,MARINI BINTI LADI,PEREMPUAN,BUTON,ISLAM,WARGANEGARA,,,,,,,,,,,,,,MUHD RIDZUAN BIN DAMING,861125495073,KAD PENGENALAN,BAPA KANDUNG,,TIDAK BEKERJA,,5056.17,,0138163602,5,LOSIH BINTI AHMAT,840930125398,KAD PENGENALAN,IBU KANDUNG,,TIDAK BEKERJA,,0,,0138549915,"NO.44, LORONG 2, TAMAN ALAMANDA,","JALAN APAS RANGGU,",,91000,TAWAU,PENAMPANG,SABAH
265,231203005376,NUR AZHARA HANA BINTI MOHAMAD AZHAR,180319121156,KAD PENGENALAN,19-03-2018,BERSEKOLAH,13-02-2025,20-12-2025,TAHUN DUA,JAYYID,,BIASA,PERDANA / AKADEMIK,TIADA BIDANG,MARINI BINTI LADI,PEREMPUAN,BUGIS,ISLAM,WARGANEGARA,,,,,,,,,,,,,,MOHAMAD AZHAR BIN MOKTAR,791216125923,KAD PENGENALAN,BAPA KANDUNG,,TIDAK BEKERJA,,1500,,0124506036,6,NORFAIZAN BINTI KOMINSUL,860814495672,KAD PENGENALAN,IBU KANDUNG,,TIDAK BEKERJA,,0,,0128415672,KAMPUNG RANGGU,,,91000,TAWAU,PENAMPANG,SABAH
266,231403003495,NUR QHAYLA FARIZAH BINTI SOBRI,180425120800,KAD PENGENALAN,25-04-2018,BERSEKOLAH,13-06-2025,20-12-2025,TAHUN DUA,JAYYID,,BIASA,PERDANA / AKADEMIK,TIADA BIDANG,MARINI BINTI LADI,PEREMPUAN,BAJAU,ISLAM,WARGANEGARA,,,,,,,,,,,,,,SOBRI BIN ABD MANANG,880916125443,KAD PENGENALAN,BAPA KANDUNG,JURUTEKNIK,BEKERJA,SF SMART SERVICES,3000,0129437018,,4,NOORHAFIZAH BINTI ABDIHIL,900525126452,KAD PENGENALAN,IBU KANDUNG,TUKANG JAHIT PAKAIAN,BEKERJA,NOORHAFIZAH BINTI ABDIHIL,300,0129437018,0129437018,7-3-17,JALAN 7/154D,TAMAN DESA CHERAS,56000,CHERAS,,WILAYAH PERSEKUTUAN (KUALA LUMPUR)
267,251203181099,RAYYAN BIN JUNAYAD ISAAC TIZON ABDULLAH @ ERNIE JUN TIZON TUMPAG,180504121449,KAD PENGENALAN,04-05-2018,BERSEKOLAH,13-02-2025,20-12-2025,TAHUN DUA,JAYYID,,BIASA,PERDANA / AKADEMIK,TIADA BIDANG,MARINI BINTI LADI,LELAKI,SUNGAI,ISLAM,WARGANEGARA,,,,,,,,,,,,,,AZIZA BINTI AWANG HARUN,890205126326,KAD PENGENALAN,IBU KANDUNG,,TIDAK BEKERJA,,0,,0198999126,7,ERNIE JUN TIZON TUMPAG,P8381687B,NOMBOR PASPORT,BAPA KANDUNG,JURUTEKNIK PEMOTONGAN WAYAR,BEKERJA,CERIA TEKNOLOGI,1800,0168400097,0168400097,JALAN APAS BATU 8,KG RANGGU LORONG OT MAMANGKU,91000 TAWAU SABAH,91000,TAWAU,PENAMPANG,SABAH
268,231201022908,SHAFIYYAH NUR SYIFAA BINTI MOHD TRI AWAN,180929120660,KAD PENGENALAN,29-09-2018,BERSEKOLAH,13-02-2025,20-12-2025,TAHUN DUA,JAYYID,,BIASA,PERDANA / AKADEMIK,TIADA BIDANG,MARINI BINTI LADI,PEREMPUAN,BUGIS,ISLAM,WARGANEGARA,,,,,,,,,,,,,,MOHD TRI AWAN BIN SUMADI,E2169152,NOMBOR PASPORT,BAPA KANDUNG,MEKANIK AUTOMOTIF,BEKERJA,SIN BAN HOCK MOTOR,2000,089757868,01151213186,6,NURUL FAMIZA BINTI AMIR,930821125830,KAD PENGENALAN,LAIN-LAIN,,TIDAK BEKERJA,,0,,01135151556,KAMPUNG RANGGU,JALAN MARIANO,LORONG  ROSIDIAN HJ IDRIS,91000,TAWAU,PENAMPANG,SABAH
269,221203013338,SHAH HAAFIZH BIN RAHIM,181011120565,KAD PENGENALAN,11-10-2018,BERSEKOLAH,13-02-2025,20-12-2025,TAHUN DUA,JAYYID,,BIASA,PERDANA / AKADEMIK,TIADA BIDANG,MARINI BINTI LADI,LELAKI,BUGIS,ISLAM,WARGANEGARA,,,,,,,,,,,,,,RAHIM BIN NORRAHMAN,811011125239,KAD PENGENALAN,BAPA KANDUNG,KONTRAKTOR PEMBINAAN,,J.K.Y TRADING,3500,01136020365,0195818600,3,SITI AZIZAH BINTI KAMARUDDIN,820630125080,KAD PENGENALAN,IBU KANDUNG,KERANI BIL,BEKERJA,J.K.Y TRADING,2500,01136020365,0135438486,TB 18327 LOT 1175 FASA 5C,BANDAR SRI INDAH BATU 10,JALAN APAS,91000,TAWAU,PENAMPANG,SABAH
270,251203181683,WALIYYAH MADANIYYAH BINTI TAHANG @ ABDUR RAHMAN,181201120224,KAD PENGENALAN,01-12-2018,BERSEKOLAH,14-10-2025,20-12-2025,TAHUN DUA,JAYYID,,BIASA,PERDANA / AKADEMIK,TIADA BIDANG,MARINI BINTI LADI,PEREMPUAN,SULUK,ISLAM,WARGANEGARA,,,,,,,,,,,,,,TAHANG @ ABDUR RAHMAN BIN SALLEH,760817125839,KAD PENGENALAN,BAPA KANDUNG,PENYELIA,BEKERJA,KAFA,3897.31,0148725966,0148725966,16,JAIDA JIMLANI JAINAL,P4983070B,NOMBOR PASPORT,IBU KANDUNG,,TIDAK BEKERJA,,0,,0178314945,"LOT 7, LORONG MUSLIM,","KG. CINA , BATU 8 1/2 JALAN RANGGU,",,91000,TAWAU,PENAMPANG,SABAH
271,230603006229,AINUL MARDHIAH BINTI ARANAIN,180726121196,KAD PENGENALAN,26-07-2018,BERSEKOLAH,04-05-2026,13-05-2026,TAHUN DUA,KHOIR,,BIASA,PERDANA / AKADEMIK,TIADA BIDANG,S LILI BINTI LADI,PEREMPUAN,BAJAU,ISLAM,WARGANEGARA,,,,,,,,,,,,,,ARANAIN BIN ABDUL BINANG,790405125653,KAD PENGENALAN,BAPA KANDUNG,PEGAWAI PSIKOLOGI GRED S,BEKERJA,PENGARAH HOSPITAL TAWAU,9207,089706000,0133395420,5,SHARIFAH SALBIAH BINTI SHARIF MALIK,790620125816,KAD PENGENALAN,IBU KANDUNG,,TIDAK BEKERJA,,0,,01111472006,KAMPUNG DASAR LAMA,,,91207,KUNAK,BELURAN,SABAH
272,251203181068,ALEENA GAZIYAH BINTI MARSUKI,180916120266,KAD PENGENALAN,16-09-2018,BERSEKOLAH,13-02-2025,20-12-2025,TAHUN DUA,KHOIR,,BIASA,PERDANA / AKADEMIK,TIADA BIDANG,S LILI BINTI LADI,PEREMPUAN,BUGIS,ISLAM,WARGANEGARA,,,,,,,,,,,,,,MARSUKI BIN LUKMAN,851211495185,KAD PENGENALAN,BAPA KANDUNG,BEKERJA SENDIRI,TIDAK BEKERJA,ASHURA CHICKEN WINGS,5000,,0163814606,2,ULFA BINTI ALWI,931213125022,KAD PENGENALAN,IBU KANDUNG,,,,,,0163814606,TB 407 LORONG 3,TAMAN RANGGU SAUJANA KAMPUNG RANGGU,91000 TAWAU SABAH,91000,TAWAU,PENAMPANG,SABAH
273,231203036325,AMIRUDDIN BIN BAHARUDDIN,180510120389,KAD PENGENALAN,10-05-2018,BERSEKOLAH,13-02-2025,20-12-2025,TAHUN DUA,KHOIR,,BIASA,PERDANA / AKADEMIK,TIADA BIDANG,S LILI BINTI LADI,LELAKI,KAGAYAN,ISLAM,WARGANEGARA,,,,,,,,,,,,,,NAFSIAH BINTI ADANI,820326125844,KAD PENGENALAN,IBU KANDUNG,,,,,,0197886431,5,,,,,,,,,,,KAMPUNG RANGGU BT 9 JALAN APAS,LORONG MARIAM ABDUL RAHMAN,91000 TAWAU SABAH,91000,TAWAU,PENAMPANG,SABAH
274,231201020084,ANDI MOHAMMAD SYAHFI BIN ANDI SAHARUDIN,180805120095,KAD PENGENALAN,05-08-2018,BERSEKOLAH,13-02-2025,20-12-2025,TAHUN DUA,KHOIR,,BIASA,PERDANA / AKADEMIK,TIADA BIDANG,S LILI BINTI LADI,LELAKI,BUGIS,ISLAM,WARGANEGARA,,,,,,,,,,,,,,ANDI SAHARUDIN BIN ANDI NAKKA,820203126089,KAD PENGENALAN,BAPA KANDUNG,BEKERJA SENDIRI,BEKERJA,ANDI SAHARUDIN BIN ANDI NAKKA,1700,01127824793,01127824793,5,NORHANA BINTI LAESA,840329125688,KAD PENGENALAN,IBU KANDUNG,,TIDAK BEKERJA,,0,,0182040500,"LOT 20 JALAN MARIANO,",LORONG DAMAI RIA 2,BATU 9 RANGGU,91000,TAWAU,PENAMPANG,SABAH
275,231203036968,ANNAS MIKAIL BIN ABDULLAH,180211120549,KAD PENGENALAN,11-02-2018,BERSEKOLAH,13-02-2025,20-12-2025,TAHUN DUA,KHOIR,,BIASA,PERDANA / AKADEMIK,TIADA BIDANG,S LILI BINTI LADI,LELAKI,BUGIS,ISLAM,WARGANEGARA,,,,,,,,,,,,,,FANDI WANDANA,E9833288,NOMBOR PASPORT,BAPA KANDUNG,BEKERJA SENDIRI,BEKERJA,FAN,1300,01164843102,01164843102,2,RINI BINTI RIDWIAN,900816125820,KAD PENGENALAN,IBU KANDUNG,,TIDAK BEKERJA,,0,,0138684607,G4-22 TAMAN SRI APAS PPR BATU 8 JALAN,APAS,,91000,TAWAU,PENAMPANG,SABAH
276,231403004197,ARDINI SYAKIRA BINTI MOHD.ARFIAN,180116101470,KAD PENGENALAN,16-01-2018,BERSEKOLAH,12-03-2025,20-12-2025,TAHUN DUA,KHOIR,,BIASA,PERDANA / AKADEMIK,TIADA BIDANG,S LILI BINTI LADI,PEREMPUAN,BAJAU,ISLAM,WARGANEGARA,,,,,,,,,,,,,,MOHD.ARFIAN BIN ABDUL MUTALIB,871126496341,KAD PENGENALAN,BAPA KANDUNG,PEGAWAI POLIS,BEKERJA,PDRM,2500,01110318663,01110318663,2,NURDIYANA BINTI NURAMIN,880506105220,KAD PENGENALAN,IBU KANDUNG,,,,,,0138723606,TAMAN SEMARAK LORONG BAL 2C,,,91000,TAWAU,PENAMPANG,SABAH
277,231203021613,HARRAZ NAUFAL BIN SHAFIE,181106120357,KAD PENGENALAN,06-11-2018,BERSEKOLAH,13-02-2025,20-12-2025,TAHUN DUA,KHOIR,,BIASA,PERDANA / AKADEMIK,TIADA BIDANG,S LILI BINTI LADI,LELAKI,BUGIS,ISLAM,WARGANEGARA,,,,,,,,,,,,,,LIZA ROSALINA BINTI LORONG,910520126524,KAD PENGENALAN,IBU KANDUNG,PEMBANTU TADBIR,BEKERJA,LEMBAGA PEMBANGUNAN INDUSTRI PEMBINAAN MALAYSIA,3458.04,089777842,0143551908,3,SHAFIE BIN HASSAN,910830125543,KAD PENGENALAN,BAPA KANDUNG,BEKERJA SENDIRI,BEKERJA,AQIQAH MEKAH AL HAREEZ ENTERPRISE,2000,0198095198,0198095198,TB 514 LOT A261 RESIDENSI PRIMA RANGGU,"LRG 11, JALAN RESIDENSI 1 RANGGU 1,",,91000,TAWAU,PENAMPANG,SABAH
278,231203021380,HATIRAH BATRISYAH BINTI TAHIR,181023120116,KAD PENGENALAN,23-10-2018,BERSEKOLAH,13-02-2025,20-12-2025,TAHUN DUA,KHOIR,,BIASA,PERDANA / AKADEMIK,TIADA BIDANG,S LILI BINTI LADI,PEREMPUAN,INDONESIA,ISLAM,WARGANEGARA,,,,,,,,,,,,,,HAMIA BINTI BURHAN,810120126252,KAD PENGENALAN,IBU KANDUNG,,TIDAK BEKERJA,,0,,01151820503,4,TAHIR,C8342754,NOMBOR PASPORT,BAPA KANDUNG,BURUH PEMBINAAN (KERJA BANGUNAN),BEKERJA,_,1000,0106996516,0109890716,BATU 8,JALAN MARIANO,KAMPUNG RANGGU,91000,TAWAU,PENAMPANG,SABAH
279,231203025310,HAZIQ ELHASIQ BIN JAPAR,180923120117,KAD PENGENALAN,23-09-2018,BERSEKOLAH,13-02-2025,20-12-2025,TAHUN DUA,KHOIR,,BIASA,PERDANA / AKADEMIK,TIADA BIDANG,S LILI BINTI LADI,LELAKI,BUGIS,ISLAM,WARGANEGARA,,,,,,,,,,,,,,JAPAR BIN RUSTAM,831115125573,KAD PENGENALAN,BAPA KANDUNG,BEKERJA SENDIRI,BEKERJA,TIADA,1000,0105523070,0105523070,4,FAZILLINA BINTI PATLEE,830807125422,KAD PENGENALAN,IBU KANDUNG,PENOLONG AKAUNTAN GRED W,BEKERJA,JABATAN AKAUNTAN NEGARA CAWANGAN TAWAU,4787.55,089775620,0168483494,TAMAN PERWIRA,"LORONG 4, LOT 57",,91000,TAWAU,PENAMPANG,SABAH
280,241202278313,IKRAM BIN PIRMAN,181226120079,KAD PENGENALAN,26-12-2018,BERSEKOLAH,13-02-2025,20-12-2025,TAHUN DUA,KHOIR,,BIASA,PERDANA / AKADEMIK,TIADA BIDANG,S LILI BINTI LADI,LELAKI,BAJAU,ISLAM,WARGANEGARA,,,,,,,,,,,,,,FIRMAN BIN NAI,E2950102,NOMBOR PASPORT,BAPA KANDUNG,MEKANIK BENGKEL,BEKERJA,MAN MOTOR,2000,0142846740,0142846740,3,NORSIAH BINTI ABDUL SENGEL,900114126036,KAD PENGENALAN,IBU KANDUNG,,TIDAK BEKERJA,,0,,0177794139,"TB 540 LOT A287, RESIDENSI PRIMA RANGGU",LORONG 11 JALAN RESIDENSI RANGGU 4,,91000,TAWAU,PENAMPANG,SABAH
281,231403005775,ILMAN NAUFAL BIN SUMARDI,181101140463,KAD PENGENALAN,01-11-2018,BERSEKOLAH,13-02-2025,20-12-2025,TAHUN DUA,KHOIR,,BIASA,PERDANA / AKADEMIK,TIADA BIDANG,S LILI BINTI LADI,LELAKI,MELAYU SARAWAK,ISLAM,WARGANEGARA,,,,,,,,,,,,,,SUMARDI BIN BUJANG,830720135687,KAD PENGENALAN,BAPA KANDUNG,SARJAN POLIS,BEKERJA,POLIS DIRAJA MALAYSIA,6557.36,088612222,0192420664,4,NORHANA BINTI NURDIN,801213125334,KAD PENGENALAN,IBU KANDUNG,PEMBANTU TADBIR,BEKERJA,KEMENTERIAN EKONOMI,5082.05,0380902127,0198717919,LOT 76,TAMAN DESA RANGGU,BATU 9 JALAN RANGGU,91000,TAWAU,PENAMPANG,SABAH
282,251203050933,MUHAMAD RAFIE HIDAYAT BIN MUHAMAD KASSIM,180129120697,KAD PENGENALAN,29-01-2018,BERSEKOLAH,07-05-2025,20-12-2025,TAHUN DUA,KHOIR,,BIASA,PERDANA / AKADEMIK,TIADA BIDANG,S LILI BINTI LADI,LELAKI,TIDUNG,ISLAM,WARGANEGARA,,,,,,,,,,,,,,MUHAMAD KASSIM BIN BAKRI,801105126487,KAD PENGENALAN,BAPA KANDUNG,PENGAWAL KESELAMATAN,BEKERJA,HAP SENG PROPERTIES,1750,089773311,01442811231,3,EDIANAH BT BACO,C8351249,NOMBOR PASPORT,IBU KANDUNG,,TIDAK BEKERJA,,0,,0142822723,H03-08. APARTMENT VILLA. BANDAR,SRI INDAH.BATU 10 JLN APAS,,91000,TAWAU,PENAMPANG,SABAH
283,251202631677,MUHAMMAD AIDIL IZZ ARDIANSHAH BIN ABDULLAH,105680XAH,SIJIL LAHIR,13-08-2018,BERSEKOLAH,14-05-2025,15-06-2026,TAHUN DUA,KHOIR,,BIASA,PERDANA / AKADEMIK,TIADA BIDANG,S LILI BINTI LADI,LELAKI,JAWA,ISLAM,BUKAN WARGANEGARA,MALAYSIA,,,,,,,,,,,,,,,,,,,,,,,,,,,,,,,,,,,,,,,,
284,221203008199,MUHAMMAD AMRU NAUFAL BIN MUHAMAD AIZAT,180314100233,KAD PENGENALAN,14-03-2018,BERSEKOLAH,13-02-2025,20-12-2025,TAHUN DUA,KHOIR,,BIASA,PERDANA / AKADEMIK,TIADA BIDANG,S LILI BINTI LADI,LELAKI,MELAYU,ISLAM,WARGANEGARA,,,,,,,,,,,,,,MUHAMAD AIZAT BIN ISMAIL,850503145107,KAD PENGENALAN,BAPA KANDUNG,PEGAWAI PERKHIDMATAN PENDIDIKAN GRED DG,BEKERJA,SEKOLAH JENIS KEBANGSAAN (CINA CHUNG HWA,5165.77,089912231,01110724750,3,NADIATUL RAIHAN BINTI OMAR,831008105104,KAD PENGENALAN,IBU KANDUNG,,TIDAK BEKERJA,,0,,0123019801,KG CINA RANGGU,91000 TAWAU,TAWAU,91000,TAWAU,PENAMPANG,SABAH
285,231203036321,MUHAMMAD ARIF HAFIZUDDIN BIN BAHARUDDIN,180623120115,KAD PENGENALAN,23-06-2018,BERSEKOLAH,13-02-2025,20-12-2025,TAHUN DUA,KHOIR,,BIASA,PERDANA / AKADEMIK,TIADA BIDANG,S LILI BINTI LADI,LELAKI,SULUK,ISLAM,WARGANEGARA,,,,,,,,,,,,,,BAHARUDDIN BIN SAKKI,E9832887,NOMBOR PASPORT,BAPA KANDUNG,BEKERJA SENDIRI,BEKERJA,BEKERJA SENDIRI,700,0168124041,0168124041,2,NUR HAZZIATI BINTI HAMID,900228125920,KAD PENGENALAN,IBU KANDUNG,,TIDAK BEKERJA,,0,,01131660290,KAMPUNG RANGGU,PETI SURAT 842,TAWAU,91008,TAWAU,PENAMPANG,SABAH
286,231203021517,MUHAMMAD AZIB LUQMAN BIN MASUDI,180525120779,KAD PENGENALAN,25-05-2018,BERSEKOLAH,13-02-2025,20-12-2025,TAHUN DUA,KHOIR,,BIASA,PERDANA / AKADEMIK,TIADA BIDANG,S LILI BINTI LADI,LELAKI,MELAYU,ISLAM,WARGANEGARA,,,,,,,,,,,,,,EL SOFFIZA BINTI YUSOF,800107045328,KAD PENGENALAN,IBU KANDUNG,,TIDAK BEKERJA,,7000,,0138807636,4,MASUDI BIN MAGGA,830927125101,KAD PENGENALAN,BAPA KANDUNG,GURU,TIDAK BEKERJA,SMK. TITINGAN,7000,,0138837636,TAMAN DESA RANGGU,RANGGU TAWAU,SABAH,91000,TAWAU,PENAMPANG,SABAH
287,231203004590,MUHAMMAD FADHLURRAHMAN BIN RAHIM,180112120703,KAD PENGENALAN,12-01-2018,BERSEKOLAH,13-02-2025,20-12-2025,TAHUN DUA,KHOIR,,BIASA,PERDANA / AKADEMIK,TIADA BIDANG,S LILI BINTI LADI,LELAKI,KAGAYAN,ISLAM,WARGANEGARA,,,,,,,,,,,,,,RAHIM BIN ALPAD,791203126425,KAD PENGENALAN,BAPA KANDUNG,BEKERJA SENDIRI,TIDAK BEKERJA,TIADA,900,,0143301698,5,SITTI HAZRINNA BINTI MOHD ARPAH,880822495398,KAD PENGENALAN,IBU KANDUNG,,TIDAK BEKERJA,,0,,01128874797,"KG RANGGU TAWAU,",BATU 9 JALAN APAS,,91000,TAWAU,PENAMPANG,SABAH
288,241202333370,MUHAMMAD HAZRUL BIN HERMANTO,180227120105,KAD PENGENALAN,27-02-2018,BERSEKOLAH,13-02-2025,20-12-2025,TAHUN DUA,KHOIR,,BIASA,PERDANA / AKADEMIK,TIADA BIDANG,S LILI BINTI LADI,LELAKI,INDONESIA,ISLAM,WARGANEGARA,,,,,,,,,,,,,,NORAINI BINTI ZAINAL,800919125542,KAD PENGENALAN,IBU KANDUNG,,,,,,01124469338,4,HANINA BINTI LAZIM,040926120492,KAD PENGENALAN,KAKAK,JURUWANG,BEKERJA,SERVAY JAYA SUPERMARKET SG TANJONG,1700,0168269155,01127194219,"07,LORONG ALAMANDA 2/3, TAMAN ALAMANDA,",,,91000,TAWAU,PENAMPANG,SABAH
289,231203009098,MUHAMMAD IMAN RIZKHI BIN SAHABUDIN,180916120493,KAD PENGENALAN,16-09-2018,BERSEKOLAH,13-02-2025,20-12-2025,TAHUN DUA,KHOIR,,BIASA,PERDANA / AKADEMIK,TIADA BIDANG,S LILI BINTI LADI,LELAKI,BUGIS,ISLAM,WARGANEGARA,,,,,,,,,,,,,,SAHABUDIN BIN SULLE,C7626228,NOMBOR PASPORT,BAPA KANDUNG,,TIDAK BEKERJA,,1700,,0134715219,5,KISMA BINTI HAMSAH,770106125866,KAD PENGENALAN,IBU KANDUNG,,,,,,01135489577,KAMPUNG RANGGU BATU 10 JALAN APAS TAWAU,,,91000,TAWAU,PENAMPANG,SABAH
290,251203181091,MUHAMMAD ISMAIL FAQIHUDDIN BIN AMIRUDDIN,181215120719,KAD PENGENALAN,15-12-2018,BERSEKOLAH,13-02-2025,20-12-2025,TAHUN DUA,KHOIR,,BIASA,PERDANA / AKADEMIK,TIADA BIDANG,S LILI BINTI LADI,LELAKI,BUGIS,ISLAM,WARGANEGARA,,,,,,,,,,,,,,MASLIZA BINTI TUDA,851229125908,KAD PENGENALAN,IBU KANDUNG,JURURAWAT,,HOSPITAL TAWAU,8055.43,089983533,01126101229,1,,,,,,,,,,,"TB1113, LORONG 14 JALAN RESIDENSI RANGGU",RESIDENSI RANGGU (PRIMA),,91000,TAWAU,PENAMPANG,SABAH
291,231201020158,NUR CAHAYA MIKAYLA BINTI ASMADIE,180306120170,KAD PENGENALAN,06-03-2018,BERSEKOLAH,13-02-2025,20-12-2025,TAHUN DUA,KHOIR,,BIASA,PERDANA / AKADEMIK,TIADA BIDANG,S LILI BINTI LADI,PEREMPUAN,BAJAU,ISLAM,WARGANEGARA,,,,,,,,,,,,,,MARIYANAH BINTI RAHMAN,831022125590,KAD PENGENALAN,IBU KANDUNG,PESARA / PENERIMA PENCEN / PENERIMA BANTUAN / LAIN-LAIN,BEKERJA,KEMENTERIAN PERTAHANAN,2805.91,032692133,0136803158,4,ASMADIE BIN ABDUL LAMI,790920125631,KAD PENGENALAN,BAPA KANDUNG,PESARA / PENERIMA PENCEN / PENERIMA BANTUAN / LAIN-LAIN,BEKERJA,KEMENTERIAN PERTAHANAN,2821.36,0326921333,0132536971,TB 54 LOT 54,TAMAN RANGGU SAUJANA,FASA 3B,91000,TAWAU,PENAMPANG,SABAH
292,251203181074,NUR DELISHA BINTI MOHAMMAD HANAPIAH,180701120744,KAD PENGENALAN,01-07-2018,BERSEKOLAH,13-02-2025,20-12-2025,TAHUN DUA,KHOIR,,BIASA,PERDANA / AKADEMIK,TIADA BIDANG,S LILI BINTI LADI,PEREMPUAN,BUGIS,ISLAM,WARGANEGARA,,,,,,,,,,,,,,MOHAMMAD HANAPIAH BIN RIDWIAN,831221125219,KAD PENGENALAN,BAPA KANDUNG,BEKERJA SENDIRI,BEKERJA,MOHD HANAPIAH,1500,01117876086,01117876086,6,MAYZURA MAKA ABDULLAH,850319126002,KAD PENGENALAN,IBU KANDUNG,,TIDAK BEKERJA,,0,,01125133640,"TAMAN SRI APAS BATU 8,JALAN APAS",BLOK C2-12,,91000,TAWAU,PENAMPANG,SABAH
293,231203036330,NUR DHAFWATUL AISY BINTI MOHD HISYAM,180112120594,KAD PENGENALAN,12-01-2018,BERSEKOLAH,13-02-2025,20-12-2025,TAHUN DUA,KHOIR,,BIASA,PERDANA / AKADEMIK,TIADA BIDANG,S LILI BINTI LADI,PEREMPUAN,SULUK,ISLAM,WARGANEGARA,,,,,,,,,,,,,,SITI NURSOFEIKA BINTI LAHADU,930819125612,KAD PENGENALAN,IBU KANDUNG,,TIDAK BEKERJA,,0,,0109427735,2,MUHAMMAD SYUKRIE BIN SAMSUL,960525125761,KAD PENGENALAN,BAPA KANDUNG,BEKERJA SENDIRI,BEKERJA,MUHAMMAD SYUKRIE,2000,0168460965,0168460965,KAMPUNG RANGGU BATU 10,JALAN RANGGU,,91008,TAWAU,PENAMPANG,SABAH
294,251203181100,NUR EMIRA FAHRUNNISA BINTI MUHAMMAD ZUL HISYAM,181203120674,KAD PENGENALAN,03-12-2018,BERSEKOLAH,13-02-2025,20-12-2025,TAHUN DUA,KHOIR,,BIASA,PERDANA / AKADEMIK,TIADA BIDANG,S LILI BINTI LADI,PEREMPUAN,MELAYU,ISLAM,WARGANEGARA,,,,,,,,,,,,,,,,,,,,,,,,6,MUHAMMAD ZUL HISYAM BIN RUSLI,970804126619,KAD PENGENALAN,BAPA KANDUNG,JURUJUAL PEMASARAN,TIDAK BEKERJA,NUR MAGHFIRAH FOOD,1200,,01156431302,LORONG BSI 3,JALAN APAS,BANDAR SRI INDAH,91000,TAWAU,PENAMPANG,SABAH
295,241202327190,NUR FATEEN HAFIZAH BASYIRAH BINTI ROSLI,181219120660,KAD PENGENALAN,19-12-2018,BERSEKOLAH,13-02-2025,20-12-2025,TAHUN DUA,KHOIR,,BIASA,PERDANA / AKADEMIK,TIADA BIDANG,S LILI BINTI LADI,PEREMPUAN,BUGIS,ISLAM,WARGANEGARA,,,,,,,,,,,,,,ROSLI BIN LORONG,771130125297,KAD PENGENALAN,BAPA KANDUNG,PENYELIA LADANG,BEKERJA,AUMKAR PLANTATIONS SDN. BHD.,3470,089730008,0133904220,3,HASNA BINTI BUSTAN,C7627642,NOMBOR PASPORT,IBU KANDUNG,,,,,,01119577876,TB 361 LORONG 8-1/2 RESIDENSI RANGGU 1,TAMAN PRIMA RANGGU,JALAN RANGGU BATU 12,91000,TAWAU,PENAMPANG,SABAH
296,241202327195,NUR HANISAH BINTI ABDULLAH,180326121744,KAD PENGENALAN,26-03-2018,BERSEKOLAH,13-02-2025,20-12-2025,TAHUN DUA,KHOIR,,BIASA,PERDANA / AKADEMIK,TIADA BIDANG,S LILI BINTI LADI,PEREMPUAN,BUGIS,ISLAM,WARGANEGARA,,,,,,,,,,,,,,BAKRI BIN SANGKA,580828125641,KAD PENGENALAN,DATUK,,BEKERJA,TIADA MAKLUMAT,500,,,3,HASNIE BINTI BAKRI,860411125140,KAD PENGENALAN,IBU KANDUNG,,,,,,,JALAN MARIANO,LRONG HAJI MANSUR DAMAI RIA 2,,91000,TAWAU,PENAMPANG,SABAH
297,231203010387,NUR IZZALIA AISYAH BINTI MD HALIM,180217120232,KAD PENGENALAN,17-02-2018,BERSEKOLAH,13-02-2025,20-12-2025,TAHUN DUA,KHOIR,,BIASA,PERDANA / AKADEMIK,TIADA BIDANG,S LILI BINTI LADI,PEREMPUAN,MELAYU,ISLAM,WARGANEGARA,,,,,,,,,,,,,,MD HALIM BIN MD YUSOF,790907115287,KAD PENGENALAN,BAPA KANDUNG,PEMBANTU TADBIR (KEWANGAN) GRED W,BEKERJA,PENJARA TAWAU,5000,089715535,0198928466,4,HADIYATI BINTI SAKKA,840327125270,KAD PENGENALAN,IBU KANDUNG,,TIDAK BEKERJA,,0,,0165314854,"BATU 12, KG RANGGU",JALAN BARADAYA,,91000,TAWAU,PENAMPANG,SABAH
298,231201019600,NUR SYAFIRA BINTI MOHD SHAFIE,181101120286,KAD PENGENALAN,01-11-2018,BERSEKOLAH,10-07-2025,20-12-2025,TAHUN DUA,KHOIR,,BIASA,PERDANA / AKADEMIK,TIADA BIDANG,S LILI BINTI LADI,PEREMPUAN,BAJAU,ISLAM,WARGANEGARA,,,,,,,,,,,,,,MOHD SHAFIE BIN AB HANI,930716125791,KAD PENGENALAN,BAPA KANDUNG,"PENGURUS PENGELUARAN DAN OPERASI, PERKHIDMATAN PENJAGAAN DIRI",BEKERJA,EXAKT SDN BHD,1500,088396290,0199466156,3,SAFURA BINTI AB HAMAN,980720125036,KAD PENGENALAN,IBU KANDUNG,,TIDAK BEKERJA,,0,,0199466156,TAMAN RESIDENSI PRIMA RANGGU TB 918,LORONG 13 -1/3 JALAN RESIDENSI RANGGU 4,TAWAU,91000,TAWAU,PENAMPANG,SABAH
299,251203181075,NUR ZAHIRAHTUL NASUHA BINTI MOHD NASDRUL IKRAM,180111120568,KAD PENGENALAN,11-01-2018,BERSEKOLAH,13-02-2025,20-12-2025,TAHUN DUA,KHOIR,,BIASA,PERDANA / AKADEMIK,TIADA BIDANG,S LILI BINTI LADI,PEREMPUAN,MELAYU,ISLAM,WARGANEGARA,,,,,,,,,,,,,,MOHD NASDRUL IKRAM BIN MOHD KHAIRUDIN,850319145211,KAD PENGENALAN,BAPA KANDUNG,KOPERAL POLIS,BEKERJA,PDRM,5465.79,089712222,0126381076,3,ZAHIDAH BINTI ABUN,891116126548,KAD PENGENALAN,ISTERI,,TIDAK BEKERJA,,0,,,TB 99,LORONG 3,RESIDENSI PRIMA RANGGU,91000,TAWAU,PENAMPANG,SABAH
300,231203036967,RAYYAN NAUFAL BIN ABD RAHMAN,180715120147,KAD PENGENALAN,15-07-2018,BERSEKOLAH,13-02-2025,20-12-2025,TAHUN DUA,KHOIR,,BIASA,PERDANA / AKADEMIK,TIADA BIDANG,S LILI BINTI LADI,LELAKI,BUGIS,ISLAM,WARGANEGARA,,,,,,,,,,,,,,NUR IRA SHIRANA BINTI ROMIANSHAH,940711125898,KAD PENGENALAN,IBU KANDUNG,,TIDAK BEKERJA,,0,,0105519071,5,ABD RAHMAN BIN JAFAR,901216126357,KAD PENGENALAN,BAPA KANDUNG,PEMANDU LORI,TIDAK BEKERJA,ULTIMATE RESERVE GROUP,1666.15,,0137789071,E2-15 TAMAN SRI APAS BATU8 JALAN APAS,,,91000,TAWAU,PENAMPANG,SABAH
301,241202327207,SITI SARAH KHADIJAH BINTI MUHAMMAD,181014010652,KAD PENGENALAN,14-10-2018,BERSEKOLAH,13-02-2025,20-12-2025,TAHUN DUA,KHOIR,,BIASA,PERDANA / AKADEMIK,TIADA BIDANG,S LILI BINTI LADI,PEREMPUAN,BAJAU,ISLAM,WARGANEGARA,,,,,,,,,,,,,,MUHAMMAD BIN ROMOLO,880506495257,KAD PENGENALAN,BAPA KANDUNG,BURUH BINAAN (MINYAK DAN GAS),BEKERJA,MMHE,1700,07259988,0177030214,5,JURIANA BINTI DIAN,850713125374,KAD PENGENALAN,IBU KANDUNG,,TIDAK BEKERJA,,0,,0177030214,KAMPUNG RANGGU JALAN RANGGU BATU 9,,,91000,TAWAU,PENAMPANG,SABAH
302,230603012887,SUHAILA ILMA NAFIA BINTI MOHAMAD SUHAIL,181205060062,KAD PENGENALAN,05-12-2018,BERSEKOLAH,26-01-2026,26-01-2026,TAHUN DUA,KHOIR,,BIASA,PERDANA / AKADEMIK,TIADA BIDANG,S LILI BINTI LADI,PEREMPUAN,MELAYU,ISLAM,WARGANEGARA,,,,,,,,,,,,,,MOHAMAD SUHAIL BIN SAMSOL,940902015421,KAD PENGENALAN,BAPA KANDUNG,ANGGOTA JURUPLOT TAKTIKAL PEPERANGAN,TIDAK BEKERJA,TLDM,3906.83,,0197554217,2,FAIRUS AKHILA BINTI MD. NASARUDIN,881229065236,KAD PENGENALAN,IBU KANDUNG,,,,,,0129322207,TB 67 LOT 67 TAMAN RANGGU SAUJANA FASA 3,JLN RANGGU 91000,TAWAU,91000,TAWAU,PENAMPANG,SABAH
303,250103062537,AINNUR AISYAH AL HUMAIRA BINTI MOHAMAD SABRI,180825120148,KAD PENGENALAN,25-08-2018,BERSEKOLAH,12-01-2026,15-01-2026,TAHUN DUA,MUMTAZ,,BIASA,PERDANA / AKADEMIK,TIADA BIDANG,SITI JAWARA BINTI LUKMAN,PEREMPUAN,MELAYU,ISLAM,WARGANEGARA,,,,,,,,,,,,,,KASMAWATI BINTI SAKARIA,951221125434,KAD PENGENALAN,IBU KANDUNG,,TIDAK BEKERJA,,1000,,0187869790,3,,,,,,,,,,,BLOK D-10-02 PPR PELANGI INDAH,JALAN AYU 16,TAMAN PELANGI INDAH,81800,BANDAR JOHOR BAHRU,JOHOR BAHRU,JOHOR
304,251203181080,AQILAH RANIA BINTI ABD MUIN,180526120252,KAD PENGENALAN,26-05-2018,BERSEKOLAH,13-02-2025,20-12-2025,TAHUN DUA,MUMTAZ,,BIASA,PERDANA / AKADEMIK,TIADA BIDANG,SITI JAWARA BINTI LUKMAN,PEREMPUAN,BUGIS,ISLAM,WARGANEGARA,,,,,,,,,,,,,,ABD MUIN BIN SANUSI,620103126309,KAD PENGENALAN,BAPA KANDUNG,,TIDAK BEKERJA,,8500,,0138866309,1,HAPSA BINTI JAMIL,C7723107,NOMBOR PASPORT,IBU KANDUNG,,TIDAK BEKERJA,,0,,01110501224,"TB17693, FASA 5A 1,","BANDAR SRI INDAH,","BATU 10 JALAN APAS,",91000,TAWAU,PENAMPANG,SABAH
305,231203036323,AQRAM DHAIFARHAN BIN RAMAN,180926120243,KAD PENGENALAN,26-09-2018,BERSEKOLAH,13-02-2025,20-12-2025,TAHUN DUA,MUMTAZ,,BIASA,PERDANA / AKADEMIK,TIADA BIDANG,SITI JAWARA BINTI LUKMAN,LELAKI,BUGIS,ISLAM,WARGANEGARA,,,,,,,,,,,,,,RAMAN BIN MAHMUD,831116125719,KAD PENGENALAN,BAPA KANDUNG,BEKERJA SENDIRI,TIDAK BEKERJA,RAMAN BIN MAHMUD,1000,,0143957008,6,JUMIATI BINTI DARWIS,E9526145,NOMBOR PASPORT,IBU KANDUNG,,TIDAK BEKERJA,,0,,0102907008,KAMPUNG PANJI,HUJUNG,,91308,SEMPORNA,KUDAT,SABAH
306,221203000301,ARISHA NUR HAURA BINTI HASWAN,180722121148,KAD PENGENALAN,22-07-2018,BERSEKOLAH,13-02-2025,20-12-2025,TAHUN DUA,MUMTAZ,,BIASA,PERDANA / AKADEMIK,TIADA BIDANG,SITI JAWARA BINTI LUKMAN,PEREMPUAN,BUGIS,ISLAM,WARGANEGARA,,,,,,,,,,,,,,HASWAN BIN HAMBALI,E2949514,NOMBOR PASPORT,BAPA KANDUNG,FOMEN MEKANIKAL,BEKERJA,HAMKA BROTHERS & PLANTATION,1500,08973568,0198909693,6,PITRIANI BINTI TUNRENG,960612125786,KAD PENGENALAN,IBU KANDUNG,,TIDAK BEKERJA,,0,,0109561779,KAMPUNG RANGGU BATU 10 JALAN RANCANGAN,,,91000,TAWAU,PENAMPANG,SABAH
307,251203181081,AUNI FALISHA BINTI JADING,180531120740,KAD PENGENALAN,31-05-2018,BERSEKOLAH,13-02-2025,20-12-2025,TAHUN DUA,MUMTAZ,,BIASA,PERDANA / AKADEMIK,TIADA BIDANG,SITI JAWARA BINTI LUKMAN,PEREMPUAN,BAJAU,ISLAM,WARGANEGARA,,,,,,,,,,,,,,JADING BIN SEMAUNA,770210126017,KAD PENGENALAN,BAPA KANDUNG,PEMANDU,BEKERJA,SENDIRI,800,01998232515,0198232515,7,RIANAH BINTI JIDIWIN,770720125962,KAD PENGENALAN,IBU KANDUNG,GURU PENDIDIKAN MENENGAH,BEKERJA,KEM PELAJARAN MALAYSIA,9832.93,089951032,0168043655,"TB 13731 JALAN SRI INDAH 3,",FASA 1 BANDAR SRI INDAH,BATU 10 JALAN APAS,91000,TAWAU,PENAMPANG,SABAH
308,251203181082,AYRA KHADEEJA BINTI FERDANA FIRDAUS,180926120518,KAD PENGENALAN,26-09-2018,BERSEKOLAH,13-02-2025,20-12-2025,TAHUN DUA,MUMTAZ,,BIASA,PERDANA / AKADEMIK,TIADA BIDANG,SITI JAWARA BINTI LUKMAN,PEREMPUAN,BANJAR,ISLAM,WARGANEGARA,,,,,,,,,,,,,,SALEENA BINTI JAUKARANI,910924125886,KAD PENGENALAN,IBU KANDUNG,KAKITANGAN AWAM,BEKERJA,JABATAN KASTAM DIRAJA MALAYSIA,3583.28,089775805,0148557441,3,FERDANA FIRDAUS BIN ZULKARNAIN,800325125289,KAD PENGENALAN,BAPA KANDUNG,,TIDAK BEKERJA,,0,,01151494489,KAMPUNG RANGGU,BATU 8 JALAN APAS,,91000,TAWAU,PENAMPANG,SABAH
309,231203019042,AYRIEN AMANDA BINTI ABDUL MARWAN,180903120064,KAD PENGENALAN,03-09-2018,BERSEKOLAH,13-02-2025,20-12-2025,TAHUN DUA,MUMTAZ,,BIASA,PERDANA / AKADEMIK,TIADA BIDANG,SITI JAWARA BINTI LUKMAN,PEREMPUAN,MELAYU,ISLAM,WARGANEGARA,,,,,,,,,,,,,,ABDUL MARWAN BIN ABDUL MAJID,921224135243,KAD PENGENALAN,BAPA KANDUNG,PENGELUAR IKAN MASIN,BEKERJA,AMANDA ENTERPRISE,4500,0138542417,0138542417,2,HERWINA BINTI ABU BAKAR,931228125682,KAD PENGENALAN,IBU KANDUNG,,TIDAK BEKERJA,,0,,01131617525,LOT 1726 (TB345,BANDAR SRI INDAH FASA 5H,BATU 10 JALAN APAS,91000,TAWAU,PENAMPANG,SABAH
310,231203021522,DAYANG NUR AILANI BINTI DATU MOHD NOOR,180630120850,KAD PENGENALAN,30-06-2018,BERSEKOLAH,13-02-2025,20-12-2025,TAHUN DUA,MUMTAZ,,BIASA,PERDANA / AKADEMIK,TIADA BIDANG,SITI JAWARA BINTI LUKMAN,PEREMPUAN,BAJAU,ISLAM,WARGANEGARA,,,,,,,,,,,,,,DATU MOHD NOOR BIN DATU BIDIN,821116125795,KAD PENGENALAN,BAPA KANDUNG,PENGURUS CAWANGAN,BEKERJA,AMANAH IKHTIAR MALAYSIA,6000,0138898288,0138898288,5,NOR HAMIDAH BINTI DULIMAN,860610495494,KAD PENGENALAN,IBU KANDUNG,,TIDAK BEKERJA,,0,,01170018288,KG RANGGU SAUJANA,BATU 10,,91000,TAWAU,PENAMPANG,SABAH
311,251203181088,IZZ AR RAYYAN BIN ABDUL MALIK,180619120083,KAD PENGENALAN,19-06-2018,BERSEKOLAH,13-02-2025,20-12-2025,TAHUN DUA,MUMTAZ,,BIASA,PERDANA / AKADEMIK,TIADA BIDANG,SITI JAWARA BINTI LUKMAN,LELAKI,BOLONGAN,ISLAM,WARGANEGARA,,,,,,,,,,,,,,ABDUL MALIK BIN ABDUL RAHMAN,780311125231,KAD PENGENALAN,BAPA KANDUNG,GURU,BEKERJA,SEK. KEB. BALUNG,10507.4,01165744746,0195822921,7,HAYATI ARYANI PAEN ABDULLAH,830504126196,KAD PENGENALAN,IBU KANDUNG,,TIDAK BEKERJA,,0,,0135420025,TB35 LOT 35 LORONG DESA 3,TAMAN DESA RANGGU BT9 KG RANGGU,,91000,TAWAU,PENAMPANG,SABAH
312,251203181089,KHADIJAH BINTI SAINI,180701121384,KAD PENGENALAN,01-07-2018,BERSEKOLAH,13-02-2025,20-12-2025,TAHUN DUA,MUMTAZ,,BIASA,PERDANA / AKADEMIK,TIADA BIDANG,SITI JAWARA BINTI LUKMAN,PEREMPUAN,BUGIS,ISLAM,WARGANEGARA,,,,,,,,,,,,,,SAINI BIN LABA,721225125067,KAD PENGENALAN,BAPA KANDUNG,PEMANDU BAS,BEKERJA,TIADA,1500,0138980563,01112247663,6,SURIANA BINTI DAMIS,871114495376,KAD PENGENALAN,IBU KANDUNG,,TIDAK BEKERJA,,0,,0178070228,"BATU 12, JALAN BARADAYA, KG RANGGU",,,91000,TAWAU,PENAMPANG,SABAH
313,230503012255,MUHAMMAD FAYYADH ANAQI BIN RIDUAN,181126050325,KAD PENGENALAN,26-11-2018,BERSEKOLAH,11-01-2026,11-01-2026,TAHUN DUA,MUMTAZ,,BIASA,PERDANA / AKADEMIK,TIADA BIDANG,SITI JAWARA BINTI LUKMAN,LELAKI,MELAYU,ISLAM,WARGANEGARA,,,,,,,,,,,,,,RIDUAN BIN CHIEW CHIONG BEN @ ABDULLAH,841118125797,KAD PENGENALAN,BAPA KANDUNG,KOPERAL POLIS,BEKERJA,PDRM,4366.95,089752222,01128049418,3,NORIZADILAKMAR BINTI MOHD NASIR,860228335764,KAD PENGENALAN,IBU KANDUNG,,TIDAK BEKERJA,,0,,0173959028,"TB895, LORONG 13 1/3",RESIDENSI PRIMA RANGGU,OFF JALAN BARADAYA,91000,TAWAU,PENAMPANG,SABAH
314,251203181092,MUHAMMAD NUR FATTAH ARIF BIN ABDUL HALIM,181111120255,KAD PENGENALAN,11-11-2018,BERSEKOLAH,13-02-2025,20-12-2025,TAHUN DUA,MUMTAZ,,BIASA,PERDANA / AKADEMIK,TIADA BIDANG,SITI JAWARA BINTI LUKMAN,LELAKI,MELAYU,ISLAM,WARGANEGARA,,,,,,,,,,,,,,,,,,,,,,,,1,ROSLINAH BINTI JIDI,791203125350,KAD PENGENALAN,IBU KANDUNG,,TIDAK BEKERJA,,0,,0163331901,LORONG MARIAM ABD RAHMAN,KG RANGGU BATU 9 JALAN APAS,,91000,TAWAU,PENAMPANG,SABAH
315,251203181072,MUHAMMAD RAYQARL AQEEF BIN RAHIM,180111120955,KAD PENGENALAN,11-01-2018,BERSEKOLAH,13-02-2025,20-12-2025,TAHUN DUA,MUMTAZ,,BIASA,PERDANA / AKADEMIK,TIADA BIDANG,SITI JAWARA BINTI LUKMAN,LELAKI,BUGIS,ISLAM,WARGANEGARA,,,,,,,,,,,,,,RAHIM BIN SYAHARUDDIN,900806125819,KAD PENGENALAN,BAPA KANDUNG,,TIDAK BEKERJA,,2500,,01125200583,5,HERMA BINTI BURHANUDDIN,891231125436,KAD PENGENALAN,IBU KANDUNG,,TIDAK BEKERJA,,0,,01126313112,KG RANGGU BATU 10,LORONG 2 HAJI OTHMAN,,91000,TAWAU,PENAMPANG,SABAH
316,251203181093,MUHAMMAD RIZQ SYAHMI BIN SABTURAHIM,180615120617,KAD PENGENALAN,15-06-2018,BERSEKOLAH,13-02-2025,20-12-2025,TAHUN DUA,MUMTAZ,,BIASA,PERDANA / AKADEMIK,TIADA BIDANG,SITI JAWARA BINTI LUKMAN,LELAKI,BAJAU,ISLAM,WARGANEGARA,,,,,,,,,,,,,,SABTURAHIM BIN RABBAHIL,870321496043,KAD PENGENALAN,BAPA KANDUNG,PEMBANTU OPERASI GRED N,BEKERJA,MAHKAMAH TAWAU,3482.93,089772413,0138837704,2,NOOR SHARDIYANAH BINTI TAJUDDIN,881028495598,KAD PENGENALAN,IBU KANDUNG,JURUBAHASA GRED LA,BEKERJA,MAHKAMAH TAWAU,3586.28,089772413,0198032483,TAMAN RESIDENSI PR1MA RANGGU,"TB70, LORONG 2,",JALAN RESIDENSI RANGGU,91000,TAWAU,PENAMPANG,SABAH
317,231203036320,MUHAMMAD SHARIFF BIN ABDULLAH,180323120287,KAD PENGENALAN,23-03-2018,BERSEKOLAH,13-02-2025,20-12-2025,TAHUN DUA,MUMTAZ,,BIASA,PERDANA / AKADEMIK,TIADA BIDANG,SITI JAWARA BINTI LUKMAN,LELAKI,BANJAR,ISLAM,WARGANEGARA,,,,,,,,,,,,,,MOHD AZAHAIRI,961119125947,KAD PENGENALAN,BAPA KANDUNG,JURUTEKNIK,BEKERJA,WEIKE GAMING TECHNOLOGY (M SDN BHD,2200,0351201878,0192159526,1,SAMSIAH BINTI ADANI,990318125248,KAD PENGENALAN,IBU KANDUNG,,TIDAK BEKERJA,,0,,0165137129,KAMPUNG RANGGU BT 9 JALAN APAS,91000 TAWAU,SABAH,91000,TAWAU,PENAMPANG,SABAH
318,231203018647,MUHAMMAD SYAFIQ RAFAYIZAN BIN JAINAL ABIDIN,180609120987,KAD PENGENALAN,09-06-2018,BERSEKOLAH,13-02-2025,20-12-2025,TAHUN DUA,MUMTAZ,,BIASA,PERDANA / AKADEMIK,TIADA BIDANG,SITI JAWARA BINTI LUKMAN,LELAKI,BUGIS,ISLAM,WARGANEGARA,,,,,,,,,,,,,,NORLIZA BINTI ABBAS,850223125646,KAD PENGENALAN,IBU KANDUNG,BEKERJA SENDIRI,BEKERJA,NORLIZA BINTI ABBAS,850,0178148969,0178148969,4,JAINAL ABIDIN BIN PALLA,C5754903IND,NOMBOR PASPORT,BAPA KANDUNG,BEKERJA SENDIRI,TIDAK BEKERJA,TIADA,0,,01111018285,TB 141 LORONG 3 RESIDENSI RANGGU,TAMAN PRIMA RANGGU,JALAN APAS BT 12,91000,TAWAU,PENAMPANG,SABAH
319,251203181107,MUHAMMAD SYAZWAN SYAUQI BIN KAHAR,180212120129,KAD PENGENALAN,12-02-2018,BERSEKOLAH,13-02-2025,20-12-2025,TAHUN DUA,MUMTAZ,,BIASA,PERDANA / AKADEMIK,TIADA BIDANG,SITI JAWARA BINTI LUKMAN,LELAKI,MELAYU,ISLAM,WARGANEGARA,,,,,,,,,,,,,,MARDI BIN RUSLAN,E6813090,NOMBOR PASPORT,BAPA SAUDARA,,TIDAK BEKERJA,,2500,,0138039734,2,ARMIAYATY BINTI ABDUL RAHIM,960226125630,KAD PENGENALAN,IBU SAUDARA,,TIDAK BEKERJA,,2500,,0133765106,"KG RANGGU, BATU 10",JALAN MARIANO,OFF BATU 8 JALAN APAS,91000,TAWAU,PENAMPANG,SABAH
320,241202327088,MUHAMMAD ZAHKHWAN BIN AIDI,180807120435,KAD PENGENALAN,07-08-2018,BERSEKOLAH,13-02-2025,20-12-2025,TAHUN DUA,MUMTAZ,,BIASA,PERDANA / AKADEMIK,TIADA BIDANG,SITI JAWARA BINTI LUKMAN,LELAKI,BAJAU,ISLAM,WARGANEGARA,,,,,,,,,,,,,,AIDI BIN SAKAL,761028125347,KAD PENGENALAN,BAPA KANDUNG,JURUAUDIO VISUAL GRED N,BEKERJA,KEMENTERIAN PENERANGAN MALAYSIA,3778.47,0163669348,0163669348,7,JAMIAH BINTI PARASIL,851012125886,KAD PENGENALAN,IBU KANDUNG,,TIDAK BEKERJA,,0,,0168553735,"TAMAN RANGGU SAUJAN, TB 136",,,91000,TAWAU,PENAMPANG,SABAH
321,231201022052,MUHAMMAD ZAKARIYYA ADHA BIN SUDIRMAN,180822120089,KAD PENGENALAN,22-08-2018,BERSEKOLAH,13-02-2025,20-12-2025,TAHUN DUA,MUMTAZ,,BIASA,PERDANA / AKADEMIK,TIADA BIDANG,SITI JAWARA BINTI LUKMAN,LELAKI,INDONESIA,ISLAM,WARGANEGARA,,,,,,,,,,,,,,SUDIRMAN BIN LAODING,890120125391,KAD PENGENALAN,BAPA KANDUNG,BEKERJA SENDIRI,BEKERJA,SUDIRMAN BIN LAODING,1500,01131574831,01131574831,3,SALMIAH BINTI AMBO,C5750496,NOMBOR PASPORT,IBU KANDUNG,,TIDAK BEKERJA,,0,,0146835964,KAMPUNG RANGGU JALAN APAS WDT 193,KAMPUNG RANGGU JALAN APAS WDT 193,KAMPUNG RANGGU JALAN APAS WDT 193,91009,TAWAU,PENAMPANG,SABAH
322,251203181094,MURNIZAM BIN RAZAK,180322120023,KAD PENGENALAN,22-03-2018,BERSEKOLAH,13-02-2025,20-12-2025,TAHUN DUA,MUMTAZ,,BIASA,PERDANA / AKADEMIK,TIADA BIDANG,SITI JAWARA BINTI LUKMAN,LELAKI,BAJAU,ISLAM,WARGANEGARA,,,,,,,,,,,,,,PUNTAH BIN NAHDUHA,730424126067,KAD PENGENALAN,LAIN-LAIN,PEGAWAI POLIS,BEKERJA,POLIS DI RAJA MALAYSIA,8149.59,089889061,01999828128,1,MARIZAN BINTI LADJAHIRI,800905126018,KAD PENGENALAN,LAIN-LAIN,,TIDAK BEKERJA,,0,,0178608128,PERUMAHAN PEGAWAI KANAN,PASUKAN GERAKAN AM BATALION 17,JALAN SILAM,91100,LAHAD DATU,PAPAR,SABAH
323,241202313176,NUR ALFANISA BINTI IRAWAN,180826140124,KAD PENGENALAN,26-08-2018,BERSEKOLAH,05-10-2026,05-10-2026,TAHUN DUA,MUMTAZ,,BIASA,PERDANA / AKADEMIK,TIADA BIDANG,SITI JAWARA BINTI LUKMAN,PEREMPUAN,TIDUNG,ISLAM,WARGANEGARA,,,,,,,,,,,,,,NURAYU BINTI OSMAN,900826125074,KAD PENGENALAN,IBU KANDUNG,,TIDAK BEKERJA,,300,,0166622107,6,IRAWAN BIN KAMSA,810906126297,KAD PENGENALAN,BAPA KANDUNG,,TIDAK BEKERJA,,500,,0166622107,KAMPUNG PENCEN JALAN MEROTAI BESAR,KAMPUNG PENCEN JALAN MEROTAI BESAR,KAMPUNG PENCEN JALAN MEROTAI BESAR,91000,TAWAU,PENAMPANG,SABAH
324,231203009995,NUR FALISHA NOUREEN BINTI AMIR HAMZAH,180228120350,KAD PENGENALAN,28-02-2018,BERSEKOLAH,09-01-2026,15-01-2026,TAHUN DUA,MUMTAZ,,BIASA,PERDANA / AKADEMIK,TIADA BIDANG,SITI JAWARA BINTI LUKMAN,PEREMPUAN,BAJAU,ISLAM,WARGANEGARA,,,,,,,,,,,,,,AMIR HAMZAH BIN PUNGGAWA,840720126245,KAD PENGENALAN,BAPA KANDUNG,PENGAWAL KESELAMATAN,BEKERJA,SECURIDO GUARD SERVICES SDN BHD,1438.46,088779121,0198979089,4,ASURAH BINTI ABDU HASSAN,890709125976,KAD PENGENALAN,IBU KANDUNG,,TIDAK BEKERJA,,0,,0194952626,LOT 146 BLOK 20 TAMAN PERWIRA FASA 2,JALAN RANGGU TAWAU,SABAH,91000,TAWAU,PENAMPANG,SABAH
325,251203181065,NUR ZARA DELISHA BINTI MOHAMMAD SUFIAN,181004121666,KAD PENGENALAN,04-10-2018,BERSEKOLAH,13-02-2025,20-12-2025,TAHUN DUA,MUMTAZ,,BIASA,PERDANA / AKADEMIK,TIADA BIDANG,SITI JAWARA BINTI LUKMAN,PEREMPUAN,BUGIS,ISLAM,WARGANEGARA,,,,,,,,,,,,,,MOHAMMAD SUFIAN BIN YUSUF,010820121641,KAD PENGENALAN,BAPA KANDUNG,ABLE SEAMAN,BEKERJA,REGULUS OFFSHORE SDN BHD,2500,0603228938,01133058078,3,NURSYAFIKA,E6817292,NOMBOR PASPORT,IBU KANDUNG,,TIDAK BEKERJA,,0,,0197808616,RANGGU BATU 9 LORONG SRI MANIS,,,91000,TAWAU,PENAMPANG,SABAH
326,241202327198,NURHANA SYAFIQAH BINTI SAMSUDIN,181029120424,KAD PENGENALAN,29-10-2018,BERSEKOLAH,13-02-2025,20-12-2025,TAHUN DUA,MUMTAZ,,BIASA,PERDANA / AKADEMIK,TIADA BIDANG,SITI JAWARA BINTI LUKMAN,PEREMPUAN,BAJAU,ISLAM,WARGANEGARA,,,,,,,,,,,,,,SAMSUDIN BIN JAKALUDDIN,790410125893,KAD PENGENALAN,BAPA KANDUNG,PEMANDU AMBULANS,BEKERJA,KEMENTERIAN KESIHATAN MALAYSIA,3763.91,089773533,0105856138,4,NORLASA BINTI HAWANI,840822126318,KAD PENGENALAN,IBU KANDUNG,,TIDAK BEKERJA,,0,,0138669351,TB163 LOT 163 TYPE C TMN RANGGU SAUJANA,FASA 2 JLN RANGGU TAWAU,,91000,TAWAU,PENAMPANG,SABAH
327,251203181076,NURNASQILAYANI BINTI NASIR,180209120072,KAD PENGENALAN,09-02-2018,BERSEKOLAH,13-02-2025,20-12-2025,TAHUN DUA,MUMTAZ,,BIASA,PERDANA / AKADEMIK,TIADA BIDANG,SITI JAWARA BINTI LUKMAN,PEREMPUAN,BUGIS,ISLAM,WARGANEGARA,,,,,,,,,,,,,,NASIR BIN LARUNA,750501125067,KAD PENGENALAN,BAPA KANDUNG,BEKERJA SENDIRI,BEKERJA,-,1500,0100,0138980563,5,NURHAYANI BINTI SENONG,E9534805,NOMBOR PASPORT,IBU KANDUNG,,TIDAK BEKERJA,,0,,0198083683,"JALAN RANGGU, KAMPUNG RANGGU",LORONG OT MEMANGKU,,91000,TAWAU,PENAMPANG,SABAH
328,231201020870,NURNATHANIELA ARIANNIE BINTI ZAMRIE,180812121088,KAD PENGENALAN,12-08-2018,BERSEKOLAH,25-03-2025,20-12-2025,TAHUN DUA,MUMTAZ,,BIASA,PERDANA / AKADEMIK,TIADA BIDANG,SITI JAWARA BINTI LUKMAN,PEREMPUAN,BAJAU,ISLAM,WARGANEGARA,,,,,,,,,,,,,,ZAMRIE BIN OMAR ALI,780807125809,KAD PENGENALAN,BAPA KANDUNG,GURU,BEKERJA,SK RANGGU TAWAU,4213.65,01165749440,0164202740,5,NORATIKAH BINTI LEKSING SALLEH,850820125978,KAD PENGENALAN,IBU KANDUNG,GURU,BEKERJA,"SK. BUKIT QUOIN, TAWAU",5314.19,089921210,01151177885,"TB19045, LOT771, LORONG 5B 1/2, BANDAR S",,,91000,TAWAU,PENAMPANG,SABAH
329,251203181066,NURRMIKAYLA BINTI ROMANSA,180307120658,KAD PENGENALAN,07-03-2018,BERSEKOLAH,13-02-2025,20-12-2025,TAHUN DUA,MUMTAZ,,BIASA,PERDANA / AKADEMIK,TIADA BIDANG,SITI JAWARA BINTI LUKMAN,PEREMPUAN,BAJAU,ISLAM,WARGANEGARA,,,,,,,,,,,,,,ROMANSA BIN JIDWIN,820603126715,KAD PENGENALAN,BAPA KANDUNG,KERANI AM PEJABAT,BEKERJA,PETRON,6415,089772904,01129841606,2,JIMA BTE SIOH,IP2905,NOMBOR PASPORT,IBU KANDUNG,,TIDAK BEKERJA,,0,,01129886658,"KG RANGGU, BATU 9 LORONG OT MAMANGKU",JALAN TRANGGU,,91000,TAWAU,PENAMPANG,SABAH
330,251203181098,NURUL HAZIQAH BINTI MOHAMMAD,181116010370,KAD PENGENALAN,16-11-2018,BERSEKOLAH,13-02-2025,20-12-2025,TAHUN DUA,MUMTAZ,,BIASA,PERDANA / AKADEMIK,TIADA BIDANG,SITI JAWARA BINTI LUKMAN,PEREMPUAN,BUGIS,ISLAM,WARGANEGARA,,,,,,,,,,,,,,MOHAMMAD BIN USMAN TAJUD,790108125331,KAD PENGENALAN,BAPA KANDUNG,,TIDAK BEKERJA,,1300,,0128111143,4,NORHAYATI BINTI SASONG,810806125684,KAD PENGENALAN,IBU KANDUNG,,TIDAK BEKERJA,,0,,0147921135,LOT 77 BLOCK 11,TAMAN PERWIRA FASA 2,JALAN RANGGU,91000,TAWAU,PENAMPANG,SABAH
331,231203014226,NURUL SYAHIEDAH BINTI ISKANDAR,181008120994,KAD PENGENALAN,08-10-2018,BERSEKOLAH,13-02-2025,20-12-2025,TAHUN DUA,MUMTAZ,,BIASA,PERDANA / AKADEMIK,TIADA BIDANG,SITI JAWARA BINTI LUKMAN,PEREMPUAN,BUGIS,ISLAM,WARGANEGARA,,,,,,,,,,,,,,ISKANDAR BIN GALIGO,870403125393,KAD PENGENALAN,BAPA KANDUNG,PEMANDU,BEKERJA,TIADA,1500,0109472500,0109472500,6,HANIAH BINTI SYAMSUDDIN,E2950840,NOMBOR PASPORT,IBU KANDUNG,,TIDAK BEKERJA,,0,,0102500990,D4-3 TAMAN SRI APAS,BATU 8 JALAN APAS,,91000,TAWAU,PENAMPANG,SABAH
332,231203036326,QAIRA INARA BINTI AZLAN,180212120532,KAD PENGENALAN,12-02-2018,BERSEKOLAH,13-02-2025,20-12-2025,TAHUN DUA,MUMTAZ,,BIASA,PERDANA / AKADEMIK,TIADA BIDANG,SITI JAWARA BINTI LUKMAN,PEREMPUAN,BUGIS,ISLAM,WARGANEGARA,,,,,,,,,,,,,,AZLAN BIN BASRI,870205495385,KAD PENGENALAN,BAPA KANDUNG,,TIDAK BEKERJA,,2500,,0146956545,5,NUR FATIHAH BINTI HERMAN,920310125530,KAD PENGENALAN,IBU KANDUNG,,TIDAK BEKERJA,,0,,0142822646,KAMPUNG RANGGU,BATU 12,,91000,TAWAU,PENAMPANG,SABAH
333,231203036319,RAZZAQ AALI BIN RAIS,180204120647,KAD PENGENALAN,04-02-2018,BERSEKOLAH,13-02-2025,20-12-2025,TAHUN DUA,MUMTAZ,,BIASA,PERDANA / AKADEMIK,TIADA BIDANG,SITI JAWARA BINTI LUKMAN,LELAKI,BUGIS,ISLAM,WARGANEGARA,,,,,,,,,,,,,,RINA ANDRIANA,930906125768,KAD PENGENALAN,IBU KANDUNG,BEKERJA SENDIRI,BEKERJA,RINA ANDRIANA,500,01170765893,01170765893,4,,,,,,,,,,,LORONG SAPIYAH MAHALUN,"KG. RANGGU, JLN RANGGU",,91000,TAWAU,PENAMPANG,SABAH
334,221203009031,SHEERINA HANA BINTI MOHAMMAD FIKREY,180823120128,KAD PENGENALAN,23-08-2018,BERSEKOLAH,11-01-2026,11-01-2026,TAHUN DUA,MUMTAZ,,BIASA,PERDANA / AKADEMIK,TIADA BIDANG,SITI JAWARA BINTI LUKMAN,PEREMPUAN,BAJAU,ISLAM,WARGANEGARA,,,,,,,,,,,,,,MOHAMMAD FIKREY BIN ABDUL GAPAR,910528125411,KAD PENGENALAN,BAPA KANDUNG,GURU,BEKERJA,SEKOLAH KEBANGSAAN RANGGU,5869.78,01165749440,0188748032,2,KASNI BINTI RASID,991028127194,KAD PENGENALAN,IBU KANDUNG,,TIDAK BEKERJA,,0,,01140160648,"TB867, LORONG 13-1/3, JALAN RESIDENSI 4",,,91000,TAWAU,PENAMPANG,SABAH
335,241203040444,ADIB ALFIAN BIN SARAIL,171220120511,KAD PENGENALAN,20-12-2017,BERSEKOLAH,07-02-2024,20-12-2025,TAHUN TIGA,ILTIZAM,,BIASA,PERDANA / AKADEMIK,TIADA BIDANG,JAINAH BINTI SULAIMAN,LELAKI,BUGIS,ISLAM,WARGANEGARA,,,,,,,,,,,,,,SARAIL BIN ABD LATIP,840816125343,KAD PENGENALAN,BAPA KANDUNG,PENOLONG PENGUASA PENJARA GRED KA,BEKERJA,JABATAN PENJARA MALAYSIA,6404.91,089715535,0123914641,2,SITI MARIANNA BINTI AHMAD,840506125030,KAD PENGENALAN,IBU KANDUNG,,TIDAK BEKERJA,,0,,0168423864,"LORONG DAMAI RIA 03, JLN HJ. MANSOR",KG. RANGGU BT9 JLN MARIANO,,91000,TAWAU,PENAMPANG,SABAH
336,231203028983,AKIF FAHIM RAYYAN BIN ABDUL RAHMAT,170520121167,KAD PENGENALAN,20-05-2017,BERSEKOLAH,07-02-2024,20-12-2025,TAHUN TIGA,ILTIZAM,,BIASA,PERDANA / AKADEMIK,TIADA BIDANG,JAINAH BINTI SULAIMAN,LELAKI,BAJAU,ISLAM,WARGANEGARA,,,,,,,,,,,YA (01),,,,,,,,,,,,,8,ABDUL RAHMAT BIN MALIULLAH,801004126103,KAD PENGENALAN,BAPA KANDUNG,KERANI ADUAN PELANGGAN,BEKERJA,JPNIN,3357.2,01008977734,0177494348,"TB 584 , LORONG 11, RESIDENSI RANGGU 2",TMN PRIMA RANGGU,JALAN BATU 12,91000,TAWAU,PENAMPANG,SABAH
337,211201149418,AYRA AERYNA BINTI EDDE,171130120964,KAD PENGENALAN,30-11-2017,BERSEKOLAH,07-02-2024,20-12-2025,TAHUN TIGA,ILTIZAM,,BIASA,PERDANA / AKADEMIK,TIADA BIDANG,JAINAH BINTI SULAIMAN,PEREMPUAN,FILIPINO,ISLAM,WARGANEGARA,MALAYSIA,,,,,,,,,,,,,EDDE BIN RAMON,800514125851,KAD PENGENALAN,BAPA KANDUNG,BEKERJA SENDIRI,BEKERJA,EDDE BIN RAMON,1100,01114824858,01114824858,3,SUYANTI BINTI SUGIMIN,810324125112,KAD PENGENALAN,IBU KANDUNG,,,,,,0195353717,"KAMPUNG BARU RANGGU, BATU 10",,,91000,TAWAU,PENAMPANG,SABAH
338,231203030486,DHIA SHAFIRA RAMADHINA BINTI MUHAMMAD HAMIZAL,170616120986,KAD PENGENALAN,16-06-2017,BERSEKOLAH,07-02-2024,20-12-2025,TAHUN TIGA,ILTIZAM,,BIASA,PERDANA / AKADEMIK,TIADA BIDANG,JAINAH BINTI SULAIMAN,PEREMPUAN,BAJAU,ISLAM,WARGANEGARA,,,,,,,,,,,,,,SIGIAH BINTI KARUN,831107125370,KAD PENGENALAN,IBU KANDUNG,,,,,,0109566403,5,MUHAMMAD HAMIZAL BIN MOHD ARPAH,830217125801,KAD PENGENALAN,BAPA KANDUNG,BEKERJA SENDIRI,,TIADA,500,0109566403,0109566403,KAMPUNG RANGGU BATU 9,JALAN BATU 10,,91000,TAWAU,PENAMPANG,SABAH
339,231203004524,HARDY HAFIZZUDDIN SYAZWAN BIN HARDIANTO,170810120373,KAD PENGENALAN,10-08-2017,BERSEKOLAH,07-02-2024,20-12-2025,TAHUN TIGA,ILTIZAM,,BIASA,PERDANA / AKADEMIK,TIADA BIDANG,JAINAH BINTI SULAIMAN,LELAKI,ETNIK SABAH,ISLAM,WARGANEGARA,,,,,,,,,,,,,,SITI NUR FARAWANI BINTI YANTO,980126125834,KAD PENGENALAN,IBU KANDUNG,PENGASUH KANAK-KANAK,BEKERJA,NISA,350,0166131389,01126328099,2,,,,,,,,,,,KAMPUNG RANGGU BATU 10 JALAN APAS,,,91000,TAWAU,PENAMPANG,SABAH
340,231203034039,HUZAIFAH ILYAS BIN MUSHRIK ADIYA,170411120237,KAD PENGENALAN,11-04-2017,BERSEKOLAH,11-03-2024,20-12-2025,TAHUN TIGA,ILTIZAM,,BIASA,PERDANA / AKADEMIK,TIADA BIDANG,JAINAH BINTI SULAIMAN,LELAKI,BUGIS,ISLAM,WARGANEGARA,,,,,,,,,,,,,,NURHAEDA BINTI LAISA,760404125742,KAD PENGENALAN,IBU KANDUNG,JURUJUAL BORONG DAN RUNCIT,BEKERJA,WIPRO UNZA,1775,0128139692,0178977414,2,MUSHRIK ADIYA BIN MAKMUR,820209125933,KAD PENGENALAN,BAPA KANDUNG,PEMANDU LORI,BEKERJA,ONJADI SDN BHD,1200,01163358998,0147848427,LOT 13 JALAN MARIANO LORONG DAMAI,RIA 3,,91000,TAWAU,PENAMPANG,SABAH
341,241202324371,MOHAMMAD AZWIN BIN ABDULLAH,170619121095,KAD PENGENALAN,19-06-2017,BERSEKOLAH,08-05-2024,20-12-2025,TAHUN TIGA,ILTIZAM,,BIASA,PERDANA / AKADEMIK,TIADA BIDANG,JAINAH BINTI SULAIMAN,LELAKI,BUGIS,ISLAM,WARGANEGARA,,,,,,,,,,,,,,,,,,,,,,,,2,LANNI MARLINA BINTI SAMSU,810516125838,KAD PENGENALAN,IBU KANDUNG,,TIDAK BEKERJA,,600,,0163714904,,,,,,,
342,241203040416,MUHAMAD AQEEL ARFAN BIN ABDULLAH,170902121015,KAD PENGENALAN,02-09-2017,BERSEKOLAH,07-02-2024,20-12-2025,TAHUN TIGA,ILTIZAM,,BIASA,PERDANA / AKADEMIK,TIADA BIDANG,JAINAH BINTI SULAIMAN,LELAKI,SULUK,ISLAM,WARGANEGARA,,,,,,,,,,,,,,MUHAMAD DANIAL BIN MAT HALIM,980520065147,KAD PENGENALAN,BAPA KANDUNG,JURUTEKNIK,BEKERJA,RIDZCOMM ENTERPRISE,1700,01136452731,01136452731,2,NUR SYAHMINA AYU BINTI CAHRUN,980612126568,KAD PENGENALAN,IBU KANDUNG,KERANI AM PEJABAT,BEKERJA,DATUK ELBERT LIM YU MING,1700,089916161,0109652125,KAMPUNG RANGGU BATU 10,,,91008,TAWAU,PENAMPANG,SABAH
343,231203030196,MUHAMMAD ADAM DANISH BIN ASDI,171016120637,KAD PENGENALAN,16-10-2017,BERSEKOLAH,07-02-2024,20-12-2025,TAHUN TIGA,ILTIZAM,,BIASA,PERDANA / AKADEMIK,TIADA BIDANG,JAINAH BINTI SULAIMAN,LELAKI,BUGIS,ISLAM,WARGANEGARA,,,,,,,,,,,,,,ASDI BIN BEDDU,770807125893,KAD PENGENALAN,BAPA KANDUNG,PEMANDU LORI,BEKERJA,MUSKIN,1200,01131530488,01131530488,6,MAS RINA BINTI MOHAMADIN,820411125144,KAD PENGENALAN,IBU KANDUNG,,TIDAK BEKERJA,,0,,0162437782,TB LOT 22 TAMAN DESA RANGGU BT 9,TB LOT 22 TAMAN DESA RANGGU BT 9,TAWAU,91000,TAWAU,PENAMPANG,SABAH
344,241203040417,MUHAMMAD AFIQ ZAIM BIN RAHMAT ALI,171027120835,KAD PENGENALAN,27-10-2017,BERSEKOLAH,07-02-2024,20-12-2025,TAHUN TIGA,ILTIZAM,,BIASA,PERDANA / AKADEMIK,TIADA BIDANG,JAINAH BINTI SULAIMAN,LELAKI,BUGIS,ISLAM,WARGANEGARA,,,,,,,,,,,,,,RAHMAT ALI BIN SULLA,770911125869,KAD PENGENALAN,BAPA KANDUNG,PEMANDU LORI,BEKERJA,WCK TRADING SDN BHD,1000,0355258559,0178981224,4,NURENI BINTI NURDIN,831103125584,KAD PENGENALAN,IBU KANDUNG,,TIDAK BEKERJA,,0,,0178956447,LOT 76,TAMAN DESA RANGGU,BATU 9 JALAN APAS,91000,TAWAU,PENAMPANG,SABAH
345,241203040420,MUHAMMAD AL-AYYUBI BIN SUNARDY,170502100741,KAD PENGENALAN,02-05-2017,BERSEKOLAH,07-02-2024,20-12-2025,TAHUN TIGA,ILTIZAM,,BIASA,PERDANA / AKADEMIK,TIADA BIDANG,JAINAH BINTI SULAIMAN,LELAKI,BUGIS,ISLAM,WARGANEGARA,,,,,,,,,,,,,,SUNARDY BIN MOHD YUSUF,871111495629,KAD PENGENALAN,BAPA KANDUNG,PEMANDU LORI,BEKERJA,KIM TECK CHEONG SHIPPING SDN BHD,2000,010422011,0198002208,3,HASNAH BINTI SAYANG,KGU1736/88,SIJIL LAHIR,IBU KANDUNG,,TIDAK BEKERJA,,100,,0143577079,364 LORONG 8 - 1/2,JALAN RESIDENSI RANGGU 1,RESIDENSI RANGGU,91000,TAWAU,PENAMPANG,SABAH
346,231203031787,MUHAMMAD FAIQ BIN ARSYAD,170327120883,KAD PENGENALAN,27-03-2017,BERSEKOLAH,07-02-2024,20-12-2025,TAHUN TIGA,ILTIZAM,,BIASA,PERDANA / AKADEMIK,TIADA BIDANG,JAINAH BINTI SULAIMAN,LELAKI,BUGIS,ISLAM,WARGANEGARA,,,,,,,,,,,,,,NUR AZIMA BINTI MUHAMAD NAWIR,900208125958,KAD PENGENALAN,IBU KANDUNG,PEMBANTU BAKERI,,LILYMAR,1500,0145490857,0145490857,3,,,,,,,,,,,JALAN CHUNG HWA,BATU 6 APAS,,91000,TAWAU,PENAMPANG,SABAH
347,241202034141,MUHAMMAD FATEH AWWADI BIN MOHD IRWAN,171101090073,KAD PENGENALAN,01-11-2017,BERSEKOLAH,11-03-2024,20-12-2025,TAHUN TIGA,ILTIZAM,,BIASA,PERDANA / AKADEMIK,TIADA BIDANG,JAINAH BINTI SULAIMAN,LELAKI,BAJAU,ISLAM,WARGANEGARA,,,,,,,,,,,,,,ARBINA BINTI ALI,840727126096,KAD PENGENALAN,IBU KANDUNG,PEGAWAI KOR PERKHIDMATAN AM (KPA),TIDAK BEKERJA,ANGKATAN TENTERA MALAYSIA,4000,,0164543406,4,MOHD IRWAN BIN RAMLAN,841213125293,KAD PENGENALAN,BAPA KANDUNG,BEKERJA SENDIRI,TIDAK BEKERJA,TIADA,1000,,0149593409,"LOT 207, LORONG 1, TAMAN PERWIRA,","JALAN RANGGU,",,91000,TAWAU,PENAMPANG,SABAH
348,241203040427,MUHAMMAD HAIRIL FAHMI BIN HERMAN,170825121117,KAD PENGENALAN,25-08-2017,BERSEKOLAH,07-02-2024,20-12-2025,TAHUN TIGA,ILTIZAM,,BIASA,PERDANA / AKADEMIK,TIADA BIDANG,JAINAH BINTI SULAIMAN,LELAKI,BUGIS,ISLAM,WARGANEGARA,,,,,,,,,,,,,,SUNARTY BINTI BADDU,780111125472,KAD PENGENALAN,IBU KANDUNG,,,,,,0166639782,5,HERMAN BIN SYAHARUDDIN,830722125757,KAD PENGENALAN,BAPA KANDUNG,PEMANDU LORI,BEKERJA,SANSHUI RESORT,1200,0195010493,0195010493,"KAMPUNG RANGGU, BATU 10, TAWAU",,,91000,TAWAU,PENAMPANG,SABAH
349,241203044826,NAZHIFAH ANISA BINTI NASARUDIN,171220120052,KAD PENGENALAN,20-12-2017,BERSEKOLAH,10-06-2024,20-12-2025,TAHUN TIGA,ILTIZAM,,BIASA,PERDANA / AKADEMIK,TIADA BIDANG,JAINAH BINTI SULAIMAN,PEREMPUAN,BUGIS,ISLAM,WARGANEGARA,,,,,,,,,,,,,,NASARUDIN BIN NGANRO,771217125767,KAD PENGENALAN,BAPA KANDUNG,FOMEN MEKANIKAL,TIDAK BEKERJA,ULTIMATE SDN BHD,3000,,0179515767,2,HASMIAH BINTI WAHID,820515125106,KAD PENGENALAN,IBU KANDUNG,,TIDAK BEKERJA,,0,,0125771725,RESIDENSI PRIMA RANGGU,"LORONG 17 TB, 1194",TAWAU,91000,TAWAU,PENAMPANG,SABAH
350,231203003859,NOR FARHANA BINTI KAMAL,170902120856,KAD PENGENALAN,02-09-2017,BERSEKOLAH,07-02-2024,20-12-2025,TAHUN TIGA,ILTIZAM,,BIASA,PERDANA / AKADEMIK,TIADA BIDANG,JAINAH BINTI SULAIMAN,PEREMPUAN,ETNIK SABAH,ISLAM,WARGANEGARA,,,,,,,,,,,,,,RUSNIATI,B7319866,NOMBOR PASPORT,IBU KANDUNG,BEKERJA SENDIRI,,TIADA,800,01136534642,01136534642,1,,,,,,,,,,,"NO 15238, TAMAN UNIVILLA",,,91000,TAWAU,PENAMPANG,SABAH
351,241203040405,NUR AQEELA DANISHA BINTI MASLAN,170313120022,KAD PENGENALAN,13-03-2017,BERSEKOLAH,07-02-2024,20-12-2025,TAHUN TIGA,ILTIZAM,,BIASA,PERDANA / AKADEMIK,TIADA BIDANG,JAINAH BINTI SULAIMAN,PEREMPUAN,BUGIS,ISLAM,WARGANEGARA,,,,,,,,,,,,,,MASLAN BIN TAMANLILI,821111126107,KAD PENGENALAN,BAPA KANDUNG,,TIDAK BEKERJA,,800,,0192530304,4,FITTRI BINTI JOHANIS,E2942648,NOMBOR PASPORT,IBU KANDUNG,,TIDAK BEKERJA,,0,,0128210214,KAMPUNG RANGGU BATU12,JALAN SETTLEMENT TAWAU SABAH,,91000,TAWAU,PENAMPANG,SABAH
352,231203030582,NUR AQILAH BINTI ADDY,170726040012,KAD PENGENALAN,26-07-2017,BERSEKOLAH,07-02-2024,20-12-2025,TAHUN TIGA,ILTIZAM,,BIASA,PERDANA / AKADEMIK,TIADA BIDANG,JAINAH BINTI SULAIMAN,PEREMPUAN,BUGIS,ISLAM,WARGANEGARA,,,,,,,,,,,,,,ADDY BIN RAMLI,901229126313,KAD PENGENALAN,BAPA KANDUNG,JURUJUAL KEDAI,BEKERJA,REDONE NETWORK SDN BHD,1700,0198970116,01115036673,5,NORSHILA BINTI HARIS,920419125788,KAD PENGENALAN,IBU KANDUNG,,TIDAK BEKERJA,,0,,0169309147,TAMAN PERWIRA RANGGU,LORONG 2,LOT 164,91000,TAWAU,PENAMPANG,SABAH
353,211201146504,NUR AUNI ADELIA BINTI YASRI,170322121166,KAD PENGENALAN,22-03-2017,BERSEKOLAH,11-03-2024,20-12-2025,TAHUN TIGA,ILTIZAM,,BIASA,PERDANA / AKADEMIK,TIADA BIDANG,JAINAH BINTI SULAIMAN,PEREMPUAN,BUGIS,ISLAM,WARGANEGARA,MALAYSIA,,,,,,,,,,,,,YASRI BIN AMRI,850828125753,KAD PENGENALAN,BAPA KANDUNG,,TIDAK BEKERJA,,2500,,0109383937,5,SUMARNI BINTI SUNAR,890628125130,KAD PENGENALAN,IBU KANDUNG,,TIDAK BEKERJA,,0,,0139332806,"BATU 10, KAMPUNG RANGGU",PETI SURAT 60014,,91010,TAWAU,PENAMPANG,SABAH
354,221201122200,NUR FARAH AIN BINTI ARMIANSAH,170331121096,KAD PENGENALAN,31-03-2017,BERSEKOLAH,07-02-2024,20-12-2025,TAHUN TIGA,ILTIZAM,,BIASA,PERDANA / AKADEMIK,TIADA BIDANG,JAINAH BINTI SULAIMAN,PEREMPUAN,BANJAR,ISLAM,WARGANEGARA,MALAYSIA,,,,,,,,,,,,,JULIANA BINTI MOHAMAD ALI,830523125340,KAD PENGENALAN,IBU KANDUNG,,TIDAK BEKERJA,,2500,,01169233595,6,ARMIANSAH BIN SAIMIN,810503125337,KAD PENGENALAN,BAPA KANDUNG,PENGENDALI KARGO BARANG ANGKUT PRODUK,BEKERJA,AIR ASIA,3500,0163979563,,BG-21 PPR TAMAN SRI APAS,BATU 8 JALAN APAS,,91000,TAWAU,PENAMPANG,SABAH
355,241503002559,NUR KHALISHA MEDEENA BINTI KASMAN,170308060360,KAD PENGENALAN,08-03-2017,BERSEKOLAH,09-07-2024,20-12-2025,TAHUN TIGA,ILTIZAM,,BIASA,PERDANA / AKADEMIK,TIADA BIDANG,JAINAH BINTI SULAIMAN,PEREMPUAN,BUGIS,ISLAM,WARGANEGARA,,,,,,,,,,,,,,KASMAN BIN KASSIM,830418125891,KAD PENGENALAN,BAPA KANDUNG,,TIDAK BEKERJA,,2744.49,,01129859894,4,ROSLINDA BINTI MOHD YUSOF,841125125074,KAD PENGENALAN,IBU KANDUNG,,TIDAK BEKERJA,,0,,0163514458,TB547 RESIDENSI PRIMA RANGGU,JALAN RESIDENSI PRIMA 4,LORONG 11,91007,TAWAU,PENAMPANG,SABAH
356,241203040409,NUR MADIHAH SOFEA BINTI MOHAMMED SAIFULLAH,170912120438,KAD PENGENALAN,12-09-2017,BERSEKOLAH,07-02-2024,20-12-2025,TAHUN TIGA,ILTIZAM,,BIASA,PERDANA / AKADEMIK,TIADA BIDANG,JAINAH BINTI SULAIMAN,PEREMPUAN,MELAYU,ISLAM,WARGANEGARA,,,,,,,,,,,,,,JALIHAH BINTI SAAD,880924495372,KAD PENGENALAN,IBU KANDUNG,PEMBANTU OPERASI GRED N,,KEMENTERIAN PERTAHANAN MALAYSIA,3139.39,088243005,0164368081,2,,,,,,,,,,,RESIDENSI PRIMA RANGGU,"774, LORONG 12-2/3",JALAN RESIDENSI RANGGU 3,91000,TAWAU,PENAMPANG,SABAH
357,231203008656,NUR RAFIFI ASYIQAH BINTI MOHAMMAD REEZUL,171030120318,KAD PENGENALAN,30-10-2017,BERSEKOLAH,07-02-2024,20-12-2025,TAHUN TIGA,ILTIZAM,,BIASA,PERDANA / AKADEMIK,TIADA BIDANG,JAINAH BINTI SULAIMAN,PEREMPUAN,BAJAU,ISLAM,WARGANEGARA,,,,,,,,,,,,,,MOHAMMAD REEZUL BIN AB BAK,870724495993,KAD PENGENALAN,BAPA KANDUNG,,TIDAK BEKERJA,,2900,,0129264830,5,ROSLIANA BINTI JOSLEN,930929126704,KAD PENGENALAN,IBU KANDUNG,,TIDAK BEKERJA,,0,,0192644830,TAMAN PRIMA RANGGU,TB 1201 LORONG 17,RANGGU 5,91000,TAWAU,PENAMPANG,SABAH
358,231203003876,NURUL HAWANI BINTI NORIZUAN,171020120082,KAD PENGENALAN,20-10-2017,BERSEKOLAH,11-03-2024,20-12-2025,TAHUN TIGA,ILTIZAM,,BIASA,PERDANA / AKADEMIK,TIADA BIDANG,JAINAH BINTI SULAIMAN,PEREMPUAN,BAJAU,ISLAM,WARGANEGARA,,,,,,,,,,,,,,NORIZUAN BIN SALLEH,950104126767,KAD PENGENALAN,BAPA KANDUNG,PEMANDU,BEKERJA,SONG JOO ENTERPRISE SDN BHD,1200,0168112743,0168112710,2,HANA BINTI BADA,B5733661,NOMBOR PASPORT,IBU KANDUNG,,,,,,,LORONG O.T MAMANGKU,KAMPUNG RANGGU,BATU 9,91000,TAWAU,PENAMPANG,SABAH
359,231203035916,PUTRI NURUL ZAINABIA BINTI NASRUL,170903121076,KAD PENGENALAN,03-09-2017,BERSEKOLAH,21-08-2025,20-12-2025,TAHUN TIGA,ILTIZAM,,BIASA,PERDANA / AKADEMIK,TIADA BIDANG,JAINAH BINTI SULAIMAN,PEREMPUAN,BAJAU,ISLAM,WARGANEGARA,,,,,,,,,,,,,,NASRUL BIN MOHAMMAD,900530126123,KAD PENGENALAN,BAPA KANDUNG,PEDAGANG JUALAN,TIDAK BEKERJA,NASRUL,500,,0194902401,5,NURUL HAFIZAH BINTI ALIMUDDIN,910124125802,KAD PENGENALAN,IBU KANDUNG,,TIDAK BEKERJA,,0,,0194902401,KAMPUNG RANGGU BATU 10 JALAN RANGGU,,,91000,TAWAU,PENAMPANG,SABAH
360,241203040432,QAYS FAIQ BIN KHAIRUL AFIQ,170809120093,KAD PENGENALAN,09-08-2017,BERSEKOLAH,07-02-2024,20-12-2025,TAHUN TIGA,ILTIZAM,,BIASA,PERDANA / AKADEMIK,TIADA BIDANG,JAINAH BINTI SULAIMAN,LELAKI,SULUK,ISLAM,WARGANEGARA,,,,,,,,,,,,,,KHAIRUL AFIQ BIN LINDA,960225125671,KAD PENGENALAN,BAPA KANDUNG,BEKERJA SENDIRI,BEKERJA,TIADA,1000,089771342,0149537921,2,NUR AISHAH,C5756291,NOMBOR PASPORT,IBU KANDUNG,,,,,,,KAMPUNG RANGGU BATU 9 JALAN APAS TAWAU,PETI SURAT 920,91000  TAWAU SABAH,91000,TAWAU,PENAMPANG,SABAH
361,241202034130,RAYYAN RAZIN BIN RUSYANTO,171024120557,KAD PENGENALAN,24-10-2017,BERSEKOLAH,11-03-2024,20-12-2025,TAHUN TIGA,ILTIZAM,,BIASA,PERDANA / AKADEMIK,TIADA BIDANG,JAINAH BINTI SULAIMAN,LELAKI,BUGIS,ISLAM,WARGANEGARA,,,,,,,,,,,,,,RUSYANTO BIN AHCHO,870404495679,KAD PENGENALAN,BAPA KANDUNG,PEMBANTU TUKANG MASAK,BEKERJA,RAHMAN SHAH RASHID,1700,0106397430,0128327868,6,ROSNAH BINTI LAHARA,E9529049,NOMBOR PASPORT,IBU KANDUNG,,TIDAK BEKERJA,,0,,0168324487,KAMPUNG RANGGU BATU 10 JALAN APAS,,,91000,TAWAU,PENAMPANG,SABAH
362,241202034133,RAYYAN RIFFAT BIN RUSYANTO,171024120565,KAD PENGENALAN,24-10-2017,BERSEKOLAH,11-03-2024,20-12-2025,TAHUN TIGA,ILTIZAM,,BIASA,PERDANA / AKADEMIK,TIADA BIDANG,JAINAH BINTI SULAIMAN,LELAKI,BUGIS,ISLAM,WARGANEGARA,,,,,,,,,,,,,,RUSYANTO BIN AHCHO,870404495679,KAD PENGENALAN,BAPA KANDUNG,PEMBANTU TUKANG MASAK,BEKERJA,RAHMAN SHAH RASHID,1700,0106397430,0128327868,6,ROSNAH BINTI LAHARA,E9529049,NOMBOR PASPORT,IBU KANDUNG,,TIDAK BEKERJA,,0,,0168324487,KAMPUNG RANGGU BATU 10 JALAN APAS,,,91000,TAWAU,PENAMPANG,SABAH
363,241203040451,RIZQ SAFWAN BIN ROSMAN,171022120123,KAD PENGENALAN,22-10-2017,BERSEKOLAH,07-02-2024,20-12-2025,TAHUN TIGA,ILTIZAM,,BIASA,PERDANA / AKADEMIK,TIADA BIDANG,JAINAH BINTI SULAIMAN,LELAKI,BUGIS,ISLAM,WARGANEGARA,,,,,,,,,,,,,,ROSMAN BIN SYALIRI,890413125547,KAD PENGENALAN,BAPA KANDUNG,PENGURUS LADANG,BEKERJA,IOI LAHAD DATU,7000,0138705605,0138705605,2,SITTI KHATIJAH BINTI YATTO,890903125566,KAD PENGENALAN,IBU KANDUNG,,TIDAK BEKERJA,,0,,0165875771,"TB 770,LORONG 12 2/3,RESIDENSI",PRIMA RANGGU,,91000,TAWAU,PENAMPANG,SABAH
364,241203001762,SHAQEENA SHAFFIRA BINTI SURIANTO,170602120264,KAD PENGENALAN,02-06-2017,BERSEKOLAH,11-01-2026,13-01-2026,TAHUN TIGA,ILTIZAM,,BIASA,PERDANA / AKADEMIK,TIADA BIDANG,JAINAH BINTI SULAIMAN,PEREMPUAN,IDAHAN,ISLAM,WARGANEGARA,,,,,,,,,,,,,,SURIANTO SARMON JUMADI,800926126105,KAD PENGENALAN,BAPA KANDUNG,PENGURUS,BEKERJA,SAWIT BULKERS SDN BHD,7053.53,089631495,0163846703,6,FAIZIANTTY BINTI MOHD HASYIM,920125126718,KAD PENGENALAN,IBU KANDUNG,PEGAWAI PENGUATKUASA GRED KP,,KPDNKSH,4120,010776690,01131626268,"TB 831, LORONG 13-1/3,","RESIDENDI RANGGU 4, TAMAN PR1MA RANGGU,","JALAN RANGGU, BATU 12",91000,TAWAU,PENAMPANG,SABAH
365,221203001623,SITI AISYAH BINTI SUDIRMAN,170501120556,KAD PENGENALAN,01-05-2017,BERSEKOLAH,24-03-2025,20-12-2025,TAHUN TIGA,ILTIZAM,,BIASA,PERDANA / AKADEMIK,TIADA BIDANG,JAINAH BINTI SULAIMAN,PEREMPUAN,TIDUNG,ISLAM,WARGANEGARA,,,,,,,,,,,,,,SABARIA BINTI HAMZAH,870814495292,KAD PENGENALAN,IBU KANDUNG,,TIDAK BEKERJA,,1500,,0129232306,5,,,,,,,,,,,KG RANGGU LORONG MAHMUD NO 74,,,91000,TAWAU,PENAMPANG,SABAH
366,241203040449,SYAFIQAH RASHANAH BINTI MUHAMMAD RABANI AISHAR,171216121378,KAD PENGENALAN,16-12-2017,BERSEKOLAH,07-02-2024,20-12-2025,TAHUN TIGA,ILTIZAM,,BIASA,PERDANA / AKADEMIK,TIADA BIDANG,JAINAH BINTI SULAIMAN,PEREMPUAN,BUGIS,ISLAM,WARGANEGARA,,,,,,,,,,,,,,MUHAMMAD RABANI AISHAR B MOHD ARPAH,930519125901,KAD PENGENALAN,BAPA KANDUNG,BURUH KEBUN,BEKERJA,SAFARAZ GROUP,1500,01118912799,01131617503,3,ROZIEMMAH BINTI ROBBIE,930421126690,KAD PENGENALAN,IBU KANDUNG,,TIDAK BEKERJA,,0,,0166191427,KAMPUNG RANGGU BATU 9 JALAN APAS TAWAU,KAMPUNG RANGGU BATU 9 JALAN APAS TAWAU,KAMPUNG RANGGU BATU 9 JALAN APAS TAWAU,91000,TAWAU,PENAMPANG,SABAH
367,221203004231,ZHARIFF BIN KAMARUDIN,170102120305,KAD PENGENALAN,02-01-2017,BERSEKOLAH,07-02-2024,20-12-2025,TAHUN TIGA,ILTIZAM,,BIASA,PERDANA / AKADEMIK,TIADA BIDANG,JAINAH BINTI SULAIMAN,LELAKI,ETNIK SABAH,ISLAM,WARGANEGARA,,,,,,,,,,,,,,KAMARUDIN BIN AMINUDDIN,771111125881,KAD PENGENALAN,BAPA KANDUNG,PEMANDU LORI,BEKERJA,KIM TECK CHENG( TAWAU,3000,089916382,0163892450,7,SANARIAH BINTI LAMANTE,760524125456,KAD PENGENALAN,IBU KANDUNG,,TIDAK BEKERJA,,0,,0198961420,KG RANGGU BT10 JALAN APAS,,,91010,TAWAU,PENAMPANG,SABAH
368,241203040442,AARON IZZ ZUHAIRI BIN ERDYSHAM @ MOHD ESYAM,170527120167,KAD PENGENALAN,27-05-2017,BERSEKOLAH,07-02-2024,20-12-2025,TAHUN TIGA,JAYYID,,BIASA,PERDANA / AKADEMIK,TIADA BIDANG,AINATUN NADHIRAH BINTI DHARMAWI,LELAKI,BAJAU,ISLAM,WARGANEGARA,,,,,,,,,,,,,,MASYITA BINTI MARSUKI,870819495160,KAD PENGENALAN,IBU KANDUNG,PEGAWAI PENJARA GRED KA,BEKERJA,PENJARA TAWAU,3628,089715535,01110818623,5,,,,,,,,,,,TB 342 TAMAN RANGGU SAUJANA,,,91008,TAWAU,PENAMPANG,SABAH
369,231203026863,ABDUL SHARIF BIN ABDULLAH,170924121745,KAD PENGENALAN,24-09-2017,BERSEKOLAH,27-02-2026,28-02-2026,TAHUN TIGA,JAYYID,,BIASA,PERDANA / AKADEMIK,TIADA BIDANG,AINATUN NADHIRAH BINTI DHARMAWI,LELAKI,BAJAU,ISLAM,WARGANEGARA,,,,,,,,,,,,,,NORMINAH BINTI JALALI,961210125614,KAD PENGENALAN,IBU KANDUNG,,TIDAK BEKERJA,,0,,0128202419,5,,,,,,,,,,,BATU 6 JALAN KENINGAU,,,91008,TAWAU,PENAMPANG,SABAH
370,231203011479,ABDUL THAQIF BIN ABDUL MALIK,170628121679,KAD PENGENALAN,28-06-2017,BERSEKOLAH,11-03-2024,20-12-2025,TAHUN TIGA,JAYYID,,BIASA,PERDANA / AKADEMIK,TIADA BIDANG,AINATUN NADHIRAH BINTI DHARMAWI,LELAKI,BAJAU,ISLAM,WARGANEGARA,,,,,,,,,,,,,,ABDUL MALIK BIN ABD SAID,820813126107,KAD PENGENALAN,BAPA KANDUNG,GURU,,SMK WAKUBA,6081.77,01165749393,0146514984,1,,,,,,,,,,,"TB 400 FLR,","LORONG SAUJANA 3,",TAMAN RANGGU SAUJANA,91000,TAWAU,PENAMPANG,SABAH
371,221203007486,ADELIA RAISHA BINTI MOHD NOR AZMAN,170804120262,KAD PENGENALAN,04-08-2017,BERSEKOLAH,07-02-2024,20-12-2025,TAHUN TIGA,JAYYID,,BIASA,PERDANA / AKADEMIK,TIADA BIDANG,AINATUN NADHIRAH BINTI DHARMAWI,PEREMPUAN,BUGIS,ISLAM,WARGANEGARA,,,,,,,,,,,,,,MOHD NOR AZMAN BIN UMAR,850810125413,KAD PENGENALAN,BAPA KANDUNG,KERANI BANK,BEKERJA,AGROBANK TAWAU,4100,010770202,0103362892,4,RATNA BINTI RAPIN,860911495500,KAD PENGENALAN,IBU KANDUNG,JURU X-RAY,BEKERJA,SIM YONG SING,2100,089762202,0109308586,JALAN RANGGU  BT 10,TAMAN RANGGU SAUJANA,"NO 46, LORONG 1",91000,TAWAU,PENAMPANG,SABAH
372,241203041544,AILEEN AYUDHIA BINTI AMIR KHAN,170406120064,KAD PENGENALAN,06-04-2017,BERSEKOLAH,05-11-2024,20-12-2025,TAHUN TIGA,JAYYID,,BIASA,PERDANA / AKADEMIK,TIADA BIDANG,AINATUN NADHIRAH BINTI DHARMAWI,PEREMPUAN,BAJAU,ISLAM,WARGANEGARA,,,,,,,,,,,,,,RAZEILINA BINTI RASMAN,870625495234,KAD PENGENALAN,IBU TIRI,KERANI AKAUN,BEKERJA,BENTA WAWASAN SDN BHD,2079,089912330,01129877774,5,AMIR KHAN BIN AMIRBAK,861027125351,KAD PENGENALAN,BAPA KANDUNG,,TIDAK BEKERJA,,0,,01129877774,"TAMAN MUHIBBAH JAYA,",LORONG 5,NO RUMAH 15481,91000,TAWAU,PENAMPANG,SABAH
373,221203001946,AINA FATIN AQILAH BINTI JASMAN,170709120256,KAD PENGENALAN,09-07-2017,BERSEKOLAH,11-03-2024,20-12-2025,TAHUN TIGA,JAYYID,,BIASA,PERDANA / AKADEMIK,TIADA BIDANG,AINATUN NADHIRAH BINTI DHARMAWI,PEREMPUAN,BUGIS,ISLAM,WARGANEGARA,,,,,,,,,,,,,,JASMAN BIN CHUNBUNG,811018125143,KAD PENGENALAN,BAPA KANDUNG,PENOLONG JURUTERA,BEKERJA,SESB JALAN KUHARA,6000,089715561,0138808681,6,JULISAH BINTI MOHAMAD ISAH,850504155008,KAD PENGENALAN,IBU KANDUNG,,TIDAK BEKERJA,,0,,0162552737,KG. RANGGU,BATU 10 JALAN RANGGU,,91000,TAWAU,PENAMPANG,SABAH
374,241202034140,AQILAH BINTI MOHD WAN SHAMENSUN,170923121006,KAD PENGENALAN,23-09-2017,BERSEKOLAH,11-03-2024,20-12-2025,TAHUN TIGA,JAYYID,,BIASA,PERDANA / AKADEMIK,TIADA BIDANG,AINATUN NADHIRAH BINTI DHARMAWI,PEREMPUAN,BAJAU,ISLAM,WARGANEGARA,,,,,,,,,,,,,,MOHD WAN SHAMENSUN BIN TOING,710713125687,KAD PENGENALAN,BAPA KANDUNG,BEKERJA SENDIRI,BEKERJA,MOHD WAN SHAMENSUN BIN  TOING,1500,0178955700,0178955700,3,MONALIZA BINTI HASAN,820120126710,KAD PENGENALAN,IBU KANDUNG,KERANI AKAUN,BEKERJA,SAJ HEN FUNG (SABAH SDN BHD,2300,089913352,0146715939,"TB 445 ,LOT A192,","LORONG 9- 1/2,",JALAN RESIDENSI RANGGU 1,91000,TAWAU,PENAMPANG,SABAH
375,241003132147,ELMADINAH BINTI MUHAMMAD NAZWAN,170721121630,KAD PENGENALAN,21-07-2017,BERSEKOLAH,25-06-2026,25-06-2026,TAHUN TIGA,JAYYID,,BIASA,PERDANA / AKADEMIK,TIADA BIDANG,AINATUN NADHIRAH BINTI DHARMAWI,PEREMPUAN,BUGIS,ISLAM,WARGANEGARA,,,,,,,,,,,,,,MUHAMMAD NAZWAN BIN SHARUDDIN,961110125879,KAD PENGENALAN,LAIN-LAIN,TUKANG CAT DAN HIAS,BEKERJA,NOVATECH,1500,0199941059,01151437297,3,NURUL AIN BINTI AHMAD SAFRI,971215126260,KAD PENGENALAN,IBU KANDUNG,,TIDAK BEKERJA,,0,,,TG BATU TENGAH,TAWAU SABAH,,91000,TAWAU,PENAMPANG,SABAH
376,241203040393,HANNAH IZZAH BINTI MASRAN,171025120110,KAD PENGENALAN,25-10-2017,BERSEKOLAH,07-02-2024,20-12-2025,TAHUN TIGA,JAYYID,,BIASA,PERDANA / AKADEMIK,TIADA BIDANG,AINATUN NADHIRAH BINTI DHARMAWI,PEREMPUAN,BUGIS,ISLAM,WARGANEGARA,,,,,,,,,,,,,,MASRAN BIN ARASE,920305125667,KAD PENGENALAN,BAPA KANDUNG,PEMANDU LORI,,MASRAN BIN ARASE,2500,0162145857,0162145857,2,,,,,,,,,,,TAMAN DESA RANGGU,LORONG 4 LOT 56,,91000,TAWAU,PENAMPANG,SABAH
377,231203034433,MAS BASUKI CAHAYA PURNAMA BIN MASLI,170408120447,KAD PENGENALAN,08-04-2017,BERSEKOLAH,21-10-2024,20-12-2025,TAHUN TIGA,JAYYID,,BIASA,PERDANA / AKADEMIK,TIADA BIDANG,AINATUN NADHIRAH BINTI DHARMAWI,LELAKI,FILIPINO,ISLAM,WARGANEGARA,,,,,,,,,,,,,,MASLI BIN ISMAIL,800802126381,KAD PENGENALAN,BAPA KANDUNG,,TIDAK BEKERJA,,2100,,01119946783,12,SAMODRA BINTI BORA,P7359338A,NOMBOR PASPORT,IBU KANDUNG,,TIDAK BEKERJA,,0,,01119946783,RANGGU KAMPUNG CINA JALAN APAS BATU8,,,91000,TAWAU,PENAMPANG,SABAH
378,241202006387,MUHAMMAD AIMAN BIN MOHD.AZRIN,170607120255,KAD PENGENALAN,07-06-2017,BERSEKOLAH,04-05-2026,05-05-2026,TAHUN TIGA,JAYYID,,BIASA,PERDANA / AKADEMIK,TIADA BIDANG,AINATUN NADHIRAH BINTI DHARMAWI,LELAKI,BAJAU,ISLAM,WARGANEGARA,MALAYSIA,,,,,,,,,,,,,MOHD. AZRIN BIN BANDIONG,871025496027,KAD PENGENALAN,BAPA KANDUNG,PEMBANTU TADBIR (KHIDMAT PELANGGAN) GRED 21,BEKERJA,JEMAAH NAZIR NEGERI SABAH,1330.57,089765097,0178037596,4,,,,,,,,,,,,,,,,,
379,241203041455,MUHAMMAD AMRUL HAKIM BIN AMRULLAH,170406121171,KAD PENGENALAN,06-04-2017,BERSEKOLAH,13-05-2025,20-12-2025,TAHUN TIGA,JAYYID,,BIASA,PERDANA / AKADEMIK,TIADA BIDANG,AINATUN NADHIRAH BINTI DHARMAWI,LELAKI,BUGIS,ISLAM,WARGANEGARA,,,,,,,,,,,,,,AMRULLAH BIN ABBAS,810515125131,KAD PENGENALAN,BAPA KANDUNG,PEMBANTU TADBIR (PERKERANIAN/OPERASI) GRED N,BEKERJA,MAJLIS PERBANDARAN TAWAU,3268,089701698,0138819522,4,SITTI ROHANA BINTI SETANG,830815125772,KAD PENGENALAN,IBU KANDUNG,PENOLONG PEGAWAI TEKNOLOGI MAKLUMAT GRED FA,BEKERJA,PEJABAT PENDIDIKAN DAERAH TAWAU,5140.12,089778102,0138628511,"TB53, LORONG TAMAN BAYAN 1,","TAMAN BAYAN BATU 8, JALAN APAS",,91000,TAWAU,PENAMPANG,SABAH
380,221203005310,MUHAMMAD AZZAN BIN ABDULLAH,170428120567,KAD PENGENALAN,28-04-2017,BERSEKOLAH,07-02-2024,20-12-2025,TAHUN TIGA,JAYYID,,BIASA,PERDANA / AKADEMIK,TIADA BIDANG,AINATUN NADHIRAH BINTI DHARMAWI,LELAKI,SULUK,ISLAM,WARGANEGARA,,,,,,,,,,,,,,JULIANAH BINTI SULAIMAN,800704125748,KAD PENGENALAN,IBU KANDUNG,TUKANG SAPU LANTAI,BEKERJA,HAP SENG PROPERTIES DEVELOPMENT,1700,089773311,0102706829,2,SUDIRMAN BIN LATIP,276167,SIJIL LAHIR,BAPA KANDUNG,,,,,,0143730086,KAMPUNG RANGGU BATU 10 JALAN APAS,TAWAU,,91000,TAWAU,PENAMPANG,SABAH
381,211201146830,MUHAMMAD DANISH BIN JEFERIDIN,170414121083,KAD PENGENALAN,14-04-2017,BERSEKOLAH,29-09-2025,20-12-2025,TAHUN TIGA,JAYYID,,BIASA,PERDANA / AKADEMIK,TIADA BIDANG,AINATUN NADHIRAH BINTI DHARMAWI,LELAKI,INDONESIA,ISLAM,WARGANEGARA,MALAYSIA,,,,,,,,,,,,,KRISTINA KEWA BINTI BERNADUS,771216125642,KAD PENGENALAN,IBU KANDUNG,KERANI PERKHIDMATAN,BEKERJA,AGENSI PEKERJAAN LEGACY SUCCESS SDN BHD,1700,089768896,0138916391,1,,,,,,,,,,,TAMAN GREEN LORONG 3,,,91000,TAWAU,PENAMPANG,SABAH
382,231203008082,MUHAMMAD EMIR ISMAIL BIN MUHAMMAD ZUL HISYAM,170908120929,KAD PENGENALAN,08-09-2017,BERSEKOLAH,11-11-2024,20-12-2025,TAHUN TIGA,JAYYID,,BIASA,PERDANA / AKADEMIK,TIADA BIDANG,AINATUN NADHIRAH BINTI DHARMAWI,LELAKI,MELAYU,ISLAM,WARGANEGARA,,,,,,,,,,,,,,MUHAMMAD ZUL HISYAM BIN RUSLI,970804126619,KAD PENGENALAN,BAPA KANDUNG,JURUJUAL PEMASARAN,TIDAK BEKERJA,NUR MAGHFIRAH FOOD,1200,,01156431302,6,SITI HAJAR BINTI MARHUM,990530126504,KAD PENGENALAN,IBU KANDUNG,,TIDAK BEKERJA,,0,,0162876021,LORONG BSI 3,JALAN APAS,BANDAR SRI INDAH,91000,TAWAU,PENAMPANG,SABAH
383,241203040422,MUHAMMAD EMIR SYUKRI BIN MOHMAD SOLIH,170717121793,KAD PENGENALAN,17-07-2017,BERSEKOLAH,07-02-2024,20-12-2025,TAHUN TIGA,JAYYID,,BIASA,PERDANA / AKADEMIK,TIADA BIDANG,AINATUN NADHIRAH BINTI DHARMAWI,LELAKI,DUSUN,ISLAM,WARGANEGARA,,,,,,,,,,,,,,MOHMAD SOLIH BIN ABIE,950705125305,KAD PENGENALAN,BAPA KANDUNG,PEKERJA TUKANGAN,BEKERJA,MARHUM BIN TOHING,1500,0128310147,0126719954,6,NURSAADAH BINTI MARHUM,960822125602,KAD PENGENALAN,IBU KANDUNG,,TIDAK BEKERJA,,0,,0122547313,D/A TB 13807 LORONG BSI 3,JALAN APAS BATU 10,BANDAR SRI INDAH,91000,TAWAU,PENAMPANG,SABAH
384,241203040425,MUHAMMAD FIRASH BIN SAMBRAN,170408120279,KAD PENGENALAN,08-04-2017,BERSEKOLAH,07-02-2024,20-12-2025,TAHUN TIGA,JAYYID,,BIASA,PERDANA / AKADEMIK,TIADA BIDANG,AINATUN NADHIRAH BINTI DHARMAWI,LELAKI,BUGIS,ISLAM,WARGANEGARA,,,,,,,,,,,,,,SAMBRAN BIN RUSTAM,910605125635,KAD PENGENALAN,BAPA KANDUNG,,TIDAK BEKERJA,,1700,,0109343312,5,MUHRIANSAKINAH BINTI MOHASAD,910710125012,KAD PENGENALAN,IBU KANDUNG,TUKANG JAHIT,TIDAK BEKERJA,MUHRIANSAKINAH,200,,01114126248,B4-15,TAMAN SRI APAS,PPR BATU 8 JALAN APAS,91000,TAWAU,PENAMPANG,SABAH
385,231203030481,MUHAMMAD KHAIRUL UMMAH BIN YAMILIK,171216121319,KAD PENGENALAN,16-12-2017,BERSEKOLAH,07-02-2024,20-12-2025,TAHUN TIGA,JAYYID,,BIASA,PERDANA / AKADEMIK,TIADA BIDANG,AINATUN NADHIRAH BINTI DHARMAWI,LELAKI,BRUNEI,ISLAM,WARGANEGARA,,,,,,,,,,,,,,MURRINA BINTI MURPHY,860819496180,KAD PENGENALAN,IBU KANDUNG,,,,,,0134794679,4,NURDIN BIN IDRIS,E2169666,NOMBOR PASPORT,BAPA TIRI,MEKANIK KENDERAAN BERMOTOR,,CHOK SIEU KORN,1500,0162195795,01114635217,KG. RANGGU BT 10,,,91000,TAWAU,PENAMPANG,SABAH
386,241203040389,MUHAMMAD QAYYUM WAFIY BIN MOHAMMAD RAFFAEH,170220101607,KAD PENGENALAN,20-02-2017,BERSEKOLAH,07-02-2024,20-12-2025,TAHUN TIGA,JAYYID,,BIASA,PERDANA / AKADEMIK,TIADA BIDANG,AINATUN NADHIRAH BINTI DHARMAWI,LELAKI,MELAYU,ISLAM,WARGANEGARA,,,,,,,,,,,,,,ROBIYAH BINTI MEGAT HASHIM,921026125706,KAD PENGENALAN,IBU KANDUNG,JURUTEKNOLOGI MAKMAL PERUBATAN,BEKERJA,KEMENTERIAN KESIHATAN MALAYSIA,5112.8,089983533,0165871322,2,MOHAMMAD RAFFAEH BIN AB HANI,900414126679,KAD PENGENALAN,BAPA KANDUNG,,TIDAK BEKERJA,,1000,,0165871034,"TB 1041 LORONG 14, JLN RESIDENSI","RANGGU 5, RESIDENSI PRIMA RANGGU,91000","TAWAU, SABAH.",91000,TAWAU,PENAMPANG,SABAH
387,241203040429,MUHAMMAD RAFIE BIN AMRANI,170407120381,KAD PENGENALAN,07-04-2017,BERSEKOLAH,07-02-2024,20-12-2025,TAHUN TIGA,JAYYID,,BIASA,PERDANA / AKADEMIK,TIADA BIDANG,AINATUN NADHIRAH BINTI DHARMAWI,LELAKI,BUGIS,ISLAM,WARGANEGARA,,,,,,,,,,,,,,AMRANI BIN DALLE,820630125291,KAD PENGENALAN,BAPA KANDUNG,PEMANDU LORI,BEKERJA,USAHAWAN BORNEO,1700,089916060,01116739941,9,ZULIANA BINTI UMAR,800902125642,KAD PENGENALAN,IBU KANDUNG,,TIDAK BEKERJA,,0,,0143928963,AG-5 TAMAN SRI APAS,BATU 8 JALAN APAS,JALAN APAS,91000,TAWAU,PENAMPANG,SABAH
388,221203007346,MUHAMMAD SAAD BIN ABDULLAH,170626120437,KAD PENGENALAN,26-06-2017,BERSEKOLAH,11-03-2024,20-12-2025,TAHUN TIGA,JAYYID,,BIASA,PERDANA / AKADEMIK,TIADA BIDANG,AINATUN NADHIRAH BINTI DHARMAWI,LELAKI,BAJAU,ISLAM,WARGANEGARA,,,,,,,,,,,,,,ZULAIDIL BIN MUSTAFA,920611125753,KAD PENGENALAN,BAPA KANDUNG,PENGAWAL KESELAMATAN,BEKERJA,SWORDFORCE,1700,0341628088,01118959026,6,HASNIJAH HUSSIN,P8779501C,NOMBOR PASPORT,IBU KANDUNG,,TIDAK BEKERJA,,0,,01135266284,TAMAN SRI APAS BT8 91000TAWAU SABAH,,,91000,TAWAU,PENAMPANG,SABAH
389,221203015453,MUHAMMAD YUSUF ARFAN BIN ANWAR,170418120627,KAD PENGENALAN,18-04-2017,BERSEKOLAH,07-02-2024,20-12-2025,TAHUN TIGA,JAYYID,,BIASA,PERDANA / AKADEMIK,TIADA BIDANG,AINATUN NADHIRAH BINTI DHARMAWI,LELAKI,ETNIK SABAH,ISLAM,WARGANEGARA,,,,,,,,,,,,,,ANWAR BIN RIDWAN,850711125485,KAD PENGENALAN,BAPA KANDUNG,PEMANDU LORI,BEKERJA,JENIFER,1700,089768298,0168292939,8,RICKA HERFIDAH BINTI HERMAN,860115125090,KAD PENGENALAN,IBU KANDUNG,,TIDAK BEKERJA,,0,,0178930627,188LORONG1 TAMAN PERWIRA JALAN RANGGU,,,91000,TAWAU,PENAMPANG,SABAH
390,231203011509,MUHAMMAD ZULKARNAIN SHAH BIN LAMING,170407120365,KAD PENGENALAN,07-04-2017,BERSEKOLAH,17-02-2025,20-12-2025,TAHUN TIGA,JAYYID,,BIASA,PERDANA / AKADEMIK,TIADA BIDANG,AINATUN NADHIRAH BINTI DHARMAWI,LELAKI,BAJAU,ISLAM,WARGANEGARA,,,,,,,,,,,,,,NOOR FADZILA BINTI LAMING,971008126508,KAD PENGENALAN,KAKAK,,TIDAK BEKERJA,,1000,,01131861123,2,,,,,,,,,,,TAMAN PRIMA RANGGU,"SIMPANG RESIDENSI 5, LORONG 16 TB1295",,91000,TAWAU,PENAMPANG,SABAH
391,241203040447,NAFISHA BINTI KASMAN,171006120174,KAD PENGENALAN,06-10-2017,BERSEKOLAH,07-02-2024,20-12-2025,TAHUN TIGA,JAYYID,,BIASA,PERDANA / AKADEMIK,TIADA BIDANG,AINATUN NADHIRAH BINTI DHARMAWI,PEREMPUAN,BUGIS,ISLAM,WARGANEGARA,,,,,,,,,,,,,,NAZHIRAH BINTI MARJUKI,920304125446,KAD PENGENALAN,IBU KANDUNG,,TIDAK BEKERJA,,0,,0135453194,3,,,,,,,,,,,KAMPUNG RANGGU BATU 9,JALAN APAS,,91000,TAWAU,PENAMPANG,SABAH
392,221203002157,NASFIQAH NURQAIRINA SUQHAYRA BINTI NASIR,170829121392,KAD PENGENALAN,29-08-2017,BERSEKOLAH,07-02-2024,20-12-2025,TAHUN TIGA,JAYYID,,BIASA,PERDANA / AKADEMIK,TIADA BIDANG,AINATUN NADHIRAH BINTI DHARMAWI,PEREMPUAN,BAJAU,ISLAM,WARGANEGARA,,,,,,,,,,,,,,SURAIYA BINTI DATU TAHIL,801109125748,KAD PENGENALAN,IBU KANDUNG,PEGAWAI PENJARA GRED KA,BEKERJA,JABATAN PENJARA MALAYSIA,4953,089715862,01151146855,5,NASIR BIN MIJAL,811221126205,KAD PENGENALAN,BAPA KANDUNG,PEGAWAI PENJARA GRED KA,BEKERJA,JABATAN PENJARA MALAYSIA,4953,089715862,0107817947,LOT 717,LORONG 12,RESIDENSI RANGGU PRIMA,91000,TAWAU,PENAMPANG,SABAH
393,241203040404,NUR AMNI FATEHAH BINTI MOHD AFFENDI,170802121042,KAD PENGENALAN,02-08-2017,BERSEKOLAH,07-02-2024,20-12-2025,TAHUN TIGA,JAYYID,,BIASA,PERDANA / AKADEMIK,TIADA BIDANG,AINATUN NADHIRAH BINTI DHARMAWI,PEREMPUAN,MELAYU,ISLAM,WARGANEGARA,,,,,,,,,,,,,,MOHD AFFENDI BIN ANI WAT,851029075619,KAD PENGENALAN,BAPA KANDUNG,SARJAN POLIS,BEKERJA,IPD LAHAD DATU,4872.11,089772121,0198805849,4,NURUL JANNAH JOHN ABDULLAH,830128125092,KAD PENGENALAN,IBU KANDUNG,JURURAWAT MASYARAKAT GRED U,BEKERJA,KEMENTERIAN KESIHATAN,4051.49,089911020,0198629149,BANDAR SRI INDAH FASA 5A TB17732 BT 10,,,91000,TAWAU,PENAMPANG,SABAH
394,231203032549,NUR AS SYURAH NEELOFA BINTI KAHMIS KARSUNO,171029080152,KAD PENGENALAN,29-10-2017,BERSEKOLAH,08-07-2024,20-12-2025,TAHUN TIGA,JAYYID,,BIASA,PERDANA / AKADEMIK,TIADA BIDANG,AINATUN NADHIRAH BINTI DHARMAWI,PEREMPUAN,BUGIS,ISLAM,WARGANEGARA,,,,,,,,,,,,,,KAHMIS KARSUNO BIN DOMINIKUS,840823126125,KAD PENGENALAN,BAPA KANDUNG,PEMBANTU STOR,BEKERJA,SYARIKAT TECK LOONG HARDWARE SDN. BHD,1700,0116865300,0178311829,6,HASNA WATI BINTI AMIRUDDIN,970427126268,KAD PENGENALAN,IBU KANDUNG,,TIDAK BEKERJA,,0,,0178311829,A4-14 PPRT TAMAN SRI APAS,BATU 8,JALAN APAS,91000,TAWAU,PENAMPANG,SABAH
395,241203040406,NUR AYRA BINTI AZLAN,171220120108,KAD PENGENALAN,20-12-2017,BERSEKOLAH,07-02-2024,20-12-2025,TAHUN TIGA,JAYYID,,BIASA,PERDANA / AKADEMIK,TIADA BIDANG,AINATUN NADHIRAH BINTI DHARMAWI,PEREMPUAN,BAJAU,ISLAM,WARGANEGARA,,,,,,,,,,,,,,AZLAN BIN LADJAHIRI,820606126411,KAD PENGENALAN,BAPA KANDUNG,,TIDAK BEKERJA,,2370.4,,0128169203,4,HAYATI BINTI MOHD SAID,850127125232,KAD PENGENALAN,IBU KANDUNG,PEMBANTU TADBIR (KEWANGAN) GRED W,BEKERJA,PEJABAT TENAGA KERJA TAWAU,4821.4,089773411,0193670127,"TB5 LOT5, LORONG SAUJANA 1",TAMAN RANGGU SAUJANA,,91000,TAWAU,PENAMPANG,SABAH
396,241203040408,NUR INSYIRAH AMANI BINTI SHARDIANSHA,170719120508,KAD PENGENALAN,19-07-2017,BERSEKOLAH,07-02-2024,20-12-2025,TAHUN TIGA,JAYYID,,BIASA,PERDANA / AKADEMIK,TIADA BIDANG,AINATUN NADHIRAH BINTI DHARMAWI,PEREMPUAN,BUGIS,ISLAM,WARGANEGARA,,,,,,,,,,,,,,SHARDIANSHA BIN SAMSUDDIN,871118496253,KAD PENGENALAN,BAPA KANDUNG,KAKITANGAN SWASTA,BEKERJA,SABAH ELECTRICITY SDN BHD,5000,0135570831,0135570831,3,HASRIANI BINTI LANGAMPO,880515495742,KAD PENGENALAN,IBU KANDUNG,,,,,,0143008898,"642, LORONG 11,",JALAN RESIDENDSI RANGGU 4,RESIDENSI RANGGU,91000,TAWAU,PENAMPANG,SABAH
397,221203005311,QIESYA HUMAIRA BINTI SHAIFUL KHAIRIL,171115121168,KAD PENGENALAN,15-11-2017,BERSEKOLAH,07-02-2024,20-12-2025,TAHUN TIGA,JAYYID,,BIASA,PERDANA / AKADEMIK,TIADA BIDANG,AINATUN NADHIRAH BINTI DHARMAWI,PEREMPUAN,MELAYU,ISLAM,WARGANEGARA,,,,,,,,,,,,,,SHAIFUL KHAIRIL BIN SEMAN,840312035395,KAD PENGENALAN,BAPA KANDUNG,,TIDAK BEKERJA,,3536.53,,0147111800,2,NORHATIMAH BINTI ABD JALIL,930615125768,KAD PENGENALAN,IBU KANDUNG,,TIDAK BEKERJA,,0,,0168483102,BATU 9 RANGGU,JALAN OT MEMANGKU,TAWAU,91000,TAWAU,PENAMPANG,SABAH
398,241203040434,RAISHA DHIYA RANIA BINTI RAZAIMI SHAH,170622120552,KAD PENGENALAN,22-06-2017,BERSEKOLAH,07-02-2024,20-12-2025,TAHUN TIGA,JAYYID,,BIASA,PERDANA / AKADEMIK,TIADA BIDANG,AINATUN NADHIRAH BINTI DHARMAWI,PEREMPUAN,JAWA,ISLAM,WARGANEGARA,,,,,,,,,,,,,,RAZAIMI SHAH BIN RAHMAT,850401125041,KAD PENGENALAN,BAPA KANDUNG,POLIS BANTUAN,BEKERJA,SABAH PORT SDN BHD,2950,089773700,0168148798,1,ROSMATANG BINTI LANDU,860119125522,KAD PENGENALAN,IBU KANDUNG,,TIDAK BEKERJA,,0,,0143796048,TB 18878 LOT 519,BANDAR SRI INDAH FASA 5B,JALAN APAS BATU 10,91000,TAWAU,PENAMPANG,SABAH
399,231203034435,REYYANA ANDRIANA ANAK THOMASON,171110130540,KAD PENGENALAN,10-11-2017,BERSEKOLAH,11-03-2024,20-12-2025,TAHUN TIGA,JAYYID,,BIASA,PERDANA / AKADEMIK,TIADA BIDANG,AINATUN NADHIRAH BINTI DHARMAWI,PEREMPUAN,IBAN ATAU SEA DAYAK,KRISTIAN,WARGANEGARA,,,,,,,,,,,,,,THOMASON ANAK JERRY,940402135697,KAD PENGENALAN,BAPA KANDUNG,,TIDAK BEKERJA,,4844.05,,0145995323,3,SALLY MALISA ANAK JINA,950817135444,KAD PENGENALAN,IBU KANDUNG,,TIDAK BEKERJA,,0,,0198177344,NO 179,TAMAN ALAMANDA,JALAN RANGGU BT 12,91000,TAWAU,PENAMPANG,SABAH
400,231203028456,SITI AINUR MARDHIYA BINTI ABDULLAH,170530121486,KAD PENGENALAN,30-05-2017,BERSEKOLAH,19-05-2026,19-05-2026,TAHUN TIGA,JAYYID,,BIASA,PERDANA / AKADEMIK,TIADA BIDANG,AINATUN NADHIRAH BINTI DHARMAWI,PEREMPUAN,LAIN-LAIN,ISLAM,WARGANEGARA,,,,,,,,,,,,,,KARTINI BINTI ZAINUDDIN,910211126838,KAD PENGENALAN,IBU KANDUNG,,,,,,0135453782,4,MUHAMMAD FAIZAL BIN KUN BANE,015406XAH,SIJIL LAHIR,BAPA KANDUNG,BURUH LADANG KELAPA SAWIT,BEKERJA,LADANG SUNGAI BALUNG,1500,0135453782,0135453782,KAMPUNG INDERASABAH,PETI SURAT 891,,91008,TAWAU,PENAMPANG,SABAH
401,261202331349,SITI SYAZWANA BINTI ABDULLAH,097604XAH,SIJIL LAHIR,03-04-2017,BERSEKOLAH,26-04-2026,04-05-2026,TAHUN TIGA,JAYYID,,BIASA,PERDANA / AKADEMIK,TIADA BIDANG,AINATUN NADHIRAH BINTI DHARMAWI,PEREMPUAN,BAJAU,ISLAM,BUKAN WARGANEGARA,MALAYSIA,,,,,,,,,,,,,,,,,,,,,,,,,,,,,,,,,,,,,,,,
402,241203040443,ADI FARIS BIN JAMIL,170628100923,KAD PENGENALAN,28-06-2017,BERSEKOLAH,07-02-2024,20-12-2025,TAHUN TIGA,KHOIR,,BIASA,PERDANA / AKADEMIK,TIADA BIDANG,RUHAYA BINTI AHMAD,LELAKI,BAJAU,ISLAM,WARGANEGARA,,,,,,,,,,,,,,FATIMAH BINTI MUSA,870421125418,KAD PENGENALAN,IBU KANDUNG,,TIDAK BEKERJA,,0,,0107667724,3,JAMIL BIN GURAIS,871203125473,KAD PENGENALAN,BAPA KANDUNG,,TIDAK BEKERJA,,1000,,0149712343,KAMPUNG RANGGU BARU,JALAN APAS BATU 9,,91000,TAWAU,PENAMPANG,SABAH
403,241203040445,AILIN ERDINA BINTI ADIL,170212120584,KAD PENGENALAN,12-02-2017,BERSEKOLAH,07-02-2024,20-12-2025,TAHUN TIGA,KHOIR,,BIASA,PERDANA / AKADEMIK,TIADA BIDANG,RUHAYA BINTI AHMAD,PEREMPUAN,BAJAU,ISLAM,WARGANEGARA,,,,,,,,,,,,,,,,,,,,,,,,3,HERLINA BINTI HASHIM,841117125816,KAD PENGENALAN,IBU KANDUNG,GURU PENDIDIKAN MENENGAH,BEKERJA,SMK KINABUTAN 2,10118.36,089750256,0197501779,TAMAN RANGGU SAUJANA,LORONG 2,TB 470,91000,TAWAU,PENAMPANG,SABAH
404,241202034122,AISY ZULAIKHA BINTI MUHAMAD HAMBALI,180101070114,KAD PENGENALAN,01-01-2018,BERSEKOLAH,11-03-2024,20-12-2025,TAHUN TIGA,KHOIR,,BIASA,PERDANA / AKADEMIK,TIADA BIDANG,RUHAYA BINTI AHMAD,PEREMPUAN,MELAYU,ISLAM,WARGANEGARA,,,,,,,,,,,,,,ASMAH BINTI KAYAE,781208126118,KAD PENGENALAN,IBU KANDUNG,JURURAWAT,BEKERJA,PUSAT DIALYSIS DAVITA SANDAKAN,2520,0184057065,01884057065,4,MUHAMAD HAMBALI BIN ABDUL MAJID,810609025705,KAD PENGENALAN,LAIN-LAIN,PENGAWAL KESELAMATAN,BEKERJA,TAWAU SPECIALIST MEDICAL CENTRE,1700,0184057392,0184057392,"TB467, LORONG 11, RESIDENSI PRIMA RANGGU",,,91000,TAWAU,PENAMPANG,SABAH
405,221203005278,CAHAYA AKIFA NAILA BINTI ARDI,170106120206,KAD PENGENALAN,06-01-2017,BERSEKOLAH,11-03-2024,20-12-2025,TAHUN TIGA,KHOIR,,BIASA,PERDANA / AKADEMIK,TIADA BIDANG,RUHAYA BINTI AHMAD,PEREMPUAN,BUGIS,ISLAM,WARGANEGARA,,,,,,,,,,,,,,,,,,,,,,,,4,LYLYANA BINTI ALIMIN,910920125934,KAD PENGENALAN,IBU KANDUNG,PEMBANTU JUALAN,BEKERJA,VUNG NYUK HING,1700,0168229873,0147042721,BATU 8,,,91000,TAWAU,PENAMPANG,SABAH
406,221203014492,FAKHRI IRFAN HAKIM BIN FREDERLANE,170329120289,KAD PENGENALAN,29-03-2017,BERSEKOLAH,11-03-2024,20-12-2025,TAHUN TIGA,KHOIR,,BIASA,PERDANA / AKADEMIK,TIADA BIDANG,RUHAYA BINTI AHMAD,LELAKI,KADAZAN,ISLAM,WARGANEGARA,,,,,,,,,,,,,,FREDERLANE BIN JOHN BULAT,820111125425,KAD PENGENALAN,BAPA KANDUNG,PEGAWAI POLIS,BEKERJA,PGA,0,089712222,0128613885,3,,,,,,,,,,,TB121,TAMAN RANGGU SAUJANA,LORONG SAUJANA,91000,TAWAU,PENAMPANG,SABAH
407,241203040392,HANISAH HAZIYAH BINTI ABDULLAH,170217121252,KAD PENGENALAN,17-02-2017,BERSEKOLAH,07-02-2024,20-12-2025,TAHUN TIGA,KHOIR,,BIASA,PERDANA / AKADEMIK,TIADA BIDANG,RUHAYA BINTI AHMAD,PEREMPUAN,BUGIS,ISLAM,WARGANEGARA,,,,,,,,,,,,,,,,,,,,,,,,3,HASLAN BIN HASSIM,751113125705,KAD PENGENALAN,BAPA KANDUNG,BEKERJA SENDIRI,BEKERJA,HASLAN HASSIM ENTERPRISE,900,0167060757,0167060757,KG RANGGU,BATU 9,TAWAU,91000,TAWAU,PENAMPANG,SABAH
408,231203030482,IEYAD HARRAZ BIN ABDULLAH,171211120843,KAD PENGENALAN,11-12-2017,BERSEKOLAH,11-03-2024,20-12-2025,TAHUN TIGA,KHOIR,,BIASA,PERDANA / AKADEMIK,TIADA BIDANG,RUHAYA BINTI AHMAD,LELAKI,BUGIS,ISLAM,WARGANEGARA,,,,,,,,,,,YA (01),,,SITI NUR FARAWANI BINTI YANTO,980126125834,KAD PENGENALAN,KAKAK,PENGASUH KANAK-KANAK,BEKERJA,NISA,350,0166131389,01126328099,2,,,,,,,,,,,KAMPUNG RANGGU BATU 10 JALAN APAS,,,91000,TAWAU,PENAMPANG,SABAH
409,221203006390,MELZAFIRAH BINTI MUSTAPHA,171105120364,KAD PENGENALAN,05-11-2017,BERSEKOLAH,07-02-2024,20-12-2025,TAHUN TIGA,KHOIR,,BIASA,PERDANA / AKADEMIK,TIADA BIDANG,RUHAYA BINTI AHMAD,PEREMPUAN,MELAYU,ISLAM,WARGANEGARA,,,,,,,,,,,,,,MUSTAPHA BIN SENANG,751217125849,KAD PENGENALAN,BAPA KANDUNG,PEMBANTU AM,BEKERJA,TIADA,1700,0198002716,0198002716,3,SABARIA BINTI LADING,770313125260,KAD PENGENALAN,IBU KANDUNG,,,,,,0165501977,"BLOCK E 3-7,TAMAN SRI APAS,BATU 8",,,91000,TAWAU,PENAMPANG,SABAH
410,231203002810,MOHAMAD DZAQIERUL MIZAN BIN MOHAMAD RIDWAN,171129121281,KAD PENGENALAN,29-11-2017,BERSEKOLAH,03-04-2024,20-12-2025,TAHUN TIGA,KHOIR,,BIASA,PERDANA / AKADEMIK,TIADA BIDANG,RUHAYA BINTI AHMAD,LELAKI,SUNGAI,ISLAM,WARGANEGARA,,,,,,,,,,,,,,MOHAMAD RIDWAN BIN AHMADI,850902125883,KAD PENGENALAN,BAPA KANDUNG,PEMANDU LORI,BEKERJA,PRIFARIA SDN BHD,5420.85,0389594437,0172695883,5,SITI NORBAYANAH BINTI AMIN,890127125706,KAD PENGENALAN,IBU KANDUNG,,TIDAK BEKERJA,,0,,0147588390,PRIMA RANGGU NO 155,LORONG 3,,91000,TAWAU,PENAMPANG,SABAH
411,241203040397,MOHAMAD FARIZ FIRAZ BIN MUSLIMIN,170227120333,KAD PENGENALAN,27-02-2017,BERSEKOLAH,07-02-2024,20-12-2025,TAHUN TIGA,KHOIR,,BIASA,PERDANA / AKADEMIK,TIADA BIDANG,RUHAYA BINTI AHMAD,LELAKI,BUGIS,ISLAM,WARGANEGARA,,,,,,,,,,,,,,MUSLIMIN BIN SAKKA,760929125681,KAD PENGENALAN,BAPA KANDUNG,EKSEKUTIF PEMASARAN,,DSHARE ENTERPRISE,3200,0138607741,0198724820,5,,,,,,,,,,,"TB 13515,FASA 1 ,BANDAR SRI INDAH",,,91000,TAWAU,PENAMPANG,SABAH
412,241203040419,MUHAMMAD AL HAFIZ BIN HERMAN,170317120273,KAD PENGENALAN,17-03-2017,BERSEKOLAH,07-02-2024,20-12-2025,TAHUN TIGA,KHOIR,,BIASA,PERDANA / AKADEMIK,TIADA BIDANG,RUHAYA BINTI AHMAD,LELAKI,BUGIS,ISLAM,WARGANEGARA,,,,,,,,,,,,,,,,,,,,,,,,3,HERMAN BIN BAKRI,850423125659,KAD PENGENALAN,BAPA KANDUNG,BEKERJA SENDIRI,BEKERJA,PAKMAN GARAGE CAR ACCESSORIES,3000,0169185828,0169185828,"TB 643, LORONG 5D2,","BANDAR SRI INDAH,","BATU 10 JALAN APAS,",91000,TAWAU,PENAMPANG,SABAH
413,241203040390,MUHAMMAD FIRDAUS NAIM BIN MUHAMMAD RASIMAN,170524120583,KAD PENGENALAN,24-05-2017,BERSEKOLAH,07-02-2024,20-12-2025,TAHUN TIGA,KHOIR,,BIASA,PERDANA / AKADEMIK,TIADA BIDANG,RUHAYA BINTI AHMAD,LELAKI,BAJAU,ISLAM,WARGANEGARA,,,,,,,,,,,,,,MUHAMMAD RASIMAN BIN ABDUL HAMAN,850814125357,KAD PENGENALAN,BAPA KANDUNG,GURU,BEKERJA,SK KUALA MEROTAI,9603,089927969,0166647838,2,NUR FADHILAH BINTI HASHIM,931010125612,KAD PENGENALAN,IBU KANDUNG,,TIDAK BEKERJA,,0,,0166647858,KAMPUNG RANGGU,JALAN RANGGU,,91000,TAWAU,PENAMPANG,SABAH
414,241203040426,MUHAMMAD HAFIZIE HANAFI BIN EKHO DYNNIE ARBIANTO,170823120233,KAD PENGENALAN,23-08-2017,BERSEKOLAH,07-02-2024,20-12-2025,TAHUN TIGA,KHOIR,,BIASA,PERDANA / AKADEMIK,TIADA BIDANG,RUHAYA BINTI AHMAD,LELAKI,MELAYU,ISLAM,WARGANEGARA,,,,,,,,,,,,,,EKHO DYNNIE ARBIANTO BIN AMBRUDIN,920616125779,KAD PENGENALAN,BAPA KANDUNG,PEMANDU LORI,TIDAK BEKERJA,TAI SAUNG SND BHD,1500,,0198384005,7,SARFINA BINTI BAMBANG,E7738499,NOMBOR PASPORT,IBU KANDUNG,,TIDAK BEKERJA,,0,,0198384005,KAMPUNG RANGGU,BATU 10 JALAN APAS,PETI SURAT 60014,91010,TAWAU,PENAMPANG,SABAH
415,221203004230,MUHAMMAD KHALISH BIN KADIR,170905120069,KAD PENGENALAN,05-09-2017,BERSEKOLAH,07-02-2024,20-12-2025,TAHUN TIGA,KHOIR,,BIASA,PERDANA / AKADEMIK,TIADA BIDANG,RUHAYA BINTI AHMAD,LELAKI,ETNIK SABAH,ISLAM,WARGANEGARA,,,,,,,,,,,,,,,,,,,,,,,,3,SABARIAH BINTI SALLAH,850828125366,KAD PENGENALAN,IBU KANDUNG,,TIDAK BEKERJA,,0,,0168163858,KAMPUNG RANGGU BT.10 JALAN RANCANGAN MAHMUD,,,91000,TAWAU,PENAMPANG,SABAH
416,221203005309,MUHAMMAD RAHMAT WAFRI BIN LAHADU,170620120559,KAD PENGENALAN,20-06-2017,BERSEKOLAH,07-02-2024,20-12-2025,TAHUN TIGA,KHOIR,,BIASA,PERDANA / AKADEMIK,TIADA BIDANG,RUHAYA BINTI AHMAD,LELAKI,BUGIS,ISLAM,WARGANEGARA,,,,,,,,,,,,,,LAHADU BIN SALENG,690606125467,KAD PENGENALAN,BAPA KANDUNG,BEKERJA SENDIRI,TIDAK BEKERJA,-,1500,,0138931807,6,MARWALI BINTI DISING,750513125814,KAD PENGENALAN,IBU KANDUNG,,TIDAK BEKERJA,,0,,01153937985,KAMPUNG RANGGU BATU 10,JALAN RANGGU,,91008,TAWAU,PENAMPANG,SABAH
417,221203014166,MUHAMMAD SHAMIL BIN JASMIN,171002120855,KAD PENGENALAN,02-10-2017,BERSEKOLAH,07-02-2024,20-12-2025,TAHUN TIGA,KHOIR,,BIASA,PERDANA / AKADEMIK,TIADA BIDANG,RUHAYA BINTI AHMAD,LELAKI,BUGIS,ISLAM,WARGANEGARA,,,,,,,,,,,,,,JASMIN BIN AMRI,900304125819,KAD PENGENALAN,SUAMI,TUKANG CAT,BEKERJA,TIADA,0,01126830753,01126830753,2,SHAFIKA BINTI SAMSUDIN,900321125044,KAD PENGENALAN,LAIN-LAIN,,TIDAK BEKERJA,,0,,0148625963,RANGGU BT10,,,91000,TAWAU,PENAMPANG,SABAH
418,241203040388,MUHAMMAD SYAZANI BIN MOHD FAZLANSYAH,170927121273,KAD PENGENALAN,27-09-2017,BERSEKOLAH,07-02-2024,20-12-2025,TAHUN TIGA,KHOIR,,BIASA,PERDANA / AKADEMIK,TIADA BIDANG,RUHAYA BINTI AHMAD,LELAKI,TIDUNG,ISLAM,WARGANEGARA,,,,,,,,,,,,,,MOHD FAZLANSYAH BIN SULAIMAN,840612126037,KAD PENGENALAN,BAPA KANDUNG,JURUTEKNIK PENYIARAN,BEKERJA,ASTRO,3100,0173538337,0173538337,4,SUHANA BINTI HASSAN,850927125134,KAD PENGENALAN,IBU KANDUNG,,TIDAK BEKERJA,,0,,0172168337,TB17737 LOT 237,PHASA 5A 1/2 BANDAR SRI INDAH,,91000,TAWAU,PENAMPANG,SABAH
419,231203009100,MUHAMMAD ZACK RIFQIE BIN RAZIFF AZMI,170411120931,KAD PENGENALAN,11-04-2017,BERSEKOLAH,19-04-2024,20-12-2025,TAHUN TIGA,KHOIR,,BIASA,PERDANA / AKADEMIK,TIADA BIDANG,RUHAYA BINTI AHMAD,LELAKI,ETNIK SABAH,ISLAM,WARGANEGARA,,,,,,,,,,,,,,RAZIFF AZMI BIN SAPAR,870407125585,KAD PENGENALAN,BAPA KANDUNG,,TIDAK BEKERJA,,100,,0105201691,4,NORILHODA BINTI ANDON,850719125690,KAD PENGENALAN,IBU KANDUNG,PENOLONG PEGAWAI TEKNOLOGI MAKLUMAT GRED FA,BEKERJA,PEJABAT PENDIDIKAN DAERAH,1020,089778101,0108051907,12383 TAMAN MEGAH JAYA 10/2,JALAN APAS,,91000,TAWAU,PENAMPANG,SABAH
420,241202034123,MUHAMMAD ZIQRI BIN AZMAN,170523120127,KAD PENGENALAN,23-05-2017,BERSEKOLAH,11-03-2024,20-12-2025,TAHUN TIGA,KHOIR,,BIASA,PERDANA / AKADEMIK,TIADA BIDANG,RUHAYA BINTI AHMAD,LELAKI,BUGIS,ISLAM,WARGANEGARA,,,,,,,,,,,,,,AZMAN BIN YACO,850728126353,KAD PENGENALAN,BAPA KANDUNG,PEMANDU,BEKERJA,ASTA ENTERPRISE,1700,0165856352,0165856352,6,KAMARIAH BINTI AMISSAIN,820523126352,KAD PENGENALAN,IBU KANDUNG,,,,,,0168806352,"NO 193, LORONG 4, TYPE B",RESIDENSI PRIMA RANGGU,,91000,TAWAU,PENAMPANG,SABAH
421,241203040448,NUR ADAWIYAH BINTI MOHD AINAL,170707121466,KAD PENGENALAN,07-07-2017,BERSEKOLAH,07-02-2024,20-12-2025,TAHUN TIGA,KHOIR,,BIASA,PERDANA / AKADEMIK,TIADA BIDANG,RUHAYA BINTI AHMAD,PEREMPUAN,BAJAU,ISLAM,WARGANEGARA,,,,,,,,,,,,,,MOHD AINAL BIN HASSAN,920511125983,KAD PENGENALAN,BAPA KANDUNG,PEMBANTU TADBIR,TIDAK BEKERJA,ASRAN BIN JULKARNAIN,1633.34,,01123449792,3,SHANIDA BINTI USNE,P6092607C,NOMBOR PASPORT,IBU KANDUNG,,TIDAK BEKERJA,,0,,0183125922,LORONG BERKAT KAMPUNG RANGGU BATU 9,JALAN RANGGU,SABAH,91000,TAWAU,PENAMPANG,SABAH
422,241203040452,NUR AFIQAH RAISSA BINTI MOHD. RAFIE,171211120480,KAD PENGENALAN,11-12-2017,BERSEKOLAH,07-02-2024,20-12-2025,TAHUN TIGA,KHOIR,,BIASA,PERDANA / AKADEMIK,TIADA BIDANG,RUHAYA BINTI AHMAD,PEREMPUAN,MELAYU,ISLAM,WARGANEGARA,,,,,,,,,,,,,,ALDILINA BINTI WAHAB,911204126092,KAD PENGENALAN,IBU KANDUNG,,TIDAK BEKERJA,,0,,0143514330,3,MOHD. RAFIE BIN SAMHARI,910404135415,KAD PENGENALAN,BAPA KANDUNG,JURURAWAT (KESIHATAN AWAM),BEKERJA,HOSPITAL BESAR TAWAU SABAH,3678.27,0138594084,0138594084,TB840 LORONG 13⅓,TAMAN RESIDENSI PRIMA RANGGU,BATU 12 JALAN APAS 91000 TAWAU SABAH,91000,TAWAU,PENAMPANG,SABAH
423,221203012704,NUR AISYAH BINTI YASNI,170713121390,KAD PENGENALAN,13-07-2017,BERSEKOLAH,11-03-2024,20-12-2025,TAHUN TIGA,KHOIR,,BIASA,PERDANA / AKADEMIK,TIADA BIDANG,RUHAYA BINTI AHMAD,PEREMPUAN,BUGIS,ISLAM,WARGANEGARA,,,,,,,,,,,,,,JUMAINI BINTI NURDIN,930108126010,KAD PENGENALAN,IBU KANDUNG,,TIDAK BEKERJA,,0,,0175258771,2,YASNI BIN BASOH,E9832600,NOMBOR PASPORT,BAPA KANDUNG,,TIDAK BEKERJA,,1900,,0163740805,"BATU 8 JALAN HAMZA LORONG NO,4",,,91000,TAWAU,PENAMPANG,SABAH
424,231203011098,NUR ALESHA ZAHRA BINTI KIFLI,170524120460,KAD PENGENALAN,24-05-2017,BERSEKOLAH,19-11-2025,20-12-2025,TAHUN TIGA,KHOIR,,BIASA,PERDANA / AKADEMIK,TIADA BIDANG,RUHAYA BINTI AHMAD,PEREMPUAN,IDAHAN,ISLAM,WARGANEGARA,,,,,,,,,,,,,,RIZMAN BIN SAFFREE,021110120365,KAD PENGENALAN,BAPA TIRI,KAKITANGAN SWASTA,BEKERJA,SYARIKAT TECK LOONG HARDWARE SDN BHD,1700,0178349676,0138481134,4,SITI ROHANI BINTI KIMHOLTH,891019126028,KAD PENGENALAN,IBU TIRI,,TIDAK BEKERJA,,0,,0164533018,RESIDENSI PRIMA RANGGU TB 992 LORONG 15,JALAN RESIDENSI RANGGU 5,,91000,TAWAU,PENAMPANG,SABAH
425,241203040402,NUR ALIYA MAYSARAH BINTI AZLIANLEE,170324120968,KAD PENGENALAN,24-03-2017,BERSEKOLAH,07-02-2024,20-12-2025,TAHUN TIGA,KHOIR,,BIASA,PERDANA / AKADEMIK,TIADA BIDANG,RUHAYA BINTI AHMAD,PEREMPUAN,SULUK,ISLAM,WARGANEGARA,,,,,,,,,,,,,,AZLIANLEE BIN ALI,810623125753,KAD PENGENALAN,BAPA KANDUNG,,BEKERJA,TIADA,750,,,2,ALI BIN PALA,580302125073,KAD PENGENALAN,DATUK,,TIDAK BEKERJA,,1000,,0172175073,TB310,TAMAN RANGGU SAUJANA,,91000,TAWAU,PENAMPANG,SABAH
426,220201078101,NUR ERYNA FATIMAH AZ ZAHRA BINTI MUHARAM,171122011100,KAD PENGENALAN,22-11-2017,BERSEKOLAH,22-05-2026,22-05-2026,TAHUN TIGA,KHOIR,,BIASA,PERDANA / AKADEMIK,TIADA BIDANG,RUHAYA BINTI AHMAD,PEREMPUAN,MELAYU,ISLAM,WARGANEGARA,MALAYSIA,,,,,,,,,,,,,MARYANI BINTI M ISA,910515016590,KAD PENGENALAN,IBU KANDUNG,,TIDAK BEKERJA,,0,,0134578560,6,MUHARAM BIN ALI,901001016791,KAD PENGENALAN,BAPA KANDUNG,ANGGOTA INFANTRI,BEKERJA,PEGAWAI MEMERINTAH,5672.63,049222711,0192433626,NO 70,"TAMAN SRI HOSBA, NAPOH",,06000,BANDAR JITRA,BANDAR BAHARU,KEDAH
427,241203040410,NUR QHAIRA QHAISHA BINTI MOHD AZMAN,180101050260,KAD PENGENALAN,01-01-2018,BERSEKOLAH,11-03-2024,20-12-2025,TAHUN TIGA,KHOIR,,BIASA,PERDANA / AKADEMIK,TIADA BIDANG,RUHAYA BINTI AHMAD,PEREMPUAN,SUNGAI,ISLAM,WARGANEGARA,,,,,,,,,,,,,,NOORSAQIRA HATIKAH BINTI NORDIN,931012126336,KAD PENGENALAN,IBU KANDUNG,,TIDAK BEKERJA,,0,,0135289144,2,MOHD AZMAN BIN MAHALI,911218127109,KAD PENGENALAN,BAPA KANDUNG,DETEKTIF POLIS,BEKERJA,PDRM,2600,0132894591,0132894591,"LOT 213, LORONG 4, TAMAN RANGGU SAUJANA","JALAN RANGGU BATU 10, TAWAU, SABAH",,91000,TAWAU,PENAMPANG,SABAH
428,241203040412,NUR SYAHFAZIRAH UMIRAH BINTI OSMAN,170228120466,KAD PENGENALAN,28-02-2017,BERSEKOLAH,07-02-2024,20-12-2025,TAHUN TIGA,KHOIR,,BIASA,PERDANA / AKADEMIK,TIADA BIDANG,RUHAYA BINTI AHMAD,PEREMPUAN,BUGIS,ISLAM,WARGANEGARA,,,,,,,,,,,,,,OSMAN BIN ABAS,750117125791,KAD PENGENALAN,BAPA KANDUNG,PEMANDU LORI,BEKERJA,AGRI HORTICULTURAL TRADING SDN BHD,1600,089912273,0178633241,4,ARFIAH BINTI DJAPARUDDIN,E9996070,NOMBOR PASPORT,IBU KANDUNG,,TIDAK BEKERJA,,0,,0178286770,KAMPUNG RANGGU,BATU 10 1/2,LORONG BUNGA RAYA,91000,TAWAU,PENAMPANG,SABAH
429,221003013183,NURSYIFA BINTI NELSON,170214100544,KAD PENGENALAN,14-02-2017,BERSEKOLAH,07-02-2024,20-12-2025,TAHUN TIGA,KHOIR,,BIASA,PERDANA / AKADEMIK,TIADA BIDANG,RUHAYA BINTI AHMAD,PEREMPUAN,MELAYU,ISLAM,WARGANEGARA,,,,,,,,,,,,,,NELSON BIN MOHAMAD ALI,831122126355,KAD PENGENALAN,BAPA KANDUNG,PEMANDU LORI,BEKERJA,MR SIVA,2500,0122747103,0142604284,6,DINDA AMELIA FELANI,C5017510,NOMBOR PASPORT,IBU KANDUNG,,,,,,0185741990,971 LORONG 15 RESIDENSI RANGGU 5,"TAMAN RANGGU ,JALAN RANGGU",,91000,TAWAU,PENAMPANG,SABAH
430,241203040455,PUTRA SAYYIDUL QAYYIM BIN DANA APRIAL PUTRA,170120120237,KAD PENGENALAN,20-01-2017,BERSEKOLAH,07-02-2024,20-12-2025,TAHUN TIGA,KHOIR,,BIASA,PERDANA / AKADEMIK,TIADA BIDANG,RUHAYA BINTI AHMAD,LELAKI,JAWA,ISLAM,WARGANEGARA,,,,,,,,,,,,,,DANA APRIAL PUTRA BIN GATOT RISDIANTO,910420125663,KAD PENGENALAN,BAPA KANDUNG,JURUTEKNIK,BEKERJA,BUMI BAROKAH ENTERPRISE,1500,0168364957,0102004124,3,ZULAIKHA BINTI JAMAHANI,910930126156,KAD PENGENALAN,IBU KANDUNG,,TIDAK BEKERJA,,0,,01110026156,TB248 LORONG 4 TAMAN RANGGU SAUJANA,,,91000,TAWAU,PENAMPANG,SABAH
431,241203040435,RAZQIYYA NURJANNAH BINTI RAMLE,171212120052,KAD PENGENALAN,12-12-2017,BERSEKOLAH,07-02-2024,20-12-2025,TAHUN TIGA,KHOIR,,BIASA,PERDANA / AKADEMIK,TIADA BIDANG,RUHAYA BINTI AHMAD,PEREMPUAN,BUGIS,ISLAM,WARGANEGARA,,,,,,,,,,,,,,RAMLE BIN RASSA,820512125127,KAD PENGENALAN,BAPA KANDUNG,PEMANDU LORI,BEKERJA,SINARAN AIS KIUB,1200,01000000000,0179769655,4,RAHMAH BINTI NASARUDDIN,C7625074,NOMBOR PASPORT,IBU KANDUNG,,,,,,0179769655,BATU 9 JALAN RANGGU,,,91000,TAWAU,PENAMPANG,SABAH
432,241202263343,SAHARUDIN BIN ABDULLAH,118951XAH,SIJIL LAHIR,11-06-2017,BERSEKOLAH,08-09-2025,20-12-2025,TAHUN TIGA,KHOIR,,BIASA,PERDANA / AKADEMIK,TIADA BIDANG,RUHAYA BINTI AHMAD,LELAKI,INDONESIA,ISLAM,BUKAN WARGANEGARA,MALAYSIA,,,,,,,,,,,,,,,,,,,,,,,,,,,,,,,,,,,,,,,,
433,221203015206,SITI NUR NAZIRAH BINTI ROMLIE,170713120814,KAD PENGENALAN,13-07-2017,BERSEKOLAH,07-02-2024,20-12-2025,TAHUN TIGA,KHOIR,,BIASA,PERDANA / AKADEMIK,TIADA BIDANG,RUHAYA BINTI AHMAD,PEREMPUAN,KADAZAN,ISLAM,WARGANEGARA,,,,,,,,,,,,,,,,,,,,,,,,5,ROMLIE BIN SARSAN,770722125149,KAD PENGENALAN,BAPA KANDUNG,JURUTEKNIK KEJURUTERAAN MEKANIKAL (MOTOR DAN ENJIN),BEKERJA,TIADA,900,0134693312,0134693312,KAMPUNG RANGGU,BATU 9,JALAN MARIANO,91000,TAWAU,PENAMPANG,SABAH
434,241203040436,SUMAYYAH BINTI AMAL AKBAR,171101120674,KAD PENGENALAN,01-11-2017,BERSEKOLAH,07-02-2024,20-12-2025,TAHUN TIGA,KHOIR,,BIASA,PERDANA / AKADEMIK,TIADA BIDANG,RUHAYA BINTI AHMAD,PEREMPUAN,BUGIS,ISLAM,WARGANEGARA,,,,,,,,,,,,,,HADINSAH BINTI AMJAH,890817125404,KAD PENGENALAN,IBU KANDUNG,,TIDAK BEKERJA,,0,,0146078815,3,AMAL AKBAR BIN AMIRULLAH,C7717238,NOMBOR PASPORT,BAPA KANDUNG,MEKANIK MOTOSIKAL,BEKERJA,AH HENG,1700,0146028815,0146028815,LORONG BUNGA ORKID KAMPUNG RANGGU,BATU 10 JALAN APAS,,91000,TAWAU,PENAMPANG,SABAH
435,241203040439,UZMA SOFIYYAH BINTI MARSAN,170611120450,KAD PENGENALAN,11-06-2017,BERSEKOLAH,07-02-2024,20-12-2025,TAHUN TIGA,KHOIR,,BIASA,PERDANA / AKADEMIK,TIADA BIDANG,RUHAYA BINTI AHMAD,PEREMPUAN,BUGIS,ISLAM,WARGANEGARA,,,,,,,,,,,,,,MARSAN BIN SYAMSUDDIN,850614126849,KAD PENGENALAN,BAPA KANDUNG,KERANI AM PEJABAT,BEKERJA,SYARIKAT LEANG LI PRINTING SDN. BHD,2000,0134041161,0165837981,2,NORAIDA BINTI RANI,850223125582,KAD PENGENALAN,IBU KANDUNG,GURU,BEKERJA,KEMENTERIAN PENDIDIKAN MALAYSIA,9170.31,089912163,0165837931,"LOT 24, LORONG DESA 2",TAMAN DESA RANGGU,BATU 9 JALAN RANGGU,91000,TAWAU,PENAMPANG,SABAH
436,231203034038,ALIFF DANIAL BIN ABDU SABUR,170414120945,KAD PENGENALAN,14-04-2017,BERSEKOLAH,11-03-2024,20-12-2025,TAHUN TIGA,MUMTAZ,,BIASA,PERDANA / AKADEMIK,TIADA BIDANG,NUR FAEZAH BINTI BANTALANI,LELAKI,SULUK,ISLAM,WARGANEGARA,,,,,,,,,,,,,,ANE BINTI KENIDI,860802495958,KAD PENGENALAN,IBU KANDUNG,,TIDAK BEKERJA,,700,,0167477884,5,NUR FATIN HAZIRAH,090419120952,KAD PENGENALAN,KAKAK,,,,,,0167477884,LORONG AMIRBAK,BATU10,KAMPUNG RANGGU,91000,TAWAU,PENAMPANG,SABAH
437,241203040413,AMEERA HUSNA BINTI MOHD EBDAFIE,170204120832,KAD PENGENALAN,04-02-2017,BERSEKOLAH,07-02-2024,20-12-2025,TAHUN TIGA,MUMTAZ,,BIASA,PERDANA / AKADEMIK,TIADA BIDANG,NUR FAEZAH BINTI BANTALANI,PEREMPUAN,BUGIS,ISLAM,WARGANEGARA,,,,,,,,,,,,,,MOHD EBDAFIE BIN EBRAHIM,850323125635,KAD PENGENALAN,BAPA KANDUNG,GURU,BEKERJA,SK BATU PAYONG TAWAU,9056.13,089752364,0146793651,3,NOR EMMIE BINTI RASID,850303125312,KAD PENGENALAN,IBU KANDUNG,,,,,,0143888301,TB35 LORONG SAUJANA 1,TAMAN RANGGU SAUJANA,JALAN RANGGU,91000,TAWAU,PENAMPANG,SABAH
438,241202292835,AMIRA CHINTYA BELLA BINTI MOHAMMAD AMRUL,170918100534,KAD PENGENALAN,18-09-2017,BERSEKOLAH,23-09-2024,20-12-2025,TAHUN TIGA,MUMTAZ,,BIASA,PERDANA / AKADEMIK,TIADA BIDANG,NUR FAEZAH BINTI BANTALANI,PEREMPUAN,BAJAU,ISLAM,WARGANEGARA,,,,,,,,,,,,,,SITI LELA BINTI YUSOF,941225125918,KAD PENGENALAN,IBU KANDUNG,PEMBANTU KLINIK,BEKERJA,KLINIK DR SUKMA SERI KEMBANGAN,2200,0389599253,01136070169,3,,,,,,,,,,,"801, RESIDENSI PRIMA RANGGU",LORONG 13-2/3 TB 801,,91000,TAWAU,PENAMPANG,SABAH
439,231203035880,AMMAR ASHRAFF BIN ABDULLAH,171019121029,KAD PENGENALAN,19-10-2017,BERSEKOLAH,11-01-2026,13-01-2026,TAHUN TIGA,MUMTAZ,,BIASA,PERDANA / AKADEMIK,TIADA BIDANG,NUR FAEZAH BINTI BANTALANI,LELAKI,TIDUNG,ISLAM,WARGANEGARA,,,,,,,,,,,,,,KAMARUL BIN HUSSIN,900329125903,KAD PENGENALAN,BAPA KANDUNG,BURUH KEBUN,BEKERJA,TIADA,1800,0136496954,0136469954,1,NURAISA BINTI HUSSIN,780201126268,KAD PENGENALAN,IBU KANDUNG,,,,,,0136496954,TB 431 LOT 103,TAMAN RANGGU SAUJANA,,91000,TAWAU,PENAMPANG,SABAH
440,241203040453,ANEEQ AISY RYZKI BIN MOHAMAD HALIM ANNUAR,170701120665,KAD PENGENALAN,01-07-2017,BERSEKOLAH,07-02-2024,20-12-2025,TAHUN TIGA,MUMTAZ,,BIASA,PERDANA / AKADEMIK,TIADA BIDANG,NUR FAEZAH BINTI BANTALANI,LELAKI,MELAYU,ISLAM,WARGANEGARA,,,,,,,,,,,,,,MOHAMAD HALIM ANNUAR BIN MOHD REDUWAN,871003236427,KAD PENGENALAN,BAPA KANDUNG,KOPERAL POLIS,BEKERJA,PDRM,4814.35,0104043695,0104043695,3,SAIMAH BINTI TAHIR,830613125504,KAD PENGENALAN,IBU KANDUNG,JURURAWAT,BEKERJA,KEMENTERIAN KESIHATAN MALAYSIA,3987.58,089773533,,TB275,"LORONG SAUJANA, TAMAN RANGGU SAUJANA",,91000,TAWAU,PENAMPANG,SABAH
441,221203001969,AQMAR IZDIHAR BIN MUSLIHADIR,170127120555,KAD PENGENALAN,27-01-2017,BERSEKOLAH,11-03-2024,20-12-2025,TAHUN TIGA,MUMTAZ,,BIASA,PERDANA / AKADEMIK,TIADA BIDANG,NUR FAEZAH BINTI BANTALANI,LELAKI,BUGIS,ISLAM,WARGANEGARA,,,,,,,,,,,,,,RAPIDAH BINTI KARIM,831002125788,KAD PENGENALAN,IBU KANDUNG,PEMBANTU PENGURUSAN MURID GRED N,BEKERJA,SK. RANGGU,3437.67,01165749440,0138994915,5,MUSLIHADIR BIN MASE,751028125671,KAD PENGENALAN,LAIN-LAIN,GURU,BEKERJA,KOLEJ VOKASIONAL TAWAU,5450.23,089713384,0135573313,"TB11390, LORONG MILENIUM 3, TAMAN MILENIUM",JALAN TIMUR,,91000,TAWAU,PENAMPANG,SABAH
442,231203031924,ARYSHA NURJANNAH BINTI ASAS MULIA,170702120034,KAD PENGENALAN,02-07-2017,BERSEKOLAH,07-02-2024,20-12-2025,TAHUN TIGA,MUMTAZ,,BIASA,PERDANA / AKADEMIK,TIADA BIDANG,NUR FAEZAH BINTI BANTALANI,PEREMPUAN,SULUK,ISLAM,WARGANEGARA,,,,,,,,,,,,,,ASAS MULIA BIN ABU BAKAR,861219495613,KAD PENGENALAN,BAPA KANDUNG,BEKERJA SENDIRI,BEKERJA,TIADA,1000,0166877102,0166877102,4,AZNAH BINTI HALAWI,12081-15643,NOMBOR PASPORT,IBU KANDUNG,,,,,,0166877102,BATU 9,JALAN RANGGU,TAWAU SABAH,91000,TAWAU,PENAMPANG,SABAH
443,221203012933,DAYANG SYAHZRINA BINTI AWANG SAHRIL,170720120062,KAD PENGENALAN,20-07-2017,BERSEKOLAH,07-02-2024,20-12-2025,TAHUN TIGA,MUMTAZ,,BIASA,PERDANA / AKADEMIK,TIADA BIDANG,NUR FAEZAH BINTI BANTALANI,PEREMPUAN,BRUNEI,ISLAM,WARGANEGARA,,,,,,,,,,,,,,AWANG SAHRIL BIN AWANG LATIP,870408125333,KAD PENGENALAN,BAPA KANDUNG,,TIDAK BEKERJA,,3000,,01116689283,7,SATRYAINI BINTI ASIS,901027126016,KAD PENGENALAN,IBU KANDUNG,KERANI DOKUMEN,BEKERJA,CERAH MAJU SDN BHD,1700,0108103122,0178937417,KAMPUNG RANGGU,BATU 10 1/2,LORONG BUNGA RAYA,91000,TAWAU,PENAMPANG,SABAH
444,241203040394,HAZIQ AIMAN BIN ABRAHAM,170627120367,KAD PENGENALAN,27-06-2017,BERSEKOLAH,07-02-2024,20-12-2025,TAHUN TIGA,MUMTAZ,,BIASA,PERDANA / AKADEMIK,TIADA BIDANG,NUR FAEZAH BINTI BANTALANI,LELAKI,SULUK,ISLAM,WARGANEGARA,,,,,,,,,,,,,,TALIP BIN TAPPE,770522126091,KAD PENGENALAN,BAPA TIRI,KERANI AKAUN,BEKERJA,AMANAH IKHTIAR MALAYSIA,5220.93,0148538391,0148538391,6,ABRAHAM BIN DAMIS,820711125867,KAD PENGENALAN,BAPA KANDUNG,,,,,,0167797202 ,"NO 97, LORONG 1 TAMAN RANGGU SAUJANA",,,91000,TAWAU,PENAMPANG,SABAH
445,221203005279,IMANNI SUMAYYAH BINTI NURDIN,170429120462,KAD PENGENALAN,29-04-2017,BERSEKOLAH,07-02-2024,20-12-2025,TAHUN TIGA,MUMTAZ,,BIASA,PERDANA / AKADEMIK,TIADA BIDANG,NUR FAEZAH BINTI BANTALANI,PEREMPUAN,BRUNEI,ISLAM,WARGANEGARA,,,,,,,,,,,,,,SURIYANI BINTI OMAR,820506125032,KAD PENGENALAN,IBU KANDUNG,,TIDAK BEKERJA,,0,,0135430307,6,NURDIN BIN SADJU,711210125575,KAD PENGENALAN,BAPA KANDUNG,,TIDAK BEKERJA,,1200,,0135430370,KG. RANGGU BATU 10,JALAN APAS TAWAU,SABAH,91000,TAWAU,PENAMPANG,SABAH
446,241203040396,KAMARUDDIN BIN MUHAMAD,170112121141,KAD PENGENALAN,12-01-2017,BERSEKOLAH,07-02-2024,20-12-2025,TAHUN TIGA,MUMTAZ,,BIASA,PERDANA / AKADEMIK,TIADA BIDANG,NUR FAEZAH BINTI BANTALANI,LELAKI,BUGIS,ISLAM,WARGANEGARA,,,,,,,,,,,,,,RAHMAWATI BINTI RAPPE,850808126310,KAD PENGENALAN,IBU KANDUNG,,TIDAK BEKERJA,,0,,0166131407,4,MUHAMAD BIN ASHRID,730824125725,KAD PENGENALAN,BAPA KANDUNG,PEKERJA AM,BEKERJA,TIADA,850,0166131407,0166131407,TAMAN SRI APAS BATU 8 JALAN APAS,,,91000,TAWAU,PENAMPANG,SABAH
447,241202368855,KHAIRUL AZFAR BIN ABDULLAH,15759007,TANPA DOKUMEN,05-09-2017,BERSEKOLAH,03-11-2024,20-12-2025,TAHUN TIGA,MUMTAZ,,BIASA,PERDANA / AKADEMIK,TIADA BIDANG,NUR FAEZAH BINTI BANTALANI,LELAKI,LAIN-LAIN,ISLAM,TIADA MAKLUMAT,INDONESIA,,,,,,,,,,,,,,,,,,,,,,,,,,,,,,,,,,,,,,,,
448,241203040400,MUAZ SYAFIE BIN SAMSUL,170202120767,KAD PENGENALAN,02-02-2017,BERSEKOLAH,07-02-2024,20-12-2025,TAHUN TIGA,MUMTAZ,,BIASA,PERDANA / AKADEMIK,TIADA BIDANG,NUR FAEZAH BINTI BANTALANI,LELAKI,BUGIS,ISLAM,WARGANEGARA,,,,,,,,,,,,,,SALIMAH BINTI AKMAT,910301126188,KAD PENGENALAN,IBU KANDUNG,,TIDAK BEKERJA,,0,,01153346188,2,SAMSUL BIN TAMRIN,900810126099,KAD PENGENALAN,BAPA KANDUNG,AKAUNTAN PENGURUSAN,BEKERJA,AARON WONG,4200,0108130022,0108130022,TAMAN RANGGU SAUJANA LORONG 1 NO 560,TAMAN RANGGU SAUJANA LORONG 1 NO 560,TAMAN RANGGU SAUJANA LORONG 1 NO 560,91000,TAWAU,PENAMPANG,SABAH
449,241202329096,MUAZZAM MUSLIMIN BIN MOKTAR,170416121255,KAD PENGENALAN,16-04-2017,BERSEKOLAH,12-05-2024,20-12-2025,TAHUN TIGA,MUMTAZ,,BIASA,PERDANA / AKADEMIK,TIADA BIDANG,NUR FAEZAH BINTI BANTALANI,LELAKI,BUGIS,ISLAM,WARGANEGARA,MALAYSIA,,,,,,,,,,,,,,,,,,,,,,,,,,,,,,,,,,,,,,,,
450,241203040423,MUHAMMAD FAUZY BIN MOHD JAIS,170910121365,KAD PENGENALAN,10-09-2017,BERSEKOLAH,07-02-2024,20-12-2025,TAHUN TIGA,MUMTAZ,,BIASA,PERDANA / AKADEMIK,TIADA BIDANG,NUR FAEZAH BINTI BANTALANI,LELAKI,BANJAR,ISLAM,WARGANEGARA,,,,,,,,,,,,,,MOHD JAIS BIN ARMAYAN,780427125495,KAD PENGENALAN,BAPA KANDUNG,BURUH LADANG,TIDAK BEKERJA,BORNEO SAMUDERA,1100,,0168235330,5,NURAJIJA BINTI LARDY,IP120415221,NOMBOR PASPORT,IBU KANDUNG,,TIDAK BEKERJA,,0,,0169445495,LADANG BONGALIO,,,91207,KUNAK,BELURAN,SABAH
451,231203030483,MUHAMMAD FIEQRI HAKIMI BIN SUYUTI,170627120033,KAD PENGENALAN,27-06-2017,BERSEKOLAH,07-02-2024,20-12-2025,TAHUN TIGA,MUMTAZ,,BIASA,PERDANA / AKADEMIK,TIADA BIDANG,NUR FAEZAH BINTI BANTALANI,LELAKI,ETNIK SABAH,ISLAM,WARGANEGARA,,,,,,,,,,,,,,LILYE BINTI SALON,830801125624,KAD PENGENALAN,IBU KANDUNG,,,,,,0168224858,3,SUYUTI BIN JAMALUDDIN,C7627378,NOMBOR PASPORT,BAPA KANDUNG,BURUH KEBUN,,BEKERJA SENDIRI,1200,0149579586,0168224858,"KG RANGGU BATU 9, JALAN MARIANO.",,,91000,TAWAU,PENAMPANG,SABAH
452,221203013183,MUHAMMAD HUD SAIFULLAH BIN JUKDIN,170821120029,KAD PENGENALAN,21-08-2017,BERSEKOLAH,07-02-2024,20-12-2025,TAHUN TIGA,MUMTAZ,,BIASA,PERDANA / AKADEMIK,TIADA BIDANG,NUR FAEZAH BINTI BANTALANI,LELAKI,LAIN-LAIN,ISLAM,WARGANEGARA,,,,,,,,,,,,,,JUKDIN BIN MUSRA,641205125529,KAD PENGENALAN,BAPA KANDUNG,BEKERJA SENDIRI,BEKERJA,TIADA,1000,0100000000,0198004433,11,RUZAINI BINTI NURDIN,890912125656,KAD PENGENALAN,IBU KANDUNG,,TIDAK BEKERJA,,0,,0169649071,"TAMAN SRI APAS BT8, F4-20, PPR JALAN APAS",,,91000,TAWAU,PENAMPANG,SABAH
453,241203040428,MUHAMMAD IHTISYAMUL HAQ BIN RUSLI,170816120585,KAD PENGENALAN,16-08-2017,BERSEKOLAH,07-02-2024,20-12-2025,TAHUN TIGA,MUMTAZ,,BIASA,PERDANA / AKADEMIK,TIADA BIDANG,NUR FAEZAH BINTI BANTALANI,LELAKI,BUGIS,ISLAM,WARGANEGARA,,,,,,,,,,,,,,RUSLI BIN LAHARA,801020126787,KAD PENGENALAN,BAPA KANDUNG,BEKERJA SENDIRI,TIDAK BEKERJA,TIADA,850,,0173832389,3,MUSLIANA BINTI MUSTAFA,850213125474,KAD PENGENALAN,IBU KANDUNG,,TIDAK BEKERJA,,0,,0146747846,"TB149, LORONG 3, RESIDENSI RANGGU,","TAMAN PRIMA RANGGU, JLN RANGGU,","BATU 12,",91000,TAWAU,PENAMPANG,SABAH
454,241203040458,MUHAMMAD SYAHIR SYAFIQ BIN KAHAR,170122120337,KAD PENGENALAN,22-01-2017,BERSEKOLAH,07-02-2024,20-12-2025,TAHUN TIGA,MUMTAZ,,BIASA,PERDANA / AKADEMIK,TIADA BIDANG,NUR FAEZAH BINTI BANTALANI,LELAKI,MELAYU,ISLAM,WARGANEGARA,,,,,,,,,,,,,,MARDI BIN RUSLAN,E6813090,NOMBOR PASPORT,BAPA SAUDARA,,TIDAK BEKERJA,,2500,,0138039734,2,ARMIAYATY BINTI ABDUL RAHIM,960226125630,KAD PENGENALAN,IBU SAUDARA,,TIDAK BEKERJA,,2500,,0133765106,KAMPUNG RANGGU,JALAN MARIANO,DAMAI RIA 1,91008,TAWAU,PENAMPANG,SABAH
455,241203041013,MUHAMMAD SYARIZAL BIN ABDUL AZIZ,170303120491,KAD PENGENALAN,03-03-2017,BERSEKOLAH,03-07-2026,07-07-2026,TAHUN TIGA,MUMTAZ,,BIASA,PERDANA / AKADEMIK,TIADA BIDANG,NUR FAEZAH BINTI BANTALANI,LELAKI,BUGIS,ISLAM,WARGANEGARA,,,,,,,,,,,,,,ABDUL AZIZ BIN ABDUL HAKIM,660212125993,KAD PENGENALAN,BAPA KANDUNG,NELAYAN,TIDAK BEKERJA,ABDUL AZIZ,2300,,01125135397,4,SUGIANA BINTI ABDUL MAJID,C7721521,NOMBOR PASPORT,IBU KANDUNG,,TIDAK BEKERJA,,0,,0128214377,KAMPUNG BATU 2,JALAN HABIB,,91000,TAWAU,PENAMPANG,SABAH
456,231203034434,NUR AIN FAREESYAH BINTI USMAN,171103120096,KAD PENGENALAN,03-11-2017,BERSEKOLAH,11-03-2024,20-12-2025,TAHUN TIGA,MUMTAZ,,BIASA,PERDANA / AKADEMIK,TIADA BIDANG,NUR FAEZAH BINTI BANTALANI,PEREMPUAN,LAIN-LAIN,ISLAM,WARGANEGARA,,,,,,,,,,,,,,USMAN BIN ASIS,710418125481,KAD PENGENALAN,BAPA KANDUNG,,BEKERJA,-,1100,,,2,SUMARNI BINTI HASSAN,820204125248,KAD PENGENALAN,IBU KANDUNG,,,,,,0178328556,KAMPUNG RANGGU,BATU 9,,91000,TAWAU,PENAMPANG,SABAH
457,241203040401,NUR AIRA FARISYA BINTI ABDULLAH,171205121436,KAD PENGENALAN,05-12-2017,BERSEKOLAH,07-02-2024,20-12-2025,TAHUN TIGA,MUMTAZ,,BIASA,PERDANA / AKADEMIK,TIADA BIDANG,NUR FAEZAH BINTI BANTALANI,PEREMPUAN,SULUK,ISLAM,WARGANEGARA,,,,,,,,,,,,,,NURSYAFINA BINTI SUHAIMI,991013128522,KAD PENGENALAN,IBU KANDUNG,,TIDAK BEKERJA,,0,,0105617242,5,MOHD ZAHIN ZAINULARIFFIN BIN MOHAMED NOR,990319126533,KAD PENGENALAN,BAPA KANDUNG,PENGAWAL KESELAMATAN,BEKERJA,WIRA SECURITY,1700,0105617242,0103937781,KAMPUNG RANGGU,BATU 10 JALAN APAS,PETI SURAT 17,91007,TAWAU,PENAMPANG,SABAH
458,241203040456,NUR ALEEYA AMEERA BINTI DARWIS,171128120260,KAD PENGENALAN,28-11-2017,BERSEKOLAH,07-02-2024,20-12-2025,TAHUN TIGA,MUMTAZ,,BIASA,PERDANA / AKADEMIK,TIADA BIDANG,NUR FAEZAH BINTI BANTALANI,PEREMPUAN,BUGIS,ISLAM,WARGANEGARA,,,,,,,,,,,,,,FITRIYANI BINTI TAKIR,920502127100,KAD PENGENALAN,IBU KANDUNG,,,,,,0105060006,3,,,,,,,,,,,,,,,,,
459,241203040407,NUR BADRIYAH BINTI MOHD MIHDAD,170705120558,KAD PENGENALAN,05-07-2017,BERSEKOLAH,07-02-2024,20-12-2025,TAHUN TIGA,MUMTAZ,,BIASA,PERDANA / AKADEMIK,TIADA BIDANG,NUR FAEZAH BINTI BANTALANI,PEREMPUAN,DUSUN,ISLAM,WARGANEGARA,,,,,,,,,,,,,,MOHD MIHDAD BIN MARHUM,931225125767,KAD PENGENALAN,BAPA KANDUNG,PEMBANTU BAKERI,BEKERJA,MARHUM BIN TOHING,1200,0128310147,01125505462,6,NOR QANIAH BINTI MAHAT,940402126950,KAD PENGENALAN,IBU KANDUNG,,TIDAK BEKERJA,,0,,01125505462,TB 13807 LORONG BSI 3,JLN APAS,BATU 10,91000,TAWAU,PENAMPANG,SABAH
460,241203040411,NUR SUHAYLA ADAWIYAH BINTI MUHAMMAD SUHAIMI,171003121120,KAD PENGENALAN,03-10-2017,BERSEKOLAH,07-02-2024,20-12-2025,TAHUN TIGA,MUMTAZ,,BIASA,PERDANA / AKADEMIK,TIADA BIDANG,NUR FAEZAH BINTI BANTALANI,PEREMPUAN,JAWA,ISLAM,WARGANEGARA,,,,,,,,,,,,,,NOOR ASIQIN BINTI KADIR,950520126264,KAD PENGENALAN,IBU KANDUNG,BEKERJA SENDIRI,TIDAK BEKERJA,TIADA,1000,,0146095322,2,,,,,,,,,,,KAMPUNG RANGGU,BATU 9½,,91007,TAWAU,PENAMPANG,SABAH
461,241203040431,NURANIESYAH ULFA BINTI NAZRIN,170514120416,KAD PENGENALAN,14-05-2017,BERSEKOLAH,07-02-2024,20-12-2025,TAHUN TIGA,MUMTAZ,,BIASA,PERDANA / AKADEMIK,TIADA BIDANG,NUR FAEZAH BINTI BANTALANI,PEREMPUAN,BUGIS,ISLAM,WARGANEGARA,,,,,,,,,,,,,,NAZRIN BIN ANWAR,851008126077,KAD PENGENALAN,BAPA KANDUNG,PEMANDU LORI,BEKERJA,TIADA,1800,0178710562,0178710562,4,HADIJAH BINTI KAMISI,E9527552,NOMBOR PASPORT,IBU KANDUNG,,TIDAK BEKERJA,,0,,0147838780,E3-3 PPR TAMAN SRI APAS,BATU 8 JALAN APAS,,91000,TAWAU,PENAMPANG,SABAH
462,241202034129,NURUL AUNI NAADHIRAH BINTI ABDUL LATIF,170205120682,KAD PENGENALAN,05-02-2017,BERSEKOLAH,11-03-2024,20-12-2025,TAHUN TIGA,MUMTAZ,,BIASA,PERDANA / AKADEMIK,TIADA BIDANG,NUR FAEZAH BINTI BANTALANI,PEREMPUAN,BUGIS,ISLAM,WARGANEGARA,,,,,,,,,,,,,,ROSNAH BINTI ALI,860618125244,KAD PENGENALAN,IBU KANDUNG,,,,,,0128267061,3,ABDUL LATIF BIN ABDUL KADIR,C8346867,NOMBOR PASPORT,BAPA KANDUNG,BEKERJA SENDIRI,,ABDUL LATIF BIN ABDUL KADIR,1800,0128267061,0128267061,KAMPUNG RANGGU JALAN OT MAMANGKU,,,91000,TAWAU,PENAMPANG,SABAH
463,231203028891,NURUL QURRATUAIN NAFEESA BINTI ANDY MAN NURDIN,171129120254,KAD PENGENALAN,29-11-2017,BERSEKOLAH,01-04-2024,20-12-2025,TAHUN TIGA,MUMTAZ,,BIASA,PERDANA / AKADEMIK,TIADA BIDANG,NUR FAEZAH BINTI BANTALANI,PEREMPUAN,ETNIK SABAH,ISLAM,WARGANEGARA,,,,,,,,,,,,,,ANDY MAN NURDIN,E2944889,NOMBOR PASPORT,BAPA KANDUNG,,TIDAK BEKERJA,,1500,,0137740507,5,KASMINIA BINTI ARIFIN,930114126260,KAD PENGENALAN,IBU KANDUNG,,TIDAK BEKERJA,,0,,0136431597,KAMPUNG RANGGU BT10,JALAN HJ KASMAN,,91000,TAWAU,PENAMPANG,SABAH
464,231203034040,QAYYIM NUR IMAN BIN AMIR,170508120313,KAD PENGENALAN,08-05-2017,BERSEKOLAH,01-04-2024,20-12-2025,TAHUN TIGA,MUMTAZ,,BIASA,PERDANA / AKADEMIK,TIADA BIDANG,NUR FAEZAH BINTI BANTALANI,LELAKI,MELAYU,ISLAM,WARGANEGARA,,,,,,,,,,,,,,AMIR BIN LAMATANG,840219125935,KAD PENGENALAN,BAPA KANDUNG,BEKERJA SENDIRI,BEKERJA,TIADA,2500,0167946611,0167946611,4,GLORY MAE TRIGO,830402125678,KAD PENGENALAN,IBU KANDUNG,,,,,,0115360204,KAMPUNG RANGGU,BATU 9 JALAN APAS,TAWAU,91000,TAWAU,PENAMPANG,SABAH
465,241203040433,QHALISH ZUHAYR BIN SOBREE,170207120125,KAD PENGENALAN,07-02-2017,BERSEKOLAH,07-02-2024,20-12-2025,TAHUN TIGA,MUMTAZ,,BIASA,PERDANA / AKADEMIK,TIADA BIDANG,NUR FAEZAH BINTI BANTALANI,LELAKI,SUNGAI,ISLAM,WARGANEGARA,,,,,,,,,,,,,,SOBREE BIN SAMIAN,890205125649,KAD PENGENALAN,BAPA KANDUNG,JURUWANG BANK,BEKERJA,BANK SIMPANAN NASIONAL,4000,089763947,0198161503,1,SUHANA BINTI SABRAN,890630125914,KAD PENGENALAN,IBU KANDUNG,,TIDAK BEKERJA,,0,,0197271503,RESIDENSI PR1MA RANGGU,"159 , LORONG 3",JALAN RESIDENSI RANGGU,91000,TAWAU,PENAMPANG,SABAH
466,221203004232,SITI AZILA KHAYLA BINTI AZHAR,171123120886,KAD PENGENALAN,23-11-2017,BERSEKOLAH,07-02-2024,20-12-2025,TAHUN TIGA,MUMTAZ,,BIASA,PERDANA / AKADEMIK,TIADA BIDANG,NUR FAEZAH BINTI BANTALANI,PEREMPUAN,BUGIS,ISLAM,WARGANEGARA,,,,,,,,,,,,,,AZHAR BIN AHMAD,890922125457,KAD PENGENALAN,BAPA KANDUNG,BEKERJA SENDIRI,,JDM COURIER ENTERPRISE,1500,0128434651,0128434651,2,SITI KHIARIAH BINTI MASA,890425125368,KAD PENGENALAN,IBU KANDUNG,,,,,,0178941807,KAMPUNG RANGGU BATU 10 JALAN APAS,,,91000,TAWAU,PENAMPANG,SABAH
467,231203031877,SYAHIRAH FARHANA BINTI SABLI,170723120658,KAD PENGENALAN,23-07-2017,BERSEKOLAH,07-02-2024,20-12-2025,TAHUN TIGA,MUMTAZ,,BIASA,PERDANA / AKADEMIK,TIADA BIDANG,NUR FAEZAH BINTI BANTALANI,PEREMPUAN,BRUNEI,ISLAM,WARGANEGARA,,,,,,,,,,,,,,SABLI BIN OTHMAN @ OSMAN,690106125655,KAD PENGENALAN,BAPA KANDUNG,,TIDAK BEKERJA,,2680,,0138872326,4,SARAYAH BINTI AG DAMIT,770917125392,KAD PENGENALAN,IBU KANDUNG,,TIDAK BEKERJA,,0,,01140136232,PETI SURAT 116 TAMAN RANGGU SAUJANA,LORONG SAUJANA JALAN RANGGU,,91000,TAWAU,PENAMPANG,SABAH
468,211201148749,UZAIR ADZHAN ISKANDAR BIN SARIFUDDIN,170927120369,KAD PENGENALAN,27-09-2017,BERSEKOLAH,07-02-2024,20-12-2025,TAHUN TIGA,MUMTAZ,,BIASA,PERDANA / AKADEMIK,TIADA BIDANG,NUR FAEZAH BINTI BANTALANI,LELAKI,BUGIS,ISLAM,WARGANEGARA,MALAYSIA,,,,,,,,,,,,,SARIFUDDIN BIN MOHD AMIR,910201126623,KAD PENGENALAN,BAPA KANDUNG,PEMBANTU MAKMAL,BEKERJA,TECK GUAN PALM OIL MILL,1500,0891234567,0146810349,2,SULIWAH BINTI SUDI @ SUDUN,931209125724,KAD PENGENALAN,IBU KANDUNG,PEMBANTU TADBIR,,KEMENTERIAN PENDIDIKAN MALAYSIA,2052,089778102,01119572665,KAMPUNG RANGGU,BATU 10 JALAN APAS,TAWAU,91007,TAWAU,PENAMPANG,SABAH
469,241203040450,WARDIATUL SUFFIYAH BINTI ERWAN SYAH,170320120506,KAD PENGENALAN,20-03-2017,BERSEKOLAH,07-02-2024,20-12-2025,TAHUN TIGA,MUMTAZ,,BIASA,PERDANA / AKADEMIK,TIADA BIDANG,NUR FAEZAH BINTI BANTALANI,PEREMPUAN,BUGIS,ISLAM,WARGANEGARA,,,,,,,,,,,,,,MELATI BINTI BEDU,830728125854,KAD PENGENALAN,IBU KANDUNG,,TIDAK BEKERJA,,0,,0138665568,3,ERWAN SYAH BIN RUSEH,810423125177,KAD PENGENALAN,BAPA KANDUNG,BEKERJA SENDIRI,TIDAK BEKERJA,GERAI UMIE WARDIATUL,800,,0138665866,LORONG BUNGA ORKID BATU½,KAMPUNG RANGGU,"TAWAU, SABAH",91000,TAWAU,PENAMPANG,SABAH
470,211201134174,AMIRAH MAISARAH BINTI RONI,160429120172,KAD PENGENALAN,29-04-2016,BERSEKOLAH,20-03-2023,20-12-2025,TAHUN EMPAT,ILTIZAM,,BIASA,PERDANA / AKADEMIK,TIADA BIDANG,ROSIDIAN BIN IDRIS,PEREMPUAN,BAJAU,ISLAM,WARGANEGARA,MALAYSIA,,,,,,,,,,,,,RONI BIN BACHO,840509126215,KAD PENGENALAN,BAPA KANDUNG,,,,,,0109573044,3,SITI JULAISA BINTI KARIM,870626125040,KAD PENGENALAN,IBU KANDUNG,,,,,,0168036629,"TB 18386, LRG 5C 1/3","BANDAR SRI INDAH,",PETI SURAT NO 27,91000,TAWAU,PENAMPANG,SABAH
471,231201004663,ANZALNA ZALFAHANI BINTI MUHAMMAD ZULKIFLI,161107120078,KAD PENGENALAN,07-11-2016,BERSEKOLAH,20-03-2023,20-12-2025,TAHUN EMPAT,ILTIZAM,,BIASA,PERDANA / AKADEMIK,TIADA BIDANG,ROSIDIAN BIN IDRIS,PEREMPUAN,BUGIS,ISLAM,WARGANEGARA,,,,,,,,,,,,,,MUHAMMAD ZULKIFLI BIN DARWIS,920309125891,KAD PENGENALAN,BAPA KANDUNG,PEMBANTU KILANG,BEKERJA,BEST POLYPACK PRODUCTS SDN BHD,1700,089711206,01165690903,3,ZARINA BINTI SUDIRMAN,940610125768,KAD PENGENALAN,IBU KANDUNG,PEKERJA PEMBERSIHAN,BEKERJA,JAWAT JOHAN SDN BHD,1700,088205377,0178636424,BATU 8 JALAN RANGGU LAMA,,,91000,TAWAU,PENAMPANG,SABAH
472,231201001137,ASHRAF BIN AZLEY,160617120145,KAD PENGENALAN,17-06-2016,BERSEKOLAH,20-03-2023,20-12-2025,TAHUN EMPAT,ILTIZAM,,BIASA,PERDANA / AKADEMIK,TIADA BIDANG,ROSIDIAN BIN IDRIS,LELAKI,KADAZAN,ISLAM,WARGANEGARA,,,,,,,,,,,,,,AZLEY BIN MATAHIR,841102125477,KAD PENGENALAN,BAPA KANDUNG,PEMBANTU AWAM GRED H,BEKERJA,JABATAN PERKHIDMATAN PEMBENTUNGAN NEGERI SABAH,1783.98,089776500,0142405477,4,SALAMAH BINTI GUMAIN,840618125860,KAD PENGENALAN,IBU KANDUNG,,,,,,0147985860,KAMPUNG RANGGU BATU 9 LORONG OT MAMANGKU,KAMPUNG RANGGU BATU 9 LORONG OT MAMANGKU,KAMPUNG RANGGU BATU 9 LORONG OT MAMANGKU,91000,TAWAU,PENAMPANG,SABAH
473,231201006828,ASYRAAF AFIF BIN AHMAD SYAHRIL ARDIANSYAH,161223120155,KAD PENGENALAN,23-12-2016,BERSEKOLAH,04-10-2024,20-12-2025,TAHUN EMPAT,ILTIZAM,,BIASA,PERDANA / AKADEMIK,TIADA BIDANG,ROSIDIAN BIN IDRIS,LELAKI,BUGIS,ISLAM,WARGANEGARA,,,,,,,,,,,,,,SHAHPIKA BINTI ALUI,020213120064,KAD PENGENALAN,IBU KANDUNG,PELAYAN BAR,BEKERJA,ROLAND VOO VUN CHIN,1700,089761199,0175946328,1,ALUI BIN RAHIBOH,660101125069,KAD PENGENALAN,DATUK,PENGAWAL KESELAMATAN,BEKERJA,RAHMAT,1700,0135535673,0162672463,"PPR TAMAN SRI APAS,BT8, JALAN APAS 91000","TAWAU ,SABAH",,91000,TAWAU,PENAMPANG,SABAH
474,231201010073,AYU AZZAHRA BINTI MOHD ASIM,160419120742,KAD PENGENALAN,19-04-2016,BERSEKOLAH,20-03-2023,20-12-2025,TAHUN EMPAT,ILTIZAM,,BIASA,PERDANA / AKADEMIK,TIADA BIDANG,ROSIDIAN BIN IDRIS,PEREMPUAN,BAJAU,ISLAM,WARGANEGARA,,,,,,,,,,,,,,WAN NOOR SARINA BINTI HALID,830804125670,KAD PENGENALAN,IBU KANDUNG,,TIDAK BEKERJA,,0,,0107898641,3,,,,,,,,,,,,,,,,,
475,231201008517,AZHANHANAFI AL MIQDAD BIN USMAN,161231120585,KAD PENGENALAN,31-12-2016,BERSEKOLAH,20-03-2023,20-12-2025,TAHUN EMPAT,ILTIZAM,,BIASA,PERDANA / AKADEMIK,TIADA BIDANG,ROSIDIAN BIN IDRIS,LELAKI,KADAZAN,ISLAM,WARGANEGARA,,,,,,,,,,,,,,USMAN ABDULLAH,E6817736,NOMBOR PASPORT,BAPA KANDUNG,KELINDAN LORI,TIDAK BEKERJA,ONJADI SDN BHD,1200,,0103700881,4,FARIZAHWATI BINTI YUSOP,831126126002,KAD PENGENALAN,IBU KANDUNG,,TIDAK BEKERJA,,0,,0103700881,KAMPUNG RANGGU BATU 10,JALAN MARIANO,APAS,91000,TAWAU,PENAMPANG,SABAH
476,231201012254,DANISH ZAIM BIN SUHERI,160222120669,KAD PENGENALAN,22-02-2016,BERSEKOLAH,20-03-2023,20-12-2025,TAHUN EMPAT,ILTIZAM,,BIASA,PERDANA / AKADEMIK,TIADA BIDANG,ROSIDIAN BIN IDRIS,LELAKI,MELAYU,ISLAM,WARGANEGARA,,,,,,,,,,,,,,NUREZMIN BINTI MD YUSOF @ YUSOFF,850821125240,KAD PENGENALAN,IBU KANDUNG,,TIDAK BEKERJA,,0,,0194338557,3,,,,,,,,,,,TB 233 BANDAR SRI INDAH FASA 5H,BATU 10 JALAN APAS,,91000,TAWAU,PENAMPANG,SABAH
477,211201133612,KHAYRA ALYAH BINTI AFENDI,160416121694,KAD PENGENALAN,16-04-2016,BERSEKOLAH,28-09-2026,30-09-2026,TAHUN EMPAT,ILTIZAM,,BIASA,PERDANA / AKADEMIK,TIADA BIDANG,ROSIDIAN BIN IDRIS,PEREMPUAN,BAJAU,ISLAM,WARGANEGARA,MALAYSIA,,,,,,,,,,,,,AFENDI BIN BASARU,710212125531,KAD PENGENALAN,BAPA KANDUNG,,TIDAK BEKERJA,,350,,0197305483,3,SITTI DALIPA BINTI ARKA,870705125196,KAD PENGENALAN,IBU KANDUNG,,TIDAK BEKERJA,,100,,0165873174,KG LAHAT-LAHAT,,,91308,SEMPORNA,KUDAT,SABAH
478,231201002058,MUHAMAD AQEEL AR RAYYAN BIN SABINDO,160405120389,KAD PENGENALAN,05-04-2016,BERSEKOLAH,20-03-2023,20-12-2025,TAHUN EMPAT,ILTIZAM,,BIASA,PERDANA / AKADEMIK,TIADA BIDANG,ROSIDIAN BIN IDRIS,LELAKI,BUGIS,ISLAM,WARGANEGARA,,,,,,,,,,,,,,SABINDO BIN HASSAN,790514125759,KAD PENGENALAN,BAPA KANDUNG,,TIDAK BEKERJA,,800,,0142039488,9,TANNI BINTI HASDAN,E2944941,NOMBOR PASPORT,IBU KANDUNG,,TIDAK BEKERJA,,0,,0102010953,BLOK D-2-06,TAMAN SRI APAS (PPR,BATU 8 JALAN APAS,91000,TAWAU,PENAMPANG,SABAH
479,211201137502,MUHAMMAD AARIZ ARYAN BIN ADIME,160709121305,KAD PENGENALAN,09-07-2016,BERSEKOLAH,20-03-2023,20-12-2025,TAHUN EMPAT,ILTIZAM,,BIASA,PERDANA / AKADEMIK,TIADA BIDANG,ROSIDIAN BIN IDRIS,LELAKI,BAJAU,ISLAM,WARGANEGARA,MALAYSIA,,,,,,,,,,,,,,,,,,,,,,,4,ADIME BIN JANI,830527125129,KAD PENGENALAN,BAPA KANDUNG,POLIS BANTUAN,TIDAK BEKERJA,LHDN,4410,,0178985529,,,,,,,
480,231201012442,MUHAMMAD ADAM QUEZAIRI BIN ABDULLAH,161122120033,KAD PENGENALAN,22-11-2016,BERSEKOLAH,20-03-2023,20-12-2025,TAHUN EMPAT,ILTIZAM,,BIASA,PERDANA / AKADEMIK,TIADA BIDANG,ROSIDIAN BIN IDRIS,LELAKI,BUGIS,ISLAM,WARGANEGARA,MALAYSIA,,,,,,,,,,,,,MAHADIR BIN HAJULA,841014125303,KAD PENGENALAN,BAPA KANDUNG,PEMANDU BAS,BEKERJA,AJ CAR RENTAL,1200,0167477479,0167477479,14,HALIMAH BINTI MARUPI,881016126082,KAD PENGENALAN,IBU KANDUNG,,TIDAK BEKERJA,,0,,01005155594,TB537 LOT 365 TAMAN RANGGU SAUJANA,BATU 10 JALAN RANGGU,,91000,TAWAU,PENAMPANG,SABAH
481,211201145141,MUHAMMAD ADZAM AWAISZ BIN AZWAN,161223121385,KAD PENGENALAN,23-12-2016,BERSEKOLAH,20-03-2023,20-12-2025,TAHUN EMPAT,ILTIZAM,,BIASA,PERDANA / AKADEMIK,TIADA BIDANG,ROSIDIAN BIN IDRIS,LELAKI,KADAZAN,ISLAM,WARGANEGARA,MALAYSIA,,,,,,,,,,,,,,,,,,,,,,,,,,,,,,,,,,,,,,,,
482,231201010339,MUHAMMAD AFIQ HAZIM BIN SYAMSUL ANUAR,161030120773,KAD PENGENALAN,30-10-2016,BERSEKOLAH,20-03-2023,20-12-2025,TAHUN EMPAT,ILTIZAM,,BIASA,PERDANA / AKADEMIK,TIADA BIDANG,ROSIDIAN BIN IDRIS,LELAKI,MELAYU,ISLAM,WARGANEGARA,,,,,,,,,,,,,,,,,,,,,,,,4,SYAMSUL ANUAR BIN BAKAR,781119125965,KAD PENGENALAN,BAPA KANDUNG,PEMBANTU PENGUATKUASA GRED KP,,JPJ CAWANGAN TAWAU,4000,089755010,0165528805,,,,,,,
483,231201003600,MUHAMMAD AIMAN BIN MOHAN,160621120447,KAD PENGENALAN,21-06-2016,BERSEKOLAH,20-03-2023,20-12-2025,TAHUN EMPAT,ILTIZAM,,BIASA,PERDANA / AKADEMIK,TIADA BIDANG,ROSIDIAN BIN IDRIS,LELAKI,BRUNEI,ISLAM,WARGANEGARA,,,,,,,,,,,,,,MOHAN BIN ABDULLAH,730606125305,KAD PENGENALAN,BAPA KANDUNG,PEMANDU,BEKERJA,FIRDHOUS SALEEM,1500,0165753225,0162686105,3,NORSHILAWATI BINTI JUMARCH,931222125622,KAD PENGENALAN,IBU KANDUNG,JURUJUAL BORONG DAN RUNCIT,BEKERJA,FIRDHOUS SALEEM,1500,0165753225,0165753225,KAMPUNG RANGGU,BATU 9 JALAN HAJAH MARIAM,,91008,TAWAU,PENAMPANG,SABAH
484,211201130747,MUHAMMAD AIMAN BIN NURDIN,160214120781,KAD PENGENALAN,14-02-2016,BERSEKOLAH,20-03-2023,20-12-2025,TAHUN EMPAT,ILTIZAM,,BIASA,PERDANA / AKADEMIK,TIADA BIDANG,ROSIDIAN BIN IDRIS,LELAKI,BUGIS,ISLAM,WARGANEGARA,MALAYSIA,,,,,,,,,,,,,,,,,,,,,,,,,,,,,,,,,,,,,,,,
485,231201005328,MUHAMMAD AIQIL TERMIDZI BIN MOHD ALA AZIIZU,160507120339,KAD PENGENALAN,07-05-2016,BERSEKOLAH,20-03-2023,20-12-2025,TAHUN EMPAT,ILTIZAM,,BIASA,PERDANA / AKADEMIK,TIADA BIDANG,ROSIDIAN BIN IDRIS,LELAKI,KADAZAN,ISLAM,WARGANEGARA,,,,,,,,,,,,,,,,,,,,,,,,5,MOHD ALA -AZIIZU ABRA,871026495691,KAD PENGENALAN,BAPA KANDUNG,PEMBANTU TUKANG MASAK,BEKERJA,HAZIQ ENTERPRISE,900,01114159494,01125691341,,,,,,,
486,231201011562,MUHAMMAD FIRDAUS BIN ANDY MAN NURDIN,160326120161,KAD PENGENALAN,26-03-2016,BERSEKOLAH,01-04-2024,20-12-2025,TAHUN EMPAT,ILTIZAM,,BIASA,PERDANA / AKADEMIK,TIADA BIDANG,ROSIDIAN BIN IDRIS,LELAKI,BUGIS,ISLAM,WARGANEGARA,,,,,,,,,,,,,,ANDY MAN NURDIN,V993054,NOMBOR PASPORT,BAPA KANDUNG,BURUH PEMBINAAN (KERJA BANGUNAN),BEKERJA,BILLI,1500,01171129980,0137740507,5,KASMINIA BINTI ARIFIN,930114126260,KAD PENGENALAN,IBU KANDUNG,,TIDAK BEKERJA,,0,,0136431597,KAMPUNG RANGGU LORONG HAJI KASMAN,,,91000,TAWAU,PENAMPANG,SABAH
487,231202044933,MUHAMMAD IRMAN SYAH BIN ABDULLAH,15187040,TANPA DOKUMEN,18-08-2016,BERSEKOLAH,04-08-2023,20-12-2025,TAHUN EMPAT,ILTIZAM,,BIASA,PERDANA / AKADEMIK,TIADA BIDANG,ROSIDIAN BIN IDRIS,LELAKI,LAIN-LAIN,ISLAM,BUKAN WARGANEGARA,MALAYSIA,,,,,,,,,,,,,,,,,,,,,,,,,,,,,,,,,,,,,,,,
488,221201119158,MUHAMMAD NIZAR BIN AMIR HAMZAH,160406120129,KAD PENGENALAN,06-04-2016,BERSEKOLAH,09-01-2026,15-01-2026,TAHUN EMPAT,ILTIZAM,,BIASA,PERDANA / AKADEMIK,TIADA BIDANG,ROSIDIAN BIN IDRIS,LELAKI,BAJAU,ISLAM,WARGANEGARA,MALAYSIA,,,,,,,,,,,,,AMIR HAMZAH BIN PUNGGAWA,840720126245,KAD PENGENALAN,BAPA KANDUNG,PENGAWAL KESELAMATAN,BEKERJA,SECURIDO GUARD SERVICES SDN BHD,1438.46,088779121,0198979089,4,ASURAH BINTI ABDU HASSAN,890709125976,KAD PENGENALAN,IBU KANDUNG,,TIDAK BEKERJA,,0,,0194952626,LOT 146 BLOK 20 TAMAN PERWIRA FASA 2,JALAN RANGGU TAWAU,SABAH,91000,TAWAU,PENAMPANG,SABAH
489,231201008057,NUR FARISAH SAKINAH RAUDAH BINTI ARIF,160329120976,KAD PENGENALAN,29-03-2016,BERSEKOLAH,10-07-2024,20-12-2025,TAHUN EMPAT,ILTIZAM,,BIASA,PERDANA / AKADEMIK,TIADA BIDANG,ROSIDIAN BIN IDRIS,PEREMPUAN,BAJAU,ISLAM,WARGANEGARA,,,,,,,,,,,,,,,,,,,,,,,,,,,,,,,,,,,,,,,,,
490,211201130952,NUR NAILA NAZIHAH BINTI MOHD AZMAN,160219070242,KAD PENGENALAN,19-02-2016,BERSEKOLAH,20-03-2023,20-12-2025,TAHUN EMPAT,ILTIZAM,,BIASA,PERDANA / AKADEMIK,TIADA BIDANG,ROSIDIAN BIN IDRIS,PEREMPUAN,MELAYU,ISLAM,WARGANEGARA,MALAYSIA,,,,,,,,,,,,,MOHD AZMAN BIN ABDUL AZIZ,801127055253,KAD PENGENALAN,BAPA KANDUNG,,TIDAK BEKERJA,,1000,,0135066997,7,,,,,,,,,,,"NO 2, BATU 9",KAMPUNG RANGGU,JALAN RANGGU,91000,TAWAU,PENAMPANG,SABAH
491,231201019154,NUR QASEH KHADIJAH BINTI MOHAMAD AZHAR,160801120508,KAD PENGENALAN,01-08-2016,BERSEKOLAH,20-03-2023,20-12-2025,TAHUN EMPAT,ILTIZAM,,BIASA,PERDANA / AKADEMIK,TIADA BIDANG,ROSIDIAN BIN IDRIS,PEREMPUAN,BUGIS,ISLAM,WARGANEGARA,,,,,,,,,,,,,,NORFAIZAN BINTI KOMINSUL,860814495672,KAD PENGENALAN,IBU KANDUNG,,TIDAK BEKERJA,,0,,0128415672,4,MOHAMAD AZHAR BIN MOKTAR,791216125923,KAD PENGENALAN,BAPA KANDUNG,,TIDAK BEKERJA,,1500,,0124506036,KAMPUNG RANGGU,JALAN OT MAMANGKU,,91000,TAWAU,PENAMPANG,SABAH
492,221201119579,NUR RUBIQAH BINTI MOHAMMAD REEZUL,160513120714,KAD PENGENALAN,13-05-2016,BERSEKOLAH,03-08-2023,20-12-2025,TAHUN EMPAT,ILTIZAM,,BIASA,PERDANA / AKADEMIK,TIADA BIDANG,ROSIDIAN BIN IDRIS,PEREMPUAN,BAJAU,ISLAM,WARGANEGARA,MALAYSIA,,,,,,,,,,,,,MOHAMMAD REEZUL BIN AB BAK,870724495993,KAD PENGENALAN,BAPA KANDUNG,,TIDAK BEKERJA,,2900,,0129264830,5,ROSLIANA BINTI JOSLEN,930929126704,KAD PENGENALAN,IBU KANDUNG,,TIDAK BEKERJA,,0,,0192644830,,,,,,,
493,211201130932,NURALIESYA DHIYA ZAHRA BINTI ISKANDAR,160218120674,KAD PENGENALAN,18-02-2016,BERSEKOLAH,20-03-2023,20-12-2025,TAHUN EMPAT,ILTIZAM,,BIASA,PERDANA / AKADEMIK,TIADA BIDANG,ROSIDIAN BIN IDRIS,PEREMPUAN,BUGIS,ISLAM,WARGANEGARA,MALAYSIA,,,,,,,,,,,,,,,,,,,,,,,,,,,,,,,,,,,,,,,,
494,231201007378,NUREEN ANISA JANNAH BINTI MOHD NOOR HAIZAN,160512120886,KAD PENGENALAN,12-05-2016,BERSEKOLAH,20-03-2023,20-12-2025,TAHUN EMPAT,ILTIZAM,,BIASA,PERDANA / AKADEMIK,TIADA BIDANG,ROSIDIAN BIN IDRIS,PEREMPUAN,MELAYU,ISLAM,WARGANEGARA,,,,,,,,,,,,,,DIYA BINTI MAULAH,840716125864,KAD PENGENALAN,IBU KANDUNG,PROMOTER JUALAN,BEKERJA,SWASTA,1850,0326181888,0135478345,3,,,,,,,,,,,LOT 132,"TAMAN PERWIRA, RANGGU",RANGGU TAWAU,91000,TAWAU,PENAMPANG,SABAH
495,231201003011,NURNAZIRAYANI BINTI NASIR,161010120602,KAD PENGENALAN,10-10-2016,BERSEKOLAH,20-03-2023,20-12-2025,TAHUN EMPAT,ILTIZAM,,BIASA,PERDANA / AKADEMIK,TIADA BIDANG,ROSIDIAN BIN IDRIS,PEREMPUAN,BUGIS,ISLAM,WARGANEGARA,,,,,,,,,,,,,,NASIR BIN LARUNA,750501125067,KAD PENGENALAN,BAPA KANDUNG,BEKERJA SENDIRI,BEKERJA,-,1500,0100,0138980563,5,NURHAYANI BINTI SENONG,E9534805,NOMBOR PASPORT,IBU KANDUNG,,TIDAK BEKERJA,,0,,0198083683,"JALAN RANGGU, KAMPUNG RANGGU",LORONG OT MEMANGKU,,91000,TAWAU,PENAMPANG,SABAH
496,231201007696,NURUL AIN QASIDAH BINTI HERMANTO,160729120430,KAD PENGENALAN,29-07-2016,BERSEKOLAH,01-07-2024,20-12-2025,TAHUN EMPAT,ILTIZAM,,BIASA,PERDANA / AKADEMIK,TIADA BIDANG,ROSIDIAN BIN IDRIS,PEREMPUAN,INDONESIA,ISLAM,WARGANEGARA,,,,,,,,,,,,,,NORAINI BINTI ZAINAL,800919125542,KAD PENGENALAN,IBU KANDUNG,,,,,,01124469338,4,HANINA BINTI LAZIM,040926120492,KAD PENGENALAN,KAKAK,JURUWANG,BEKERJA,SERVAY JAYA SUPERMARKET SG TANJONG,1700,0168269155,01127194219,"07,LORONG ALAMANDA 2/3, TAMAN ALAMANDA,",,,91000,TAWAU,PENAMPANG,SABAH
497,231201014786,QHAIRUL FAHMI BIN RAJLAN,161223120745,KAD PENGENALAN,23-12-2016,BERSEKOLAH,20-03-2023,20-12-2025,TAHUN EMPAT,ILTIZAM,,BIASA,PERDANA / AKADEMIK,TIADA BIDANG,ROSIDIAN BIN IDRIS,LELAKI,BAJAU,ISLAM,WARGANEGARA,,,,,,,,,,,,,,NAZHATUL SHIMA BINTI ASMAN,890523125388,KAD PENGENALAN,LAIN-LAIN,,TIDAK BEKERJA,,0,,0138363354,3,,,,,,,,,,,,,,,,,
498,231201018363,RAHIM RUSYAIDI BIN RUSLAN,160520120245,KAD PENGENALAN,20-05-2016,BERSEKOLAH,20-03-2023,20-12-2025,TAHUN EMPAT,ILTIZAM,,BIASA,PERDANA / AKADEMIK,TIADA BIDANG,ROSIDIAN BIN IDRIS,LELAKI,BUGIS,ISLAM,WARGANEGARA,,,,,,,,,,,,,,JUMARNI BINTI LATAMUDE,840525125626,KAD PENGENALAN,IBU KANDUNG,,TIDAK BEKERJA,,0,,0198079017,6,,,,,,,,,,,"TB 13139, LOT 65, BANDAR SRI INDAH,","BATU 10, JALAN APAS",BANDAR SRI INDAH,91000,TAWAU,PENAMPANG,SABAH
499,231202042700,RAYYAN KHAIRUDIN BIN BAHARUDDIN,160117120501,KAD PENGENALAN,17-01-2016,BERSEKOLAH,03-08-2023,20-12-2025,TAHUN EMPAT,ILTIZAM,,BIASA,PERDANA / AKADEMIK,TIADA BIDANG,ROSIDIAN BIN IDRIS,LELAKI,KAGAYAN,ISLAM,WARGANEGARA,,,,,,,,,,,,,,NAFSIAH BINTI ADANI,820326125844,KAD PENGENALAN,IBU KANDUNG,,,,,,0197886431,5,,,,,,,,,,,KAMPUNG RANGGU BT 9 JALAN APAS,LORONG MARIAM ABDUL RAHMAN,91000 TAWAU SABAH,91000,TAWAU,PENAMPANG,SABAH
500,231201006077,SITTI AISYAH BINTI GAMMA,160202121664,KAD PENGENALAN,02-02-2016,BERSEKOLAH,20-03-2023,20-12-2025,TAHUN EMPAT,ILTIZAM,,BIASA,PERDANA / AKADEMIK,TIADA BIDANG,ROSIDIAN BIN IDRIS,PEREMPUAN,FILIPINO,ISLAM,WARGANEGARA,,,,,,,,,,,,,,,,,,,,,,,,,,,,,,,,,,,,,,,,,
501,201201108102,UMMI AMIRAH BINTI ABDULLAH,160405010366,KAD PENGENALAN,05-04-2016,BERSEKOLAH,07-08-2026,08-08-2026,TAHUN EMPAT,ILTIZAM,,BIASA,PERDANA / AKADEMIK,TIADA BIDANG,ROSIDIAN BIN IDRIS,PEREMPUAN,BUGIS,ISLAM,WARGANEGARA,MALAYSIA,,,,,,,,,,,,,,,,,,,,,,,,,,,,,,,,,,,,,,,,
502,221201119664,UMMU NAZIHAH BINTI NASARUDIN,160522120222,KAD PENGENALAN,22-05-2016,BERSEKOLAH,10-06-2024,20-12-2025,TAHUN EMPAT,ILTIZAM,,BIASA,PERDANA / AKADEMIK,TIADA BIDANG,ROSIDIAN BIN IDRIS,PEREMPUAN,BUGIS,ISLAM,WARGANEGARA,MALAYSIA,,,,,,,,,,,,,,,,,,,,,,,3,HASMIAH BINTI WAHID,820515125106,KAD PENGENALAN,IBU KANDUNG,,TIDAK BEKERJA,,0,,0125771725,,,,,,,
503,231201012197,WAZIEN SAYYID BIN MULIADI,160226120439,KAD PENGENALAN,26-02-2016,BERSEKOLAH,20-03-2023,20-12-2025,TAHUN EMPAT,ILTIZAM,,BIASA,PERDANA / AKADEMIK,TIADA BIDANG,ROSIDIAN BIN IDRIS,LELAKI,BUGIS,ISLAM,WARGANEGARA,,,,,,,,,,,,,,,,,,,,,,,,,,,,,,,,,,,,,,,,,
504,221201121686,AHMAD DANIEL BIN MUHAMAD IKHRAM,161205120709,KAD PENGENALAN,05-12-2016,BERSEKOLAH,20-03-2023,20-12-2025,TAHUN EMPAT,JAYYID,,BIASA,PERDANA / AKADEMIK,TIADA BIDANG,NOZE BINTI TUKIJAN,LELAKI,BAJAU,ISLAM,WARGANEGARA,MALAYSIA,,,,,,,,,,,,,MUHAMAD IKHRAM BIN NULHAKIM,791230126009,KAD PENGENALAN,BAPA KANDUNG,BEKERJA SENDIRI,TIDAK BEKERJA,TIADA,1500,,01162285483,6,ADZLINA BINTI MOHD AMIN,830706125538,KAD PENGENALAN,IBU KANDUNG,GURU,TIDAK BEKERJA,SMK KINABUTAN,10518.05,,0129141251,"TB 44 ,LORONG SATU",TAMAN RANGGU SAUJANA,,91000,TAWAU,PENAMPANG,SABAH
505,231201017176,AHMAD FIRASH BIN SALLEH,160412120571,KAD PENGENALAN,12-04-2016,BERSEKOLAH,20-03-2023,20-12-2025,TAHUN EMPAT,JAYYID,,BIASA,PERDANA / AKADEMIK,TIADA BIDANG,NOZE BINTI TUKIJAN,LELAKI,BAJAU,ISLAM,WARGANEGARA,,,,,,,,,,,,,,SALLEH BIN ANUDDARI,831008125893,KAD PENGENALAN,BAPA KANDUNG,BEKERJA SENDIRI,BEKERJA,GOLDEN SON,2000,0133334843,0133334843,3,ARNI BINTI ASSAT,850831125818,KAD PENGENALAN,IBU KANDUNG,PEMBANTU TADBIR (PERKERANIAN/OPERASI) GRED N,BEKERJA,POLIS DIRAJA MALAYSIA,3104.83,089752222,0198323907,RESIDENSI PRIMA RANGGU,TB1187 LORONG 17,JALAN RESIDENSI RANGGU RANGGU 5,91000,TAWAU,PENAMPANG,SABAH
506,231201005931,AHMAD RAYYAN BIN HERMAN,160506120791,KAD PENGENALAN,06-05-2016,BERSEKOLAH,20-03-2023,20-12-2025,TAHUN EMPAT,JAYYID,,BIASA,PERDANA / AKADEMIK,TIADA BIDANG,NOZE BINTI TUKIJAN,LELAKI,BUGIS,ISLAM,WARGANEGARA,,,,,,,,,,,,,,,,,,,,,,,,,,,,,,,,,,,,,,,,,
507,231201000889,AHMAD RYQARL BIN TOTONG,160723120405,KAD PENGENALAN,23-07-2016,BERSEKOLAH,20-03-2023,20-12-2025,TAHUN EMPAT,JAYYID,,BIASA,PERDANA / AKADEMIK,TIADA BIDANG,NOZE BINTI TUKIJAN,LELAKI,IRANUN,ISLAM,WARGANEGARA,,,,,,,,,,,,,,SUZIANI BINTI IBRAHIM,830930125778,KAD PENGENALAN,IBU KANDUNG,,TIDAK BEKERJA,,0,,0128162927,3,TOTONG BIN ABDULLAH,SB007638,TANPA DOKUMEN,BAPA KANDUNG,BURUH PEMBINAAN (KERJA BANGUNAN),BEKERJA,HASRAT SATU SDN BHD,1500,0128162927,0128410837,TAMAN SRI APAS BATU 8 JALAN APAS,,,91000,TAWAU,PENAMPANG,SABAH
508,211501005188,ALEESA MIKAYLA BINTI HERMANTO,160217120314,KAD PENGENALAN,17-02-2016,BERSEKOLAH,20-07-2024,20-12-2025,TAHUN EMPAT,JAYYID,,BIASA,PERDANA / AKADEMIK,TIADA BIDANG,NOZE BINTI TUKIJAN,PEREMPUAN,BUGIS,ISLAM,WARGANEGARA,MALAYSIA,,,,,,,,,,,,,HERMANTO BIN NURDIN,821012125037,KAD PENGENALAN,BAPA KANDUNG,,TIDAK BEKERJA,,2280.25,,0138807106,4,,,,,,,,,,,"TB 115, TAMAN ALAMANDA, JALAN RANGGU",,,91000,TAWAU,PENAMPANG,SABAH
509,231201015858,DZAKIR BIN SUHAIMI,161017120621,KAD PENGENALAN,17-10-2016,BERSEKOLAH,20-03-2023,20-12-2025,TAHUN EMPAT,JAYYID,,BIASA,PERDANA / AKADEMIK,TIADA BIDANG,NOZE BINTI TUKIJAN,LELAKI,SULUK,ISLAM,WARGANEGARA,,,,,,,,,,,,,,,,,,,,,,,,,,,,,,,,,,,,,,,,,
510,231201007316,EMIR DANISH BIN ABDULLAH,161129120909,KAD PENGENALAN,29-11-2016,BERSEKOLAH,13-01-2024,20-12-2025,TAHUN EMPAT,JAYYID,,BIASA,PERDANA / AKADEMIK,TIADA BIDANG,NOZE BINTI TUKIJAN,LELAKI,BUTON,ISLAM,WARGANEGARA,,,,,,,,,,,,,,,,,,,,,,,,,,,,,,,,,,,,,,,,,
511,231201007224,FAHKRUL ADAM WAFIYY BIN HAMDAN,161103121807,KAD PENGENALAN,03-11-2016,BERSEKOLAH,20-03-2023,20-12-2025,TAHUN EMPAT,JAYYID,,BIASA,PERDANA / AKADEMIK,TIADA BIDANG,NOZE BINTI TUKIJAN,LELAKI,MELAYU,ISLAM,WARGANEGARA,,,,,,,,,,,,,,HAMDAN BIN BUANG,590903016189,KAD PENGENALAN,BAPA KANDUNG,,TIDAK BEKERJA,,1500,,0146856399,4,MAIMUN BINTI CHIN,740509125732,KAD PENGENALAN,IBU KANDUNG,,,,,,0146856399,KAMPUNG RANGGU JALAN MARIANO,PETI SURAT 1716,,91000,TAWAU,PENAMPANG,SABAH
512,231201017688,MARDHIYAH HUMAYRAA BINTI M SABRAN,160310120124,KAD PENGENALAN,10-03-2016,BERSEKOLAH,20-03-2023,20-12-2025,TAHUN EMPAT,JAYYID,,BIASA,PERDANA / AKADEMIK,TIADA BIDANG,NOZE BINTI TUKIJAN,PEREMPUAN,BUGIS,ISLAM,WARGANEGARA,,,,,,,,,,,,,,MASDARAYANTI BINTI B TASWIRADNAN,850917125106,KAD PENGENALAN,IBU KANDUNG,,TIDAK BEKERJA,,0,,0163315007,6,,,,,,,,,,,"TB15971,LORONG 3/8,FASA 3,","BANDAR SRI INDAH,BATU 10 JALAN APAS",,91000,TAWAU,PENAMPANG,SABAH
513,231201013016,MARYAM QURRATU AINI BINTI KASMAN,161209120140,KAD PENGENALAN,09-12-2016,BERSEKOLAH,20-03-2023,20-12-2025,TAHUN EMPAT,JAYYID,,BIASA,PERDANA / AKADEMIK,TIADA BIDANG,NOZE BINTI TUKIJAN,PEREMPUAN,BUGIS,ISLAM,WARGANEGARA,,,,,,,,,,,,,,NURUL SYARMILAH BINTI APPA,901128126146,KAD PENGENALAN,IBU KANDUNG,,TIDAK BEKERJA,,900,,01117741464,4,,,,,,,,,,,,,,,,,
514,221201119911,MOHAMMAD AIMAN QUZAIRIE BIN MOHAMMAD ARAS MADE,160615120037,KAD PENGENALAN,15-06-2016,BERSEKOLAH,20-03-2023,20-12-2025,TAHUN EMPAT,JAYYID,,BIASA,PERDANA / AKADEMIK,TIADA BIDANG,NOZE BINTI TUKIJAN,LELAKI,COCOS,ISLAM,WARGANEGARA,MALAYSIA,,,,,,,,,,,,,MOHAMMAD ARAS MADE,C7626759,NOMBOR PASPORT,BAPA KANDUNG,,TIDAK BEKERJA,,0,,01125315266,5,FAZARINA BINTI ALDAN,890801125776,KAD PENGENALAN,IBU KANDUNG,,TIDAK BEKERJA,,5000,,0147049965,KG RANGGU,JLN RANGGU BT 10,,91000,TAWAU,PENAMPANG,SABAH
515,231201009749,MOHAMMAD FAKHRIE BIN SUDIMAN,160923121103,KAD PENGENALAN,23-09-2016,BERSEKOLAH,20-03-2023,20-12-2025,TAHUN EMPAT,JAYYID,,BIASA,PERDANA / AKADEMIK,TIADA BIDANG,NOZE BINTI TUKIJAN,LELAKI,BUGIS,ISLAM,WARGANEGARA,,,,,,,,,,,,,,SUDIMAN BIN SULE,820222125989,KAD PENGENALAN,LAIN-LAIN,BEKERJA SENDIRI,TIDAK BEKERJA,TIADA,1500,,0148585092,4,HALIJAH BINTI MARUPI,900624126386,KAD PENGENALAN,IBU KANDUNG,,TIDAK BEKERJA,,500,,0128616094,"KAMPUNG RANGGU,BT10",,,91000,TAWAU,PENAMPANG,SABAH
516,211201131087,MOHAMMAD HAZIEZUL BIN MOHAMMAD HIZAM,160222120431,KAD PENGENALAN,22-02-2016,BERSEKOLAH,20-03-2023,20-12-2025,TAHUN EMPAT,JAYYID,,BIASA,PERDANA / AKADEMIK,TIADA BIDANG,NOZE BINTI TUKIJAN,LELAKI,SULUK,ISLAM,WARGANEGARA,MALAYSIA,,,,,,,,,,,,,,,,,,,,,,,3,RAMLAYANAH BINTI YUNUS,781125125742,KAD PENGENALAN,IBU KANDUNG,,TIDAK BEKERJA,,0,,0102696393,NO 12 G4 TAMAN SRI APAS,BATU 8 JALAN APAS,,91000,TAWAU,PENAMPANG,SABAH
517,231201014518,MOHAMMAD IZHAR QUSHAIRY BIN ABDUL ARNIH,160925120569,KAD PENGENALAN,25-09-2016,BERSEKOLAH,20-03-2023,20-12-2025,TAHUN EMPAT,JAYYID,,BIASA,PERDANA / AKADEMIK,TIADA BIDANG,NOZE BINTI TUKIJAN,LELAKI,BANJAR,ISLAM,WARGANEGARA,,,,,,,,,,,,,,KEE ROZAILA BINTI KEE MOHD HAIRUM,890209125398,KAD PENGENALAN,IBU KANDUNG,,TIDAK BEKERJA,,0,,01169292199,4,,,,,,,,,,,TAMAN SRI APAS PPR BT8,"BLOK G, TINGKAT 4 NO15",JALAN APAS,91000,TAWAU,PENAMPANG,SABAH
518,211201140421,MOHAMMAD MUKHRIZ BIN MOHAMMAD FAIZAL,160911120269,KAD PENGENALAN,11-09-2016,BERSEKOLAH,20-03-2023,20-12-2025,TAHUN EMPAT,JAYYID,,BIASA,PERDANA / AKADEMIK,TIADA BIDANG,NOZE BINTI TUKIJAN,LELAKI,MELAYU,ISLAM,WARGANEGARA,MALAYSIA,,,,,,,,,,,,,,,,,,,,,,,,,,,,,,,,,,,,,,,,
519,211201129383,MUHAMAD AFIF BIN UMAR,160115120567,KAD PENGENALAN,15-01-2016,BERSEKOLAH,20-03-2023,20-12-2025,TAHUN EMPAT,JAYYID,,BIASA,PERDANA / AKADEMIK,TIADA BIDANG,NOZE BINTI TUKIJAN,LELAKI,SULUK,ISLAM,WARGANEGARA,MALAYSIA,,,,,,,,,,,,,,,,,,,,,,,3,UMAR BIN AWARUN,711116125499,KAD PENGENALAN,BAPA KANDUNG,,TIDAK BEKERJA,,2864,,0135583455,"KAMPUNG RANGGU, BATU 9",JALAN HAJI MANSUR UJUNG,LORONG SIPIN,91008,TAWAU,PENAMPANG,SABAH
520,201201110163,MUHAMMAD ADIB MAULANA BIN ADY KURNIAWAN,160930121179,KAD PENGENALAN,30-09-2016,BERSEKOLAH,21-04-2025,20-12-2025,TAHUN EMPAT,JAYYID,,BIASA,PERDANA / AKADEMIK,TIADA BIDANG,NOZE BINTI TUKIJAN,LELAKI,BANJAR,ISLAM,WARGANEGARA,MALAYSIA,,,,,,,,,,,,,SUMARNI BINTI IDRIS,C8353569,NOMBOR PASPORT,IBU KANDUNG,,TIDAK BEKERJA,,0,,0111544113,2,ADY KURNIAWAN NANANG PAHRUL,871023495645,KAD PENGENALAN,BAPA KANDUNG,,TIDAK BEKERJA,,2050,,0166197793,"LOT F-04-10 SOUTH VILLE,","APARTEMENT BANDAR SRI INDAH,",JLN APAS BATU 10,91000,TAWAU,PENAMPANG,SABAH
521,211201144377,MUHAMMAD AL EIMAN HAQQ BIN MOHD ROSMAN,161206120399,KAD PENGENALAN,06-12-2016,BERSEKOLAH,11-03-2024,20-12-2025,TAHUN EMPAT,JAYYID,,BIASA,PERDANA / AKADEMIK,TIADA BIDANG,NOZE BINTI TUKIJAN,LELAKI,MELAYU,ISLAM,WARGANEGARA,MALAYSIA,,,,,,,,,,,,,,,,,,,,,,,6,MOHD ROSMAN BIN ABDUL JALIL,800621125785,KAD PENGENALAN,BAPA KANDUNG,PEMBANTU TEKNIK UKUR,BEKERJA,PERUNDING ROSDIANSYAH AMIN SDN BHD,5600,01008872537,0138556370,"LOT 1170,LORONG 15",JALAN RESIDENSI RANGGU 5,TAMAN PRIMA RANGGU,91000,TAWAU,PENAMPANG,SABAH
522,231201010940,MUHAMMAD AMSYAR BIN SUDEYANSAH,160902120451,KAD PENGENALAN,02-09-2016,BERSEKOLAH,03-08-2023,20-12-2025,TAHUN EMPAT,JAYYID,,BIASA,PERDANA / AKADEMIK,TIADA BIDANG,NOZE BINTI TUKIJAN,LELAKI,BUGIS,ISLAM,WARGANEGARA,,,,,,,,,,,YA (01),,,,,,,,,,,,,4,SUDEYANSAH BIN LAWPAK,860524495789,KAD PENGENALAN,BAPA KANDUNG,GURU PENDIDIKAN MENENGAH,BEKERJA,SMK ABAKA,7000,0102101589,0102101589,"TB 190,BLOK R PHASE 1,BT 7 JALAN APAS",,,91000,TAWAU,PENAMPANG,SABAH
523,211201142096,MUHAMMAD FALIQ ZHARFAN BIN SUKMAN,161016120021,KAD PENGENALAN,16-10-2016,BERSEKOLAH,11-03-2024,20-12-2025,TAHUN EMPAT,JAYYID,,BIASA,PERDANA / AKADEMIK,TIADA BIDANG,NOZE BINTI TUKIJAN,LELAKI,BUGIS,ISLAM,WARGANEGARA,MALAYSIA,,,,,,,,,,,,,SUKMAN BIN SAMSUDDIN,870809125035,KAD PENGENALAN,BAPA KANDUNG,PEGAWAI PERTANIAN,TIDAK BEKERJA,ABID EMAS GROUP,3996,,0145525248,4,ROZANAH BINTI AMZAH,890524125312,KAD PENGENALAN,IBU KANDUNG,,TIDAK BEKERJA,,0,,0108895242,RESIDENSI PRIMA RANGGU TB 866 LORONG 13-BATU12,,,91000,TAWAU,PENAMPANG,SABAH
524,221201121510,MUHAMMAD PUTRA AMSYAR BIN MOHAMMAD DAUD,161118120321,KAD PENGENALAN,18-11-2016,BERSEKOLAH,11-03-2024,20-12-2025,TAHUN EMPAT,JAYYID,,BIASA,PERDANA / AKADEMIK,TIADA BIDANG,NOZE BINTI TUKIJAN,LELAKI,SULUK,ISLAM,WARGANEGARA,MALAYSIA,,,,,,,,,,,,,MOHAMMAD DAUD ABDULLAH,E2936697,NOMBOR PASPORT,BAPA KANDUNG,BEKERJA SENDIRI,BEKERJA,MOHAMMAD DAUD ABDULLAH,1500,0143417464,0143417464,5,ITA IZAIMA BINTI MD ZAIN,880828495372,KAD PENGENALAN,IBU KANDUNG,,TIDAK BEKERJA,,0,,0143417464,KG RANGGU BT 9 LORONG OT MAMANGKU,JALAN RANGGU,TAWAU,91000,TAWAU,PENAMPANG,SABAH
525,231201009071,NUR DAMIA BINTI ABDULLAH,161130120690,KAD PENGENALAN,30-11-2016,BERSEKOLAH,20-03-2023,20-12-2025,TAHUN EMPAT,JAYYID,,BIASA,PERDANA / AKADEMIK,TIADA BIDANG,NOZE BINTI TUKIJAN,PEREMPUAN,BUGIS,ISLAM,WARGANEGARA,,,,,,,,,,,,,,SARINA BINTI SALIM,901002125922,KAD PENGENALAN,IBU KANDUNG,,,,,,0143741156,7,ARIS BIN LABA,C7619978,NOMBOR PASPORT,BAPA KANDUNG,FOMEN MEKANIKAL,BEKERJA,MELANIE BINTI PUNGUT,2000,0898888181,0172727319,TB 4 LOT 4 TAMAN ALAMANDA JALAN RANGGU,,,91000,TAWAU,PENAMPANG,SABAH
526,211201145089,NUR FADILAH BINTI GANI,161222120866,KAD PENGENALAN,22-12-2016,BERSEKOLAH,20-03-2023,20-12-2025,TAHUN EMPAT,JAYYID,,BIASA,PERDANA / AKADEMIK,TIADA BIDANG,NOZE BINTI TUKIJAN,PEREMPUAN,BUGIS,ISLAM,WARGANEGARA,MALAYSIA,,,,,,,,,,,,,IDAH BINTI APONG,830102125334,KAD PENGENALAN,IBU KANDUNG,KERANI AM PEJABAT,BEKERJA,ULTIMATE RESERVES SDN BHD,2000,0138816044,0143759412,7,GANI BIN JILLAHANI,C9624307,NOMBOR PASPORT,LAIN-LAIN,BEKERJA SENDIRI,BEKERJA,TIADA,500,0164732540,0164732540,BT 10  KG RANCANGAN MAHMUD,,,91000,TAWAU,PENAMPANG,SABAH
527,211201136155,NUR HAFIZAH BINTI SUHARDI,160610120548,KAD PENGENALAN,10-06-2016,BERSEKOLAH,20-03-2023,20-12-2025,TAHUN EMPAT,JAYYID,,BIASA,PERDANA / AKADEMIK,TIADA BIDANG,NOZE BINTI TUKIJAN,PEREMPUAN,BUGIS,ISLAM,WARGANEGARA,MALAYSIA,,,,,,,,,,,,,SUHARDI BIN SUKUR,C7730380,NOMBOR PASPORT,BAPA KANDUNG,BEKERJA SENDIRI,TIDAK BEKERJA,SUHARDI BIN SUKUR,700,,0178395568,6,,,,,,,,,,,"KG. RANGGU, BATU 9, JLN RANGGU",,,91000,TAWAU,PENAMPANG,SABAH
528,211201131360,NUR HAYZATUL HUSNA BINTI EKHO DYNNIE ARBIANTO,160228120256,KAD PENGENALAN,28-02-2016,BERSEKOLAH,20-03-2023,20-12-2025,TAHUN EMPAT,JAYYID,,BIASA,PERDANA / AKADEMIK,TIADA BIDANG,NOZE BINTI TUKIJAN,PEREMPUAN,MELAYU,ISLAM,WARGANEGARA,MALAYSIA,,,,,,,,,,,,,EKHO DYNNIE ARBIANTO BIN AMBRUDIN,920616125779,KAD PENGENALAN,BAPA KANDUNG,PEMANDU LORI,TIDAK BEKERJA,TAI SAUNG SND BHD,1500,,0198384005,7,SARFINA BINTI BAMBANG,E7738499,NOMBOR PASPORT,IBU KANDUNG,,TIDAK BEKERJA,,0,,0198384005,KAMPUNG RANGGU,BATU 10,JALAN APAS TAWAU PETI SURAT 60014,91010,TAWAU,PENAMPANG,SABAH
529,231201018406,NUR HUMAIRAH BINTI JASMYN,160626121000,KAD PENGENALAN,26-06-2016,BERSEKOLAH,20-03-2023,20-12-2025,TAHUN EMPAT,JAYYID,,BIASA,PERDANA / AKADEMIK,TIADA BIDANG,NOZE BINTI TUKIJAN,PEREMPUAN,BAJAU,ISLAM,WARGANEGARA,,,,,,,,,,,,,,JASMYN BIN MOHD SAKKUL,840904125693,KAD PENGENALAN,BAPA KANDUNG,KAKITANGAN SWASTA,BEKERJA,ULTIMATE RESERVES SDN BHD,2334,0135529339,0138811371,7,AZLINA BINTI JAKARIAH,840309126050,KAD PENGENALAN,IBU KANDUNG,,TIDAK BEKERJA,,0,,0146415935,JALAN APAS BATU 8,KAMPUNG RANGGU,LORONG OT MAMANGKU BATU 9,91000,TAWAU,PENAMPANG,SABAH
530,211201136767,NUR JADIRA BINTI ISMAIL,160624120258,KAD PENGENALAN,24-06-2016,BERSEKOLAH,13-01-2024,20-12-2025,TAHUN EMPAT,JAYYID,,BIASA,PERDANA / AKADEMIK,TIADA BIDANG,NOZE BINTI TUKIJAN,PEREMPUAN,BUGIS,ISLAM,WARGANEGARA,MALAYSIA,,,,,,,,,,,,,ISMAIL BIN MAJID,891009125363,KAD PENGENALAN,BAPA KANDUNG,PENGURUS PELANCONGAN,BEKERJA,PULAU SIPADAN RESORT & TOURS SDN BHD,3415,0178997800,0149968061,4,,,,,,,,,,,TB 96 LORONG 2 RESIDENSI RANGGU,TAMAN PRIMA RANGGU,JALAN RANGGU BATU 12,91000,TAWAU,PENAMPANG,SABAH
531,231201005325,NUR LIYANA ZAHIRAH BINTI BANGKIT HANAFID,161125120258,KAD PENGENALAN,25-11-2016,BERSEKOLAH,20-03-2023,20-12-2025,TAHUN EMPAT,JAYYID,,BIASA,PERDANA / AKADEMIK,TIADA BIDANG,NOZE BINTI TUKIJAN,PEREMPUAN,DUSUN,ISLAM,WARGANEGARA,,,,,,,,,,,,,,,,,,,,,,,,2,BANGKIT HANAFID BIN ARSA,870307495255,KAD PENGENALAN,BAPA KANDUNG,PEGAWAI REJIMEN SEMPADAN (RS),BEKERJA,ASKAR BATALION KE8 REJIMEN SEMPADAN KEM SHAN SUI,1600,0102732346,0102732346,NO 18399 LORONG 5C 1/5 BANDAR SRI INDAH,,,91000,TAWAU,PENAMPANG,SABAH
532,241202332816,QAMILAH HASHARI BINTI KAHARUDDIN,160719120998,KAD PENGENALAN,19-07-2016,BERSEKOLAH,17-05-2024,20-12-2025,TAHUN EMPAT,JAYYID,,BIASA,PERDANA / AKADEMIK,TIADA BIDANG,NOZE BINTI TUKIJAN,PEREMPUAN,BUGIS,ISLAM,WARGANEGARA,,,,,,,,,,,,,,SARINAH BINTI PUGU,C77304021,NOMBOR PASPORT,IBU KANDUNG,KERANI BAHAN MENTAH,BEKERJA,HAMKA BROTHERS,1500,0138804435,0138028721,2,,,,,,,,,,,,,,,,,
533,231201025877,SHAHRIL MANAN BIN HASDI,160724120511,KAD PENGENALAN,24-07-2016,BERSEKOLAH,14-07-2025,20-12-2025,TAHUN EMPAT,JAYYID,,BIASA,PERDANA / AKADEMIK,TIADA BIDANG,NOZE BINTI TUKIJAN,LELAKI,SULUK,ISLAM,WARGANEGARA,,,,,,,,,,,,,,,,,,,,,,,,,,,,,,,,,,,,,,,,,
534,241202378907,SITI AISYAH BINTI ASMALI,15750731,TANPA DOKUMEN,11-04-2016,BERSEKOLAH,09-12-2024,20-12-2025,TAHUN EMPAT,JAYYID,,BIASA,PERDANA / AKADEMIK,TIADA BIDANG,NOZE BINTI TUKIJAN,PEREMPUAN,LAIN-LAIN,ISLAM,TIADA MAKLUMAT,MALAYSIA,,,,,,,,,,,,,,,,,,,,,,,,,,,,,,,,,,,,,,,,
535,210101143357,SITI MARIAM DELISYA BINTI MUHAMMAD,160220010298,KAD PENGENALAN,20-02-2016,BERSEKOLAH,20-03-2023,20-12-2025,TAHUN EMPAT,JAYYID,,BIASA,PERDANA / AKADEMIK,TIADA BIDANG,NOZE BINTI TUKIJAN,PEREMPUAN,BAJAU,ISLAM,WARGANEGARA,MALAYSIA,,,,,,,,,,,,,MUHAMMAD BIN ROMOLO,880506495257,KAD PENGENALAN,BAPA KANDUNG,BURUH BINAAN (MINYAK DAN GAS),BEKERJA,MMHE,1700,07259988,0177030214,5,JURIANA BINTI DIAN,850713125374,KAD PENGENALAN,IBU KANDUNG,,TIDAK BEKERJA,,0,,0177030214,"LORONG MARIAM ABD RAHMAN, BT 9, RANGGU",,,91000,TAWAU,PENAMPANG,SABAH
536,231201016176,SITI NOORFATIMAH BINTI FARIN KHAN,161002120864,KAD PENGENALAN,02-10-2016,BERSEKOLAH,20-03-2023,20-12-2025,TAHUN EMPAT,JAYYID,,BIASA,PERDANA / AKADEMIK,TIADA BIDANG,NOZE BINTI TUKIJAN,PEREMPUAN,TIDUNG,ISLAM,WARGANEGARA,,,,,,,,,,,,,,FARIN KHAN BIN NAT KHAN,BA4134622,NOMBOR PASPORT,BAPA KANDUNG,,TIDAK BEKERJA,,3000,,0138880075,1,ROSNANI BINTI ALONG,850411125678,KAD PENGENALAN,IBU KANDUNG,,BEKERJA,,950,,0166626207,KAMPUNG RANGGU BATU 10,,,91000,TAWAU,PENAMPANG,SABAH
537,231202054246,WADAAH NUR AFIQAH BINTI MOHD IRWAN,160103090022,KAD PENGENALAN,03-01-2016,BERSEKOLAH,09-08-2023,20-12-2025,TAHUN EMPAT,JAYYID,,BIASA,PERDANA / AKADEMIK,TIADA BIDANG,NOZE BINTI TUKIJAN,PEREMPUAN,BAJAU,ISLAM,WARGANEGARA,MALAYSIA,,,,,,,,,,,,,ARBINA BINTI ALI,840727126096,KAD PENGENALAN,IBU KANDUNG,PEGAWAI KOR PERKHIDMATAN AM (KPA),TIDAK BEKERJA,ANGKATAN TENTERA MALAYSIA,4000,,0164543406,4,,,,,,,,,,,,,,,,,
538,231201008436,ZULFAHMI BIN ARIPIN,160507120443,KAD PENGENALAN,07-05-2016,BERSEKOLAH,20-03-2023,20-12-2025,TAHUN EMPAT,JAYYID,,BIASA,PERDANA / AKADEMIK,TIADA BIDANG,NOZE BINTI TUKIJAN,LELAKI,TIDUNG,ISLAM,WARGANEGARA,,,,,,,,,,,,,,SARIFAH ALOHAH BINTI H AHMAD,800403125680,KAD PENGENALAN,IBU KANDUNG,,TIDAK BEKERJA,,0,,01133604184,6,,,,,,,,,,,,,,,,,
539,231201019315,AIDAN ZAKIY BIN SURIANSAH,160821120185,KAD PENGENALAN,21-08-2016,BERSEKOLAH,11-01-2026,11-01-2026,TAHUN EMPAT,KHOIR,,BIASA,PERDANA / AKADEMIK,TIADA BIDANG,MASTURAH BINTI TUDA,LELAKI,IBAN ATAU SEA DAYAK,ISLAM,WARGANEGARA,,,,,,,,,,,,,,SURIANSAH BIN ENCHARANG,850425125003,KAD PENGENALAN,BAPA KANDUNG,,TIDAK BEKERJA,,9426.33,,0146453528,5,NORLISA BINTI SARDIE,851109125866,KAD PENGENALAN,IBU KANDUNG,,TIDAK BEKERJA,,6308.7,,0164453528,JLN OT MAMANGKU,KAMPUNG RANGGU BT9,PETI SURAT 1731,91000,TAWAU,PENAMPANG,SABAH
540,231201017799,AINA AZIA BINTI ABDULLAH,160901120820,KAD PENGENALAN,01-09-2016,BERSEKOLAH,20-03-2023,20-12-2025,TAHUN EMPAT,KHOIR,,BIASA,PERDANA / AKADEMIK,TIADA BIDANG,MASTURAH BINTI TUDA,PEREMPUAN,BAJAU,ISLAM,WARGANEGARA,,,,,,,,,,,,,,,,,,,,,,,,4,MOHD FAZIL BIN OMAR,810630125073,KAD PENGENALAN,BAPA KANDUNG,PENGAWAL KESELAMATAN,TIDAK BEKERJA,SWORDFORCE SDN BHD,1700,,01112681930,KAMPUNG RANGGU,BATU 9 JALAN APAS,PETI SURAT 842,91008,TAWAU,PENAMPANG,SABAH
541,231201006165,AKASYAH BIN HARVIN,160508120269,KAD PENGENALAN,08-05-2016,BERSEKOLAH,20-03-2023,20-12-2025,TAHUN EMPAT,KHOIR,,BIASA,PERDANA / AKADEMIK,TIADA BIDANG,MASTURAH BINTI TUDA,LELAKI,BUGIS,ISLAM,WARGANEGARA,,,,,,,,,,,,,,,,,,,,,,,,,,,,,,,,,,,,,,,,,
542,211201139560,AL FATEH NAUFAL BIN ABDULLAH,160823121413,KAD PENGENALAN,23-08-2016,BERSEKOLAH,07-07-2024,20-12-2025,TAHUN EMPAT,KHOIR,,BIASA,PERDANA / AKADEMIK,TIADA BIDANG,MASTURAH BINTI TUDA,LELAKI,BUGIS,ISLAM,WARGANEGARA,MALAYSIA,,,,,,,,,,,,,KAHMIS KARSUNO BIN DOMINIKUS,840823126125,KAD PENGENALAN,BAPA KANDUNG,PEMBANTU STOR,BEKERJA,SYARIKAT TECK LOONG HARDWARE SDN. BHD,1700,0116865300,0178311829,6,HASNA WATI BINTI AMIRUDDIN,970427126268,KAD PENGENALAN,IBU KANDUNG,,TIDAK BEKERJA,,0,,0178311829,A4-14 PPRT TAMAN SRI APAS,BATU 8,JALAN APAS,91000,TAWAU,PENAMPANG,SABAH
543,200801084392,DEXTER XAVIER,160331120545,KAD PENGENALAN,31-03-2016,BERSEKOLAH,20-03-2023,20-12-2025,TAHUN EMPAT,KHOIR,,BIASA,PERDANA / AKADEMIK,TIADA BIDANG,MASTURAH BINTI TUDA,LELAKI,DUSUN,KRISTIAN,WARGANEGARA,MALAYSIA,,,,,,,,,,,,,CEHRISALAH LANTINUS,900212126734,KAD PENGENALAN,IBU KANDUNG,,TIDAK BEKERJA,,0,,0169016489,5,,,,,,,,,,,KG RANGGU BATU 10 91000 TAWAU SABAH,,,91000,TAWAU,PENAMPANG,SABAH
544,231201014788,HAZIQ MUZHAFAR BIN ROMY,161207120083,KAD PENGENALAN,07-12-2016,BERSEKOLAH,20-03-2023,20-12-2025,TAHUN EMPAT,KHOIR,,BIASA,PERDANA / AKADEMIK,TIADA BIDANG,MASTURAH BINTI TUDA,LELAKI,SULUK,ISLAM,WARGANEGARA,,,,,,,,,,,,,,,,,,,,,,,,4,ROMY LUSARES,750320126001,KAD PENGENALAN,BAPA KANDUNG,"OPERATOR MESIN, PEMBANCUH KONKRIT",BEKERJA,CEMEX CONCRETE (MALAYSIA SDN BHD,2100,0350358888,,,,,,,,
545,230101021037,MOHAMMAD RAFIQUE SYAH BIN RAMAN,160428120023,KAD PENGENALAN,28-04-2016,BERSEKOLAH,15-01-2026,15-01-2026,TAHUN EMPAT,KHOIR,,BIASA,PERDANA / AKADEMIK,TIADA BIDANG,MASTURAH BINTI TUDA,LELAKI,TIDUNG,ISLAM,WARGANEGARA,MALAYSIA,,,,,,,,,,,,,RAMAN BIN IRITAJI,910912126013,KAD PENGENALAN,LAIN-LAIN,BURUH PEMBINAAN (KERJA BANGUNAN),BEKERJA,K.F CHONG,1500,0197783166,0124833260,2,,,,,,,,,,,RUMAH NO 2 LORANG BERKAT KAMPUNG RANGGU,JALAN RANGGU BATU 9 TAWAU SABAH,,91000,TAWAU,PENAMPANG,SABAH
546,211001244380,MOHAMMAD SHAFIQ IQSAN BIN ASBIDUN,161229120797,KAD PENGENALAN,29-12-2016,BERSEKOLAH,17-11-2025,20-12-2025,TAHUN EMPAT,KHOIR,,BIASA,PERDANA / AKADEMIK,TIADA BIDANG,MASTURAH BINTI TUDA,LELAKI,JAWA,ISLAM,WARGANEGARA,MALAYSIA,,,,,,,,,,,,,FAUZIAH BINTI KASMAN,800919125462,KAD PENGENALAN,IBU KANDUNG,PEKERJA AM,TIDAK BEKERJA,SERVAY EVERGREEN SDN BHD,0,,0178743013,5,,,,,,,,,,,NO 576 LORONG 1,TAMAN SAUJANA,RANGGU,91000,TAWAU,PENAMPANG,SABAH
547,231201015782,MUHAMMAD AFIQ RAYYAN BIN SALAIE,161019120473,KAD PENGENALAN,19-10-2016,BERSEKOLAH,09-11-2024,20-12-2025,TAHUN EMPAT,KHOIR,,BIASA,PERDANA / AKADEMIK,TIADA BIDANG,MASTURAH BINTI TUDA,LELAKI,BUGIS,ISLAM,WARGANEGARA,,,,,,,,,,,,,,SALAIE BIN ARASIN,780919125811,KAD PENGENALAN,BAPA KANDUNG,,TIDAK BEKERJA,,1000,,0146815889,5,,,,,,,,,,,C2-22,TAMAN SRI APAS,BATU 8,91000,TAWAU,PENAMPANG,SABAH
548,231201010503,MUHAMMAD ALIF MUIZZUDDIN BIN AZLAN,160507120179,KAD PENGENALAN,07-05-2016,BERSEKOLAH,20-03-2023,20-12-2025,TAHUN EMPAT,KHOIR,,BIASA,PERDANA / AKADEMIK,TIADA BIDANG,MASTURAH BINTI TUDA,LELAKI,SULUK,ISLAM,WARGANEGARA,,,,,,,,,,,,,,AZLAN BIN IDRIS,780221125203,KAD PENGENALAN,BAPA KANDUNG,PENGAWAL KESELAMATAN,TIDAK BEKERJA,MEGAH PERKASA SECURITY SEVICE SDN BHD,2903.66,,0136186308,3,NORLINAH BINTI TARAJI,740727125060,KAD PENGENALAN,IBU KANDUNG,GURU,BEKERJA,KEMENTERIAN PELAJARAN,7068.38,089774017,0109336308,"KG RANGGU, SIMPANG MARIANO",LORONG DAMAI RIA 4,,91000,TAWAU,PENAMPANG,SABAH
549,231201013829,MUHAMMAD ALIFF HAIMY BIN RAILY,160703120133,KAD PENGENALAN,03-07-2016,BERSEKOLAH,20-03-2023,20-12-2025,TAHUN EMPAT,KHOIR,,BIASA,PERDANA / AKADEMIK,TIADA BIDANG,MASTURAH BINTI TUDA,LELAKI,FILIPINO,ISLAM,WARGANEGARA,,,,,,,,,,,,,,,,,,,,,,,,,,,,,,,,,,,,,,,,,
550,231201012632,MUHAMMAD ANIQ BIN AMLYSA,160928120759,KAD PENGENALAN,28-09-2016,BERSEKOLAH,20-03-2023,20-12-2025,TAHUN EMPAT,KHOIR,,BIASA,PERDANA / AKADEMIK,TIADA BIDANG,MASTURAH BINTI TUDA,LELAKI,BUGIS,ISLAM,WARGANEGARA,,,,,,,,,,,,,,,,,,,,,,,,3,AMLYSA BIN AMBO,800212126509,KAD PENGENALAN,BAPA KANDUNG,PENYELIA,BEKERJA,SOLAR THERAPY CENTRE,2300,089749067,0109525407,NO 17734 LOT 234 FASA 5 BANDAR SRI INDAH,,,91000,TAWAU,PENAMPANG,SABAH
551,211401049586,MUHAMMAD AQIL ZARIF BIN SOBRI,160128121251,KAD PENGENALAN,28-01-2016,BERSEKOLAH,13-06-2025,20-12-2025,TAHUN EMPAT,KHOIR,,BIASA,PERDANA / AKADEMIK,TIADA BIDANG,MASTURAH BINTI TUDA,LELAKI,BAJAU,ISLAM,WARGANEGARA,MALAYSIA,,,,,,,,,,,,,NOORHAFIZAH BINTI ABDIHIL,900525126452,KAD PENGENALAN,IBU KANDUNG,TUKANG JAHIT PAKAIAN,BEKERJA,NOORHAFIZAH BINTI ABDIHIL,300,0129437018,0129437018,3,SOBRI BIN ABD MANANG,880916125443,KAD PENGENALAN,BAPA KANDUNG,JURUTEKNIK,BEKERJA,SF SMART SERVICES,3000,0129437018,,,,,,,,
552,231201002824,MUHAMMAD HADIF ZAFRAN BIN MAISAL,160301120093,KAD PENGENALAN,01-03-2016,BERSEKOLAH,20-03-2023,20-12-2025,TAHUN EMPAT,KHOIR,,BIASA,PERDANA / AKADEMIK,TIADA BIDANG,MASTURAH BINTI TUDA,LELAKI,BUGIS,ISLAM,WARGANEGARA,MALAYSIA,,,,,,,,,,,,,MAISAL BIN HAMKAH,840817125935,KAD PENGENALAN,BAPA KANDUNG,BEKERJA SENDIRI,BEKERJA,MAISAL BIN HAMKAH,2000,0128617263,0128617263,7,TINI BINTI SAMSUDDIN,E2170435,NOMBOR PASPORT,IBU KANDUNG,,TIDAK BEKERJA,,0,,0128617263,KAMPUNG RANGGU BATU 10,,,91000,TAWAU,PENAMPANG,SABAH
553,231201002119,MUHAMMAD HAFIZ FAKHRULLAH BIN KAHARUDDIN,160310120159,KAD PENGENALAN,10-03-2016,BERSEKOLAH,20-03-2023,20-12-2025,TAHUN EMPAT,KHOIR,,BIASA,PERDANA / AKADEMIK,TIADA BIDANG,MASTURAH BINTI TUDA,LELAKI,BUGIS,ISLAM,WARGANEGARA,,,,,,,,,,,,,,KAHARUDDIN BIN ARIF,850808126345,KAD PENGENALAN,BAPA KANDUNG,,TIDAK BEKERJA,,0,,0107832286,4,MARTINA BINTI TAHIR,860202125654,KAD PENGENALAN,IBU KANDUNG,PEMBANTU TADBIR (KHIDMAT PELANGGAN) GRED 21,BEKERJA,PEJABAT KESIHATAN KAWSAN TAWAU,1900,089775733,0108102286,"TAMAN RANGGU SAUJANA,","TB 272, LORONG SAUJANA B",JALAN RANGGU,91000,TAWAU,PENAMPANG,SABAH
554,211201143377,MUHAMMAD HAZREEF RAYYAN BIN ABDULLAH,161113120971,KAD PENGENALAN,13-11-2016,BERSEKOLAH,20-03-2023,20-12-2025,TAHUN EMPAT,KHOIR,,BIASA,PERDANA / AKADEMIK,TIADA BIDANG,MASTURAH BINTI TUDA,LELAKI,BAJAU,ISLAM,WARGANEGARA,MALAYSIA,,,,,,,,,,,,,,,,,,,,,,,4,SITI AISAH BINTI MOHD TAHIR,930304126114,KAD PENGENALAN,LAIN-LAIN,BURUH KEBUN,BEKERJA,TIADA,800,01088845,0109688827,,,,,,,
555,211201137669,MUHAMMAD RAHMAT FIRDAUS BIN ABDULLAH,160713120639,KAD PENGENALAN,13-07-2016,BERSEKOLAH,27-08-2024,20-12-2025,TAHUN EMPAT,KHOIR,,BIASA,PERDANA / AKADEMIK,TIADA BIDANG,MASTURAH BINTI TUDA,LELAKI,FILIPINO,ISLAM,WARGANEGARA,MALAYSIA,,,,,,,,,,,,,HASLELAWATI BINTI MAHMUD,960518127128,KAD PENGENALAN,LAIN-LAIN,,,,,,0132291848,2,ASNIAH BINTI ISMAIL,711202125786,KAD PENGENALAN,NENEK,BURUH LADANG,TIDAK BEKERJA,TUAN JOSEPH GULITA,1700,,0132291848,KAMPUNG ULU SAPI,JALAN SAPI NANGOH,,89300,TONGOD,TONGGOD,SABAH
556,211201134186,MUHAMMAD SYAHRIF MUZAFFAR BIN NASRULLAH,160429120527,KAD PENGENALAN,29-04-2016,BERSEKOLAH,20-03-2023,20-12-2025,TAHUN EMPAT,KHOIR,,BIASA,PERDANA / AKADEMIK,TIADA BIDANG,MASTURAH BINTI TUDA,LELAKI,BAJAU,ISLAM,WARGANEGARA,MALAYSIA,,,,,,,,,,,,,,,,,,,,,,,,,,,,,,,,,,,,,,,,
557,211201136050,NAIRA JAUZAA SYAFA BINTI ABDUL RAHIM,160608120100,KAD PENGENALAN,08-06-2016,BERSEKOLAH,20-03-2023,20-12-2025,TAHUN EMPAT,KHOIR,,BIASA,PERDANA / AKADEMIK,TIADA BIDANG,MASTURAH BINTI TUDA,PEREMPUAN,TIDUNG,ISLAM,WARGANEGARA,MALAYSIA,,,,,,,,,,,,,ABDUL RAHIM BIN ABDULLAH,851226155001,KAD PENGENALAN,BAPA KANDUNG,JURUJUAL BORONG DAN RUNCIT,BEKERJA,LEEJIN (EAST MALAYSIA SDN BHD,1500,089772327,0178392674,3,AIDA NORSANTI BINTI MUSTAFA,870405125266,KAD PENGENALAN,IBU KANDUNG,,TIDAK BEKERJA,,0,,01158732439,"G1-18, BLOK G,",TAMAN SRI APAS PPR,BATU 8 JALAN APAS TAWAU,91000,TAWAU,PENAMPANG,SABAH
558,231202044963,NUR ALYA NADIRA BINTI ABDULLAH,15195846,TANPA DOKUMEN,07-10-2016,BERSEKOLAH,04-08-2023,20-12-2025,TAHUN EMPAT,KHOIR,,BIASA,PERDANA / AKADEMIK,TIADA BIDANG,MASTURAH BINTI TUDA,PEREMPUAN,TORAJA,ISLAM,BUKAN WARGANEGARA,MALAYSIA,,,,,,,,,,,,,,,,,,,,,,,,,,,,,,,,,,,,,,,,
559,231202042660,NUR AMIRAH SYUHADAH BINTI MOHMAD SOLIH,160708121290,KAD PENGENALAN,08-07-2016,BERSEKOLAH,03-08-2023,20-12-2025,TAHUN EMPAT,KHOIR,,BIASA,PERDANA / AKADEMIK,TIADA BIDANG,MASTURAH BINTI TUDA,PEREMPUAN,DUSUN,ISLAM,WARGANEGARA,,,,,,,,,,,,,,MOHMAD SOLIH BIN ABIE,950705125305,KAD PENGENALAN,BAPA KANDUNG,PEKERJA TUKANGAN,BEKERJA,MARHUM BIN TOHING,1500,0128310147,0126719954,6,NURSAADAH BINTI MARHUM,960822125602,KAD PENGENALAN,IBU KANDUNG,,TIDAK BEKERJA,,0,,0122547313,D/A TB 13807 LORONG BSI 3,JALAN APAS BATU 10,BANDAR SRI INDAH,91000,TAWAU,PENAMPANG,SABAH
560,231201016640,NUR QAIREEN QALEESHA BINTI ROZLEE,161124120184,KAD PENGENALAN,24-11-2016,BERSEKOLAH,09-11-2024,20-12-2025,TAHUN EMPAT,KHOIR,,BIASA,PERDANA / AKADEMIK,TIADA BIDANG,MASTURAH BINTI TUDA,PEREMPUAN,IBAN ATAU SEA DAYAK,ISLAM,WARGANEGARA,,,,,,,,,,,,,,ROZLEE ROBERT,860716495265,KAD PENGENALAN,BAPA KANDUNG,PEMANDU LORI,BEKERJA,QL FARMS,2277.48,089912866,0197881904,7,SITI AISA BINTI YUSOF,900219126008,KAD PENGENALAN,IBU KANDUNG,,TIDAK BEKERJA,,0,,0146777419,PRIMA RANGGU,LORONG 13-2/3,TB 801,91000,TAWAU,PENAMPANG,SABAH
561,200801085251,NURUL ARIQAH ARISHA BINTI MOHD RADZI,160615121590,KAD PENGENALAN,15-06-2016,BERSEKOLAH,20-03-2023,20-12-2025,TAHUN EMPAT,KHOIR,,BIASA,PERDANA / AKADEMIK,TIADA BIDANG,MASTURAH BINTI TUDA,PEREMPUAN,MELAYU,ISLAM,WARGANEGARA,MALAYSIA,,,,,,,,,,,,,MOHD RADZI BIN ABDUL RAHIM,931011155071,KAD PENGENALAN,BAPA KANDUNG,PEMBANTU KEDAI,BEKERJA,ZAHARAH BT ZANUDDIN,1000,01161977971,01155094585,4,SUHAENI BINTI MANSOR,860917496440,KAD PENGENALAN,IBU KANDUNG,,TIDAK BEKERJA,,0,,0138567403,,,,,,,
562,211201137999,NURUL ERYNA SYUHADA BINTI MUSLIMIN,160720120282,KAD PENGENALAN,20-07-2016,BERSEKOLAH,09-11-2023,20-12-2025,TAHUN EMPAT,KHOIR,,BIASA,PERDANA / AKADEMIK,TIADA BIDANG,MASTURAH BINTI TUDA,PEREMPUAN,BUGIS,ISLAM,WARGANEGARA,MALAYSIA,,,,,,,,,,,,,,,,,,,,,,,,,,,,,,,,,,,,,,,,
563,211201133196,NURUL MIESYAH ZAHIRA BINTI MOHD FAISAL KASIM,160408121336,KAD PENGENALAN,08-04-2016,BERSEKOLAH,20-03-2023,20-12-2025,TAHUN EMPAT,KHOIR,,BIASA,PERDANA / AKADEMIK,TIADA BIDANG,MASTURAH BINTI TUDA,PEREMPUAN,INDONESIA,ISLAM,WARGANEGARA,MALAYSIA,,,,,,,,,,,,,,,,,,,,,,,,,,,,,,,,,,,,,,,,
564,211201129516,NURUL QHAIRA BINTI HIDAYAT,160118120386,KAD PENGENALAN,18-01-2016,BERSEKOLAH,20-03-2023,20-12-2025,TAHUN EMPAT,KHOIR,,BIASA,PERDANA / AKADEMIK,TIADA BIDANG,MASTURAH BINTI TUDA,PEREMPUAN,BUGIS,ISLAM,WARGANEGARA,MALAYSIA,,,,,,,,,,,,,HAFSA BINTI ARESOK,790425125810,KAD PENGENALAN,IBU KANDUNG,PEMBANTU KILANG,TIDAK BEKERJA,HENG SENG FOOD PRODUCTIONS SDN BHD,1850,,0105217980,7,HIDAYAT BIN MOHAMAD,820106125025,KAD PENGENALAN,BAPA KANDUNG,,TIDAK BEKERJA,,0,,0105217980,KAMPUNG JAWA,KONGSI 10,,91007,TAWAU,PENAMPANG,SABAH
565,231201000717,PUTRI AULIA IZZATUNNISA BINTI MUHAMAD SHAM,161018121060,KAD PENGENALAN,18-10-2016,BERSEKOLAH,20-03-2023,20-12-2025,TAHUN EMPAT,KHOIR,,BIASA,PERDANA / AKADEMIK,TIADA BIDANG,MASTURAH BINTI TUDA,PEREMPUAN,BUGIS,ISLAM,WARGANEGARA,,,,,,,,,,,,,,PARMAWATI BINTI MUSTAPA,850106125604,KAD PENGENALAN,IBU KANDUNG,,TIDAK BEKERJA,,0,,01160770100,1,ABD MANAB BIN MUSTAPA,860803125123,KAD PENGENALAN,BAPA SAUDARA,PENGAWAL KESELAMATAN,BEKERJA,BATARAS HYPERMARKET SDN BHD,1700,089765452,0102289896,"KG RANGGU ,JALAN APAS BATU 8,",JALAN RANGGU,"TAWAU,SABAH",91000,TAWAU,PENAMPANG,SABAH
566,231201009285,PUTRI NUR SAKINAH BINTI ABDULLAH,161108121208,KAD PENGENALAN,08-11-2016,BERSEKOLAH,20-03-2023,20-12-2025,TAHUN EMPAT,KHOIR,,BIASA,PERDANA / AKADEMIK,TIADA BIDANG,MASTURAH BINTI TUDA,PEREMPUAN,BANJAR,ISLAM,WARGANEGARA,,,,,,,,,,,,,,SALBIAH BINTI SOPIANSYAH,870216495292,KAD PENGENALAN,IBU KANDUNG,,,,,,0179272511,2,,,,,,,,,,,,,,,,,
567,211201142075,QATREENNADA SHADERINA BINTI MU'AMMAR,161015120708,KAD PENGENALAN,15-10-2016,BERSEKOLAH,31-03-2026,31-03-2026,TAHUN EMPAT,KHOIR,,BIASA,PERDANA / AKADEMIK,TIADA BIDANG,MASTURAH BINTI TUDA,PEREMPUAN,MELAYU,ISLAM,WARGANEGARA,MALAYSIA,,,,,,,,,,YA (01),,,SITI FATMASITAH BINTI ABD RAHIM,860401125390,KAD PENGENALAN,IBU KANDUNG,PEMBANTU JUALAN,BEKERJA,KEDAI EMAS MURAH,1700,0107581540,0136383145,6,,,,,,,,,,,"BLOK A 3-12, FLAT PPR",TAMAN SRI APAS,BATU 8 JALAN APAS,91000,TAWAU,PENAMPANG,SABAH
568,231201007010,RAFAEL BIN JUNAYAD ISAAC TIZON ABDULLAH @ ERNIE JUN TIZON TUMPAG,160528120573,KAD PENGENALAN,28-05-2016,BERSEKOLAH,17-02-2025,20-12-2025,TAHUN EMPAT,KHOIR,,BIASA,PERDANA / AKADEMIK,TIADA BIDANG,MASTURAH BINTI TUDA,LELAKI,SUNGAI,ISLAM,WARGANEGARA,MALAYSIA,,,,,,,,,,,,,ERNIE JUN TIZON TUMPAG,P8381687,NOMBOR PASPORT,BAPA KANDUNG,JURUTEKNIK PEMOTONGAN WAYAR,TIDAK BEKERJA,CERIA TEKNOLOGI,1800,,0168400097,7,AZIZA BINTI AWANG HARUN,890205126326,KAD PENGENALAN,IBU KANDUNG,,TIDAK BEKERJA,,0,,0198999126,JALAN APAS,BATU 8,LORONG OT MAMANGKU,91000,TAWAU,PENAMPANG,SABAH
569,201201108959,REUEL XAVEIR REY SANTOS,160613120797,KAD PENGENALAN,13-06-2016,BERSEKOLAH,08-06-2026,12-06-2026,TAHUN EMPAT,KHOIR,,BIASA,PERDANA / AKADEMIK,TIADA BIDANG,MASTURAH BINTI TUDA,LELAKI,IBAN ATAU SEA DAYAK,KRISTIAN,WARGANEGARA,MALAYSIA,,,,,,,,,,,,,REY SANTOS,790102125795,KAD PENGENALAN,BAPA KANDUNG,JURUANALISIS JUALAN,BEKERJA,EXCALLENT PALM TECH,1501.45,01115129644,01115129644,3,CHONG LI YEN,880927495212,KAD PENGENALAN,IBU KANDUNG,,,,,,0198709644,,,,,,,
570,231201006809,SAIF ZAKWAN BIN MOHD SALLEH,161207121553,KAD PENGENALAN,07-12-2016,BERSEKOLAH,21-01-2026,21-01-2026,TAHUN EMPAT,KHOIR,,BIASA,PERDANA / AKADEMIK,TIADA BIDANG,MASTURAH BINTI TUDA,LELAKI,BUGIS,ISLAM,WARGANEGARA,MALAYSIA,,,,,,,,,,,,,ZUTY BINTI RASHID,860718495752,KAD PENGENALAN,IBU KANDUNG,GURU,BEKERJA,SMK TITINGAN,8424,089913691,0148613407,2,MOHD SALLEH BIN AMBO,860307125001,KAD PENGENALAN,BAPA KANDUNG,GURU,BEKERJA,SMK KINABUTAN 2,8424.46,08975026,0148613707,"TB 466, LOT 1847,",LRG BSI 5D 4,BANDAR SRI INDAH FASA 5I JLN APAS BT.10,91000,TAWAU,PENAMPANG,SABAH
571,211201129854,SOFIA AZZAHRA BINTI DARMAWANSYAH,160125120480,KAD PENGENALAN,25-01-2016,BERSEKOLAH,20-03-2023,20-12-2025,TAHUN EMPAT,KHOIR,,BIASA,PERDANA / AKADEMIK,TIADA BIDANG,MASTURAH BINTI TUDA,PEREMPUAN,BUGIS,ISLAM,WARGANEGARA,MALAYSIA,,,,,,,,,,,,,DARMAWANSYAH BIN M.ALI,761120125497,KAD PENGENALAN,BAPA KANDUNG,SIAK/NUJA,BEKERJA,MASJID HIDAYAH AL MUSTAQIM,1300,089752938,0115467667,5,DELIA PATERNO,P0741141C,NOMBOR PASPORT,IBU KANDUNG,,TIDAK BEKERJA,,0,,0128314840,"LORONG 3, KAMPUNG CINA RANGGU","BT8, JALAN RANGGU",,91000,TAWAU,PENAMPANG,SABAH
572,231201010324,SYAHMIE ASHRAF BIN SUDIRMAN,160223120337,KAD PENGENALAN,23-02-2016,BERSEKOLAH,20-03-2023,20-12-2025,TAHUN EMPAT,KHOIR,,BIASA,PERDANA / AKADEMIK,TIADA BIDANG,MASTURAH BINTI TUDA,LELAKI,BUGIS,ISLAM,WARGANEGARA,,,,,,,,,,,,,,,,,,,,,,,,,,,,,,,,,,,,,,,,,
573,211201134478,UQASHA QOIDAH BINTI FAIZAL,160506120134,KAD PENGENALAN,06-05-2016,BERSEKOLAH,20-03-2023,20-12-2025,TAHUN EMPAT,KHOIR,,BIASA,PERDANA / AKADEMIK,TIADA BIDANG,MASTURAH BINTI TUDA,PEREMPUAN,KADAZAN,ISLAM,WARGANEGARA,MALAYSIA,,,,,,,,,,,,,HARIATI BINTI HARIYANTO,E7734205,NOMBOR PASPORT,LAIN-LAIN,,TIDAK BEKERJA,,0,,01301136176,3,FAIZAL BIN WILLIE,920211126511,KAD PENGENALAN,BAPA KANDUNG,,TIDAK BEKERJA,,1700,,01136176327,,,,,,,
574,231201009982,AAIRA FIRDANIA BINTI NORMAN,160907010040,KAD PENGENALAN,07-09-2016,BERSEKOLAH,01-12-2024,20-12-2025,TAHUN EMPAT,MUMTAZ,,BIASA,PERDANA / AKADEMIK,TIADA BIDANG,NURUL ANISA BINTI SAPARUDIN,PEREMPUAN,BAJAU,ISLAM,WARGANEGARA,,,,,,,,,,,,,,JURINAH BINTI ANUDDARI,851027126160,KAD PENGENALAN,IBU KANDUNG,JURURAWAT TERLATIH,BEKERJA,KEMENTERIAN KESIHATAN MALAYSIA,5400,089706000,0142735859,6,,,,,,,,,,,"TB 97, LORONG 2",TAMAN PRIMA RANGGU,"JALAN RANGGU, BATU 12",91000,TAWAU,PENAMPANG,SABAH
575,231201009114,ABDUL HAZIQ DANISH BIN HAZRIN,160718120507,KAD PENGENALAN,18-07-2016,BERSEKOLAH,20-03-2023,20-12-2025,TAHUN EMPAT,MUMTAZ,,BIASA,PERDANA / AKADEMIK,TIADA BIDANG,NURUL ANISA BINTI SAPARUDIN,LELAKI,SULUK,ISLAM,WARGANEGARA,,,,,,,,,,,,,,,,,,,,,,,,2,HAZRIN BIN ABD HANIP,850815125463,KAD PENGENALAN,BAPA KANDUNG,KAKITANGAN SWASTA,TIDAK BEKERJA,SAWIT KINABALU LADANG SG BALUNG,3276,,0149990283,,,,,,,
576,231202054215,AMMAR NAUFAL BIN ABDULLAH,15187020,TANPA DOKUMEN,25-05-2016,BERSEKOLAH,09-08-2023,20-12-2025,TAHUN EMPAT,MUMTAZ,,BIASA,PERDANA / AKADEMIK,TIADA BIDANG,NURUL ANISA BINTI SAPARUDIN,LELAKI,TIADA MAKLUMAT,ISLAM,BUKAN WARGANEGARA,MALAYSIA,,,,,,,,,,,,,,,,,,,,,,,,,,,,,,,,,,,,,,,,
577,211201142640,ARIQ DHAFIR BIN JAPAR,161028120125,KAD PENGENALAN,28-10-2016,BERSEKOLAH,11-03-2024,20-12-2025,TAHUN EMPAT,MUMTAZ,,BIASA,PERDANA / AKADEMIK,TIADA BIDANG,NURUL ANISA BINTI SAPARUDIN,LELAKI,BUGIS,ISLAM,WARGANEGARA,MALAYSIA,,,,,,,,,,,,,FAZILLINA BINTI PATLEE,830807125422,KAD PENGENALAN,IBU KANDUNG,PENOLONG AKAUNTAN GRED W,BEKERJA,JABATAN AKAUNTAN NEGARA CAWANGAN TAWAU,4787.55,089775620,0168483494,5,,,,,,,,,,,TAMAN PERWIRA,"LORONG 4, LOT 57",,91000,TAWAU,PENAMPANG,SABAH
578,231201018627,EDRYAN NAUFAL BIN ABD RAHMAN,161106120447,KAD PENGENALAN,06-11-2016,BERSEKOLAH,20-03-2023,20-12-2025,TAHUN EMPAT,MUMTAZ,,BIASA,PERDANA / AKADEMIK,TIADA BIDANG,NURUL ANISA BINTI SAPARUDIN,LELAKI,BUGIS,ISLAM,WARGANEGARA,,,,,,,,,,,,,,NUR IRA SHIRANA BINTI ROMIANSHAH,940711125898,KAD PENGENALAN,IBU KANDUNG,,TIDAK BEKERJA,,0,,0105519071,5,ABD RAHMAN BIN JAFAR,901216126357,KAD PENGENALAN,BAPA KANDUNG,PEMANDU LORI,TIDAK BEKERJA,ULTIMATE RESERVE GROUP,1666.15,,0137789071,E2-15 TAMAN SRI APAS BATU8 JALAN APAS,,,91000,TAWAU,PENAMPANG,SABAH
579,231201014333,HANIFA NAFIA ALMEERA BINTI SYAMSUDDIN,160429120914,KAD PENGENALAN,29-04-2016,BERSEKOLAH,20-03-2023,20-12-2025,TAHUN EMPAT,MUMTAZ,,BIASA,PERDANA / AKADEMIK,TIADA BIDANG,NURUL ANISA BINTI SAPARUDIN,PEREMPUAN,BUGIS,ISLAM,WARGANEGARA,,,,,,,,,,,,,,,,,,,,,,,,4,JUMILAH BINTI BUYADI,870731495094,KAD PENGENALAN,IBU KANDUNG,,TIDAK BEKERJA,,1000,,01151528286,,,,,,,
580,231201014474,IZZATI AZ ZAHRAH BINTI MAHMUD,160408120296,KAD PENGENALAN,08-04-2016,BERSEKOLAH,20-03-2023,20-12-2025,TAHUN EMPAT,MUMTAZ,,BIASA,PERDANA / AKADEMIK,TIADA BIDANG,NURUL ANISA BINTI SAPARUDIN,PEREMPUAN,BUGIS,ISLAM,WARGANEGARA,,,,,,,,,,,,,,MAHMUD BIN MAMMA,851227126325,KAD PENGENALAN,BAPA KANDUNG,,TIDAK BEKERJA,,2000,,0143496704,2,,,,,,,,,,,RESIDENSI PRIMA RANGGU LORONG 13/3 TB 94,,,91000,TAWAU,PENAMPANG,SABAH
581,231201008751,KEE MOHAMMAD NOR AZZAFIQ KEE ABDUL ROMZI,161016120101,KAD PENGENALAN,16-10-2016,BERSEKOLAH,20-03-2023,20-12-2025,TAHUN EMPAT,MUMTAZ,,BIASA,PERDANA / AKADEMIK,TIADA BIDANG,NURUL ANISA BINTI SAPARUDIN,LELAKI,MELAYU,ISLAM,WARGANEGARA,,,,,,,,,,,,,,SHARIPAH NORITA BINTI SYED USMAN,861102125520,KAD PENGENALAN,IBU KANDUNG,,TIDAK BEKERJA,,500,,0147376624,4,,,,,,,,,,,TAMAN DESA RANGGU LORONG 3 NO34,,,91000,TAWAU,PENAMPANG,SABAH
582,231201017842,MOHAMAD MIKHAIL BIN MOHD MUSA,160409121135,KAD PENGENALAN,09-04-2016,BERSEKOLAH,30-06-2025,20-12-2025,TAHUN EMPAT,MUMTAZ,,BIASA,PERDANA / AKADEMIK,TIADA BIDANG,NURUL ANISA BINTI SAPARUDIN,LELAKI,FILIPINO,ISLAM,WARGANEGARA,,,,,,,,,,,,,,MOHD MUSA BIN VICINTE,810707126569,KAD PENGENALAN,BAPA KANDUNG,BEKERJA SENDIRI,BEKERJA,TIADA,1000,01162252504,01162252504,3,,,,,,,,,,,KAMPUNG RANGGU,BT 9,LORONG BERKAT,91000,TAWAU,PENAMPANG,SABAH
583,231201023871,MOHAMAD ZHARIFF RYYAN BIN MOHAMAD HALIM ANNUAR,160228120037,KAD PENGENALAN,28-02-2016,BERSEKOLAH,20-03-2023,20-12-2025,TAHUN EMPAT,MUMTAZ,,BIASA,PERDANA / AKADEMIK,TIADA BIDANG,NURUL ANISA BINTI SAPARUDIN,LELAKI,MELAYU,ISLAM,WARGANEGARA,,,,,,,,,,,,,,,,,,,,,,,,4,SAIMAH BINTI TAHIR,830613125504,KAD PENGENALAN,IBU KANDUNG,JURURAWAT,BEKERJA,KEMENTERIAN KESIHATAN MALAYSIA,3987.58,089773533,,,,,,,,
584,241202370096,MOHAMMAD FIKRI IZZ,15759606,TANPA DOKUMEN,26-04-2016,BERSEKOLAH,07-11-2024,15-06-2026,TAHUN EMPAT,MUMTAZ,,BIASA,PERDANA / AKADEMIK,TIADA BIDANG,NURUL ANISA BINTI SAPARUDIN,LELAKI,TIADA MAKLUMAT,ISLAM,BUKAN WARGANEGARA,PHILIPPINES,,,,,,,,,,,,,,,,,,,,,,,,,,,,,,,,,,,,,,,,
585,231202042634,MUHAMMAD FURQAN NAWFAL BIN ABDULLAH,160711121187,KAD PENGENALAN,11-07-2016,BERSEKOLAH,03-08-2023,20-12-2025,TAHUN EMPAT,MUMTAZ,,BIASA,PERDANA / AKADEMIK,TIADA BIDANG,NURUL ANISA BINTI SAPARUDIN,LELAKI,MURUT,ISLAM,WARGANEGARA,,,,,,,,,,,,,,NORLIANA BINTI ANTOK,C9613812,NOMBOR PASPORT,KELUARGA ANGKAT,BEKERJA SENDIRI,BEKERJA,NORLIANA BINTI ANTOK,1000,0194311383,0194311383,2,DAYANG ASINAH MOHD ADLI,900106125308,KAD PENGENALAN,IBU KANDUNG,,TIDAK BEKERJA,,900,,01151671383,,,,,,,
586,231201005738,MUHAMMAD IMAN NAUFAL BIN IWAN,160527120483,KAD PENGENALAN,27-05-2016,BERSEKOLAH,20-03-2023,20-12-2025,TAHUN EMPAT,MUMTAZ,,BIASA,PERDANA / AKADEMIK,TIADA BIDANG,NURUL ANISA BINTI SAPARUDIN,LELAKI,BUGIS,ISLAM,WARGANEGARA,,,,,,,,,,,,,,RABANIAH BINTI SUDIRMAN,970611126284,KAD PENGENALAN,LAIN-LAIN,KAKITANGAN SWASTA,BEKERJA,LIM ENG KIONG,1500,0198333336,0196066284,5,IWAN BIN HERMAN,E6816294,NOMBOR PASPORT,SUAMI,,,,,,0143730483,BATU 8 JALAN KAMPUNG RANGGU,,,91000,TAWAU,PENAMPANG,SABAH
587,231201002405,MUHAMMAD QAYYUM BIN ABDULLAH,160331121601,KAD PENGENALAN,31-03-2016,BERSEKOLAH,20-03-2023,20-12-2025,TAHUN EMPAT,MUMTAZ,,BIASA,PERDANA / AKADEMIK,TIADA BIDANG,NURUL ANISA BINTI SAPARUDIN,LELAKI,BRUNEI,ISLAM,WARGANEGARA,,,,,,,,,,,,,,,,,,,,,,,,3,NURFARAHIN BINTI BAHAREN,950118125618,KAD PENGENALAN,IBU KANDUNG,PEMBANTU JUALAN,TIDAK BEKERJA,TAWAU,1000,,0109648202,"DEPAN SEKOLAH CINA HING HWA,SIX STARS","STEAMBOAT,JALAN SIN ONN,91000 TAWAU",,91000,TAWAU,PENAMPANG,SABAH
588,221201118207,MUHAMMAD QAZZEM BIN GASPAL,160105121291,KAD PENGENALAN,05-01-2016,BERSEKOLAH,20-03-2023,20-12-2025,TAHUN EMPAT,MUMTAZ,,BIASA,PERDANA / AKADEMIK,TIADA BIDANG,NURUL ANISA BINTI SAPARUDIN,LELAKI,BANJAR,ISLAM,WARGANEGARA,MALAYSIA,,,,,,,,,,,,,ADLINA BINTI ABDULLAH,820124125328,KAD PENGENALAN,IBU KANDUNG,,TIDAK BEKERJA,,1000,,01125264402,2,,,,,,,,,,,F1-17 TAMAN SRI APAS BATU 8,JALAN APAS TAWAU,,91000,TAWAU,PENAMPANG,SABAH
589,231201003615,MUHAMMAD SYARIF BIN ISMAIL,161012120913,KAD PENGENALAN,12-10-2016,BERSEKOLAH,20-03-2023,20-12-2025,TAHUN EMPAT,MUMTAZ,,BIASA,PERDANA / AKADEMIK,TIADA BIDANG,NURUL ANISA BINTI SAPARUDIN,LELAKI,BUGIS,ISLAM,WARGANEGARA,,,,,,,,,,,,,,NORSIA BINTI SEMMANG,830728126494,KAD PENGENALAN,IBU KANDUNG,,TIDAK BEKERJA,,1000,,0165658711,4,,,,,,,,,,,KAMPUNG RANGGU BATU 9 JALAN APAS,,,91000,TAWAU,PENAMPANG,SABAH
590,231201008060,MUHAMMAD TAUFIQ BIN MOHD ZAMBRI KHUMAIDI,160107120313,KAD PENGENALAN,07-01-2016,BERSEKOLAH,20-03-2023,20-12-2025,TAHUN EMPAT,MUMTAZ,,BIASA,PERDANA / AKADEMIK,TIADA BIDANG,NURUL ANISA BINTI SAPARUDIN,LELAKI,BUGIS,ISLAM,WARGANEGARA,,,,,,,,,,,,,,MOHD ZAMBRI KHUMAIDI BIN KAMASE,931020126221,KAD PENGENALAN,BAPA KANDUNG,,TIDAK BEKERJA,,1100,,0138177476,1,,,,,,,,,,,,,,,,,
591,231201013181,MUHAMMAD WAZIF AIMIN BIN KAMALUDDIN @ MOHD YASMIN,161020121887,KAD PENGENALAN,20-10-2016,BERSEKOLAH,20-03-2023,20-12-2025,TAHUN EMPAT,MUMTAZ,,BIASA,PERDANA / AKADEMIK,TIADA BIDANG,NURUL ANISA BINTI SAPARUDIN,LELAKI,BUGIS,ISLAM,WARGANEGARA,,,,,,,,,,,,,,KAMALUDDIN @ MOHD YASMIN BIN MUHEIN,780726125735,KAD PENGENALAN,BAPA KANDUNG,KERANI INSURANS,BEKERJA,ZURICH INSURANS,0,0134045380,0134045380,4,HAMIDA BINTI DEMON,801204125578,KAD PENGENALAN,IBU KANDUNG,,TIDAK BEKERJA,,10338.89,,0135448327,,,,,,,
592,231201002258,MUHAMMAD ZIQRY QHUZAIRY BIN SAINUDDIN,160727120357,KAD PENGENALAN,27-07-2016,BERSEKOLAH,20-03-2023,20-12-2025,TAHUN EMPAT,MUMTAZ,,BIASA,PERDANA / AKADEMIK,TIADA BIDANG,NURUL ANISA BINTI SAPARUDIN,LELAKI,BUGIS,ISLAM,WARGANEGARA,MALAYSIA,,,,,,,,,,,,,SAINUDDIN BIN SALAMIN,871017495411,KAD PENGENALAN,BAPA KANDUNG,BEKERJA SENDIRI,BEKERJA,PERMATA HATI ENTERPRISE,5000,0135325748,0135325748,3,ROSITA BINTI RABBI,910721126328,KAD PENGENALAN,IBU KANDUNG,,,,,,0193760432,"TAMAN DESA RANGGU , LORONG 2 LOT 23 ,",BATU 9 JALAN RANGGU,,91000,TAWAU,PENAMPANG,SABAH
593,231201011207,MUHAMMAD ZUBAIR RIFA'I BIN JAMIDI,160816120711,KAD PENGENALAN,16-08-2016,BERSEKOLAH,20-03-2023,20-12-2025,TAHUN EMPAT,MUMTAZ,,BIASA,PERDANA / AKADEMIK,TIADA BIDANG,NURUL ANISA BINTI SAPARUDIN,LELAKI,BAJAU,ISLAM,WARGANEGARA,,,,,,,,,,,,,,JAMIDI BIN MUADIS,860420125097,KAD PENGENALAN,BAPA KANDUNG,PEMANDU BAS,BEKERJA,MILIK SENDIRI,1500,01136252567,01136252567,10,IRMAWATI BINTI ABDUL GANI,850625125518,KAD PENGENALAN,IBU KANDUNG,GURU BAHASA GRED DG,BEKERJA,SMK KONVEN ST URSULA,9170.31,089772090,01110532506,"TB246 LORONG SAUJANA,",TAMAN RANGGU SAUJANA,,91000,TAWAU,PENAMPANG,SABAH
594,211201140068,NADZLY NAFEEZ BIN ABDULLAH,160903121667,KAD PENGENALAN,03-09-2016,BERSEKOLAH,20-03-2023,20-12-2025,TAHUN EMPAT,MUMTAZ,,BIASA,PERDANA / AKADEMIK,TIADA BIDANG,NURUL ANISA BINTI SAPARUDIN,LELAKI,TIDUNG,ISLAM,WARGANEGARA,MALAYSIA,,,,,,,,,,,,,NUR LAILI BINTI HIRMANSAH,011229121032,KAD PENGENALAN,IBU KANDUNG,BEKERJA SENDIRI,BEKERJA,NUR LAILI BINTI HIRMANSAH,1200,0198094945,0195973412,3,,,,,,,,,,,,,,,,,
595,211201137277,NORADHANIA DOUGHTY BINTI ABDULLAH,160704121410,KAD PENGENALAN,04-07-2016,BERSEKOLAH,20-03-2023,20-12-2025,TAHUN EMPAT,MUMTAZ,,BIASA,PERDANA / AKADEMIK,TIADA BIDANG,NURUL ANISA BINTI SAPARUDIN,PEREMPUAN,SULUK,ISLAM,WARGANEGARA,MALAYSIA,,,,,,,,,,,,,NORAFAZIRAH BINTI RAHMAN,950105125918,KAD PENGENALAN,IBU KANDUNG,,TIDAK BEKERJA,,0,,01151397440,2,MOHD NIEL ILHAM DOUGHTY,920712125365,KAD PENGENALAN,BAPA KANDUNG,PENGAWAL KESELAMATAN,BEKERJA,WIJAYA KESELAMATAN SDN BHD,1200,089777722,0165078916,KAMPUNG RANGGU BT 10,"JLN RANCANGAN TAWAU , SABAH",,91007,TAWAU,PENAMPANG,SABAH
596,211201138136,NUR AAIRA SOFIA BINTI MOHAMMAD SOFIAN,160723120480,KAD PENGENALAN,23-07-2016,BERSEKOLAH,20-03-2023,20-12-2025,TAHUN EMPAT,MUMTAZ,,BIASA,PERDANA / AKADEMIK,TIADA BIDANG,NURUL ANISA BINTI SAPARUDIN,PEREMPUAN,BUGIS,ISLAM,WARGANEGARA,MALAYSIA,,,,,,,,,,,,,MOHAMMAD SOFIAN BIN MUSA,890604125347,KAD PENGENALAN,BAPA KANDUNG,,TIDAK BEKERJA,,1200,,0138668245,4,JULIANA BINTI KAMISI,E9658015,NOMBOR PASPORT,IBU KANDUNG,,TIDAK BEKERJA,,0,,0138995346,BLOK E E3-19,TAMAN SRI APAS,BT8 JALAN APAS,91000,TAWAU,PENAMPANG,SABAH
597,231201019180,NUR AN NAIELAH AQIEFAH BINTI MUHD RIDZUAN,161023130666,KAD PENGENALAN,23-10-2016,BERSEKOLAH,20-03-2023,20-12-2025,TAHUN EMPAT,MUMTAZ,,BIASA,PERDANA / AKADEMIK,TIADA BIDANG,NURUL ANISA BINTI SAPARUDIN,PEREMPUAN,BUTON,ISLAM,WARGANEGARA,,,,,,,,,,,,,,MUHD RIDZUAN BIN DAMING,861125495073,KAD PENGENALAN,BAPA KANDUNG,,TIDAK BEKERJA,,5056.17,,0138163602,5,LOSIH BINTI AHMAT,840930125398,KAD PENGENALAN,IBU KANDUNG,,TIDAK BEKERJA,,0,,0138549915,"NO.44, LORONG 2, TAMAN ALAMANDA,","JALAN APAS RANGGU,",,91000,TAWAU,PENAMPANG,SABAH
598,231201017754,NUR ARISSA AMANINA BINTI HAMKA,160220120104,KAD PENGENALAN,20-02-2016,BERSEKOLAH,20-03-2023,20-12-2025,TAHUN EMPAT,MUMTAZ,,BIASA,PERDANA / AKADEMIK,TIADA BIDANG,NURUL ANISA BINTI SAPARUDIN,PEREMPUAN,BUGIS,ISLAM,WARGANEGARA,,,,,,,,,,,,,,ASNIAR BINTI ABDUL RAHMAN,850621125254,KAD PENGENALAN,IBU KANDUNG,JURURAWAT,BEKERJA,KEMENTERIAN KESIHATAN MALAYSIA,5000,0198002640,0198002640,4,,,,,,,,,,,TB13325 JALAN 2,BANDAR SRI INDAH,BATU 10 JALAN APAS,91000,TAWAU,PENAMPANG,SABAH
599,221201118775,NUR LIYANA BINTI ABDILLAH,160228120598,KAD PENGENALAN,28-02-2016,BERSEKOLAH,17-08-2026,13-08-2026,TAHUN EMPAT,MUMTAZ,,BIASA,PERDANA / AKADEMIK,TIADA BIDANG,NURUL ANISA BINTI SAPARUDIN,PEREMPUAN,BUGIS,ISLAM,WARGANEGARA,MALAYSIA,,,,,,,,,,,,,ABDILLAH BIN MOHD SALLEH,910728126291,KAD PENGENALAN,BAPA KANDUNG,PEMBANTU KESIHATAN AWAM GRED U,BEKERJA,KEMENTERIAN  KESIHATAN  MALAYSIA,3484.8,089851733,0186630807,1,,,,,,,,,,,KUATERS KESIHATAN,"BLOK A , NO A-5-1,","JALAN SAPANG , PEKAN KUNAK",91207,KUNAK,BELURAN,SABAH
600,231201018643,NUR QURRATU FATEHAH BINTI MOHAMAD FARIZAN,160629121276,KAD PENGENALAN,29-06-2016,BERSEKOLAH,11-03-2024,20-12-2025,TAHUN EMPAT,MUMTAZ,,BIASA,PERDANA / AKADEMIK,TIADA BIDANG,NURUL ANISA BINTI SAPARUDIN,PEREMPUAN,JAWA,ISLAM,WARGANEGARA,,,,,,,,,,,,,,,,,,,,,,,,5,MOHAMAD FARIZAN BIN SUPARMAN,860513125109,KAD PENGENALAN,BAPA KANDUNG,,TIDAK BEKERJA,,1200,,01131527003,,,,,,,
601,231201019218,NURSYAZATUL ADINDA BINTI ASIS,161205120776,KAD PENGENALAN,05-12-2016,BERSEKOLAH,20-03-2023,20-12-2025,TAHUN EMPAT,MUMTAZ,,BIASA,PERDANA / AKADEMIK,TIADA BIDANG,NURUL ANISA BINTI SAPARUDIN,PEREMPUAN,BUGIS,ISLAM,WARGANEGARA,,,,,,,,,,,,,,,,,,,,,,,,,,,,,,,,,,,,,,,,,
602,231201017549,PUTRA DANISH BIN MUFAZI,161213120733,KAD PENGENALAN,13-12-2016,BERSEKOLAH,11-01-2026,11-01-2026,TAHUN EMPAT,MUMTAZ,,BIASA,PERDANA / AKADEMIK,TIADA BIDANG,NURUL ANISA BINTI SAPARUDIN,LELAKI,BUTON,ISLAM,WARGANEGARA,,,,,,,,,,,,,,MUFAZI BIN NANDI,820420125699,KAD PENGENALAN,BAPA KANDUNG,,TIDAK BEKERJA,,1000,,01157809261,3,,,,,,,,,,,,,,,,,
603,231201023870,RAIQA MAHDIYATU SYAUQIYA BINTI RAMSAH,160510120022,KAD PENGENALAN,10-05-2016,BERSEKOLAH,20-03-2023,20-12-2025,TAHUN EMPAT,MUMTAZ,,BIASA,PERDANA / AKADEMIK,TIADA BIDANG,NURUL ANISA BINTI SAPARUDIN,PEREMPUAN,BUGIS,ISLAM,WARGANEGARA,,,,,,,,,,,,,,MEILANIE MAHARDHIKA BINTI YUDIE,890505125528,KAD PENGENALAN,IBU KANDUNG,BEKERJA SENDIRI,,MEILANIE,1000,01126095528,01126095528,4,,,,,,,,,,,,,,,,,
604,231201012771,RAISHA AMIRAH BINTI RUSLAN,161124060708,KAD PENGENALAN,24-11-2016,BERSEKOLAH,20-03-2023,20-12-2025,TAHUN EMPAT,MUMTAZ,,BIASA,PERDANA / AKADEMIK,TIADA BIDANG,NURUL ANISA BINTI SAPARUDIN,PEREMPUAN,BUGIS,ISLAM,WARGANEGARA,,,,,,,,,,,,,,RUSLAN BIN ROLON,820412125031,KAD PENGENALAN,BAPA KANDUNG,GURU PENDIDIKAN MENENGAH,BEKERJA,PENGETUA,9400.07,010772609,0122266979,4,ASRIANI BINTI BOJOK,911229155084,KAD PENGENALAN,IBU KANDUNG,,TIDAK BEKERJA,,0,,0105516979,TB508,LORONG 2,TAMAN RANGGU SAUJANA,91000,TAWAU,PENAMPANG,SABAH
605,211201137423,SHAZWI NURFITRIYANI BINTI AZMAN,160708120722,KAD PENGENALAN,08-07-2016,BERSEKOLAH,20-03-2023,20-12-2025,TAHUN EMPAT,MUMTAZ,,BIASA,PERDANA / AKADEMIK,TIADA BIDANG,NURUL ANISA BINTI SAPARUDIN,PEREMPUAN,MELAYU,ISLAM,WARGANEGARA,MALAYSIA,,,,,,,,,,,,,AZMAN BIN ISMAIL,780211126165,KAD PENGENALAN,BAPA KANDUNG,PEKERJA AM,TIDAK BEKERJA,WULLERSDORF RESOURCES SDN. BHD.,1950,,0195807726,5,AISYAH BINTI ABIR,760504125918,KAD PENGENALAN,IBU KANDUNG,,TIDAK BEKERJA,,0,,0138540750,KAMPUNG RANGGU BATU 10,LORONG TADIKA KEMAS,,91000,TAWAU,PENAMPANG,SABAH
606,211201133686,SITI AZALIA KHAIRA BINTI AZHAR,160418120724,KAD PENGENALAN,18-04-2016,BERSEKOLAH,20-03-2023,20-12-2025,TAHUN EMPAT,MUMTAZ,,BIASA,PERDANA / AKADEMIK,TIADA BIDANG,NURUL ANISA BINTI SAPARUDIN,PEREMPUAN,BUGIS,ISLAM,WARGANEGARA,MALAYSIA,,,,,,,,,,,,,SITI KHIARIAH BINTI MASA,890425125368,KAD PENGENALAN,LAIN-LAIN,,,,,,0178941807,2,AZHAR BIN AHMAD,890922125457,KAD PENGENALAN,BAPA KANDUNG,BEKERJA SENDIRI,,JDM COURIER ENTERPRISE,1500,0128434651,0128434651,,,,,,,
607,231201013634,SITI KHAIRIYANI BINTI AZIDI,161218120388,KAD PENGENALAN,18-12-2016,BERSEKOLAH,20-03-2023,20-12-2025,TAHUN EMPAT,MUMTAZ,,BIASA,PERDANA / AKADEMIK,TIADA BIDANG,NURUL ANISA BINTI SAPARUDIN,PEREMPUAN,TIDUNG,ISLAM,WARGANEGARA,,,,,,,,,,,,,,AZIDI BIN EMBRAN,871119495447,KAD PENGENALAN,BAPA KANDUNG,,TIDAK BEKERJA,,4800,,0198330245,4,NURSAFILAH BINTI ISMAIL,921221125680,KAD PENGENALAN,IBU KANDUNG,,TIDAK BEKERJA,,0,,0198330245,"TB 20077,LOT E 01 03",APARTMENT VILLA SRI INDAH FASA 2,JALAN APAS BATU 10,91000,TAWAU,PENAMPANG,SABAH
608,241201361169,UMAIRAH BINTI UNDING,161229120412,KAD PENGENALAN,29-12-2016,BERSEKOLAH,30-09-2024,20-12-2025,TAHUN EMPAT,MUMTAZ,,BIASA,PERDANA / AKADEMIK,TIADA BIDANG,NURUL ANISA BINTI SAPARUDIN,PEREMPUAN,BUGIS,ISLAM,WARGANEGARA,MALAYSIA,,,,,,,,,,,,,UNDING BIN SARRA,640716125091,KAD PENGENALAN,BAPA KANDUNG,BURUH LADANG,BEKERJA,TIADA,900,0162513232,0162513232,1,,,,,,,,,,,,,,,,,
609,221201033523,ALEESYA DANIA BINTI ARAPA,150528120232,KAD PENGENALAN,28-05-2015,BERSEKOLAH,21-03-2022,20-12-2025,TAHUN LIMA,ILTIZAM,,BIASA,PERDANA / AKADEMIK,TIADA BIDANG,WAN MUHAMAD YUSUF BIN WAN ABDUL AZIZ,PEREMPUAN,BUGIS,ISLAM,WARGANEGARA,MALAYSIA,,,,,,,,,,,,,ARAPA BIN TILIP,900915125797,KAD PENGENALAN,BAPA KANDUNG,BURUH BINAAN (MINYAK DAN GAS),TIDAK BEKERJA,DELEUM OILFIELD SERVICES,3000,,0147839273,2,,,,,,,,,,,"KAMPUNG TANJUNG BATU LAUT, PETI SURAT","61024,91000 TAWAU",SABAH,91000,TAWAU,PENAMPANG,SABAH
610,221201033524,AMRIN HUZAIFAH BIN JAMALUDDIN,151101120895,KAD PENGENALAN,01-11-2015,BERSEKOLAH,21-03-2022,20-12-2025,TAHUN LIMA,ILTIZAM,,BIASA,PERDANA / AKADEMIK,TIADA BIDANG,WAN MUHAMAD YUSUF BIN WAN ABDUL AZIZ,LELAKI,BUGIS,ISLAM,WARGANEGARA,MALAYSIA,,,,,,,,,,,,,JAMALUDDIN BIN NORDIN,761216125459,KAD PENGENALAN,BAPA KANDUNG,BURUH PENGGALIAN,BEKERJA,WULLERSDORF RESOURCES,1950,0102889332,0169518717,6,SUMARNIH DARISE,E2946663,NOMBOR PASPORT,IBU KANDUNG,,TIDAK BEKERJA,,0,,01116533187,KG RANGGU,LORONG SERANG GREAT,BATU 10,91010,TAWAU,PENAMPANG,SABAH
611,221201109116,ARIANA RAYHANA BINTI RAMLIE,151231120404,KAD PENGENALAN,31-12-2015,BERSEKOLAH,11-03-2024,20-12-2025,TAHUN LIMA,ILTIZAM,,BIASA,PERDANA / AKADEMIK,TIADA BIDANG,WAN MUHAMAD YUSUF BIN WAN ABDUL AZIZ,PEREMPUAN,BUGIS,ISLAM,WARGANEGARA,MALAYSIA,,,,,,,,,,,,,RAMLIE BIN SYAHRI,860719495543,KAD PENGENALAN,BAPA KANDUNG,KETUA PENYELIA,BEKERJA,LANCAR GAYA SDN BHD,2000,01131757900,0145537558,3,EMILIA BINTI NURDIN,880518495254,KAD PENGENALAN,IBU KANDUNG,,TIDAK BEKERJA,,0,,0178994735,BATU 8 JALAN HAMZA,"LORONG NO,4",TAWAU SABAH,91000,TAWAU,PENAMPANG,SABAH
612,221201033478,AS SYIFAH NURUZZAWANY BINTI ABDULLAH,150424121812,KAD PENGENALAN,24-04-2015,BERSEKOLAH,25-06-2026,25-06-2026,TAHUN LIMA,ILTIZAM,,BIASA,PERDANA / AKADEMIK,TIADA BIDANG,WAN MUHAMAD YUSUF BIN WAN ABDUL AZIZ,PEREMPUAN,SULUK,ISLAM,WARGANEGARA,MALAYSIA,,,,,,,,,,,,,MUHAMMAD NAZWAN BIN SHARUDDIN,961110125879,KAD PENGENALAN,LAIN-LAIN,TUKANG CAT DAN HIAS,BEKERJA,NOVATECH,1500,0199941059,01151437297,3,NURUL AIN BINTI AHMAD SAFRI,971215126260,KAD PENGENALAN,IBU KANDUNG,,TIDAK BEKERJA,,0,,,TG BATU TENGAH,TAWAU SABAH,,91000,TAWAU,PENAMPANG,SABAH
613,221201111363,ELMY RIDANISH HARIS BIN JAIMI,150601120707,KAD PENGENALAN,01-06-2015,BERSEKOLAH,29-03-2022,20-12-2025,TAHUN LIMA,ILTIZAM,,BIASA,PERDANA / AKADEMIK,TIADA BIDANG,WAN MUHAMAD YUSUF BIN WAN ABDUL AZIZ,LELAKI,BUGIS,ISLAM,WARGANEGARA,MALAYSIA,,,,,,,,,,,,,,,,,,,,,,,,,,,,,,,,,,,,,,,,
614,221201034195,FATIHAH NURZULAIKHA BINTI AZMAN,150814120356,KAD PENGENALAN,14-08-2015,BERSEKOLAH,21-03-2022,20-12-2025,TAHUN LIMA,ILTIZAM,,BIASA,PERDANA / AKADEMIK,TIADA BIDANG,WAN MUHAMAD YUSUF BIN WAN ABDUL AZIZ,PEREMPUAN,BUGIS,ISLAM,WARGANEGARA,MALAYSIA,,,,,,,,,,,,,LIZAWATY BINTI ABDULLAH,860823496036,KAD PENGENALAN,IBU KANDUNG,,TIDAK BEKERJA,,0,,0198102623,3,AZMAN BIN ABD ASIS,780302125029,KAD PENGENALAN,BAPA KANDUNG,"KERANI DOKUMEN, OPERASI LOGISTIK HALAL",TIDAK BEKERJA,FELDA VEGETABLE OIL PRODUCT SDN BHD,3500,,0198232750,,,,,,,
615,221201034196,HANNAH SYIFA BINTI SUHARMAN,151017121350,KAD PENGENALAN,17-10-2015,BERSEKOLAH,21-03-2022,20-12-2025,TAHUN LIMA,ILTIZAM,,BIASA,PERDANA / AKADEMIK,TIADA BIDANG,WAN MUHAMAD YUSUF BIN WAN ABDUL AZIZ,PEREMPUAN,BUGIS,ISLAM,WARGANEGARA,MALAYSIA,,,,,,,,,,,,,,,,,,,,,,,,,,,,,,,,,,,,,,,,
616,221201096319,HULYATUL AULIYAH BINTI NURDIN,150428120876,KAD PENGENALAN,28-04-2015,BERSEKOLAH,21-03-2022,20-12-2025,TAHUN LIMA,ILTIZAM,,BIASA,PERDANA / AKADEMIK,TIADA BIDANG,WAN MUHAMAD YUSUF BIN WAN ABDUL AZIZ,PEREMPUAN,BRUNEI,ISLAM,WARGANEGARA,MALAYSIA,,,,,,,,,,,,,NURDIN BIN SADJU,711210125575,KAD PENGENALAN,BAPA KANDUNG,,TIDAK BEKERJA,,1200,,0135430370,5,SURIYANI BINTI OMAR,820506125032,KAD PENGENALAN,IBU KANDUNG,,TIDAK BEKERJA,,0,,0135430307,KG. RANGGU BATU 10,JALAN APAS TAWAU,SABAH,91000,TAWAU,PENAMPANG,SABAH
617,211201128001,MOHAMMAD IKHWAN TARMIZI,150327121343,KAD PENGENALAN,27-03-2015,BERSEKOLAH,25-03-2024,20-12-2025,TAHUN LIMA,ILTIZAM,,BIASA,PERDANA / AKADEMIK,TIADA BIDANG,WAN MUHAMAD YUSUF BIN WAN ABDUL AZIZ,LELAKI,BAJAU,ISLAM,WARGANEGARA,MALAYSIA,,,,,,,,,,,,,SUFIANA BINTI AFENDI,990426126360,KAD PENGENALAN,IBU SAUDARA,,TIDAK BEKERJA,,700,,01172679020,1,MOH AZRHWAN BIN MUHAMMAD RANUNG,000603122139,KAD PENGENALAN,BAPA SAUDARA,,TIDAK BEKERJA,,200,,01125800412,KAMPUNG RANGGU,"BATU 9, JALAN APAS",PETI SURAT 842,91008,TAWAU,PENAMPANG,SABAH
618,221201096331,MUHAMMAD ADAM DANIAL BIN LASATTU,150720120291,KAD PENGENALAN,20-07-2015,BERSEKOLAH,21-03-2022,20-12-2025,TAHUN LIMA,ILTIZAM,,BIASA,PERDANA / AKADEMIK,TIADA BIDANG,WAN MUHAMAD YUSUF BIN WAN ABDUL AZIZ,LELAKI,BUGIS,ISLAM,WARGANEGARA,MALAYSIA,,,,,,,,,,,,,LASATTU BIN LAMANTE,720923125131,KAD PENGENALAN,BAPA KANDUNG,PENYELIA,TIDAK BEKERJA,HAMKA & BRO PLANTATION,2000,,0109538153,6,NURSIA BINTI KADIR,771228125332,KAD PENGENALAN,IBU KANDUNG,,TIDAK BEKERJA,,0,,0109771289,KG RANGGU BATU 9,LORONG HAJI KADIR,,91000,TAWAU,PENAMPANG,SABAH
619,221201096332,MUHAMMAD ADAM MIKAEL BIN MOHAMMAD NAZRIN,150524120139,KAD PENGENALAN,24-05-2015,BERSEKOLAH,03-08-2023,20-12-2025,TAHUN LIMA,ILTIZAM,,BIASA,PERDANA / AKADEMIK,TIADA BIDANG,WAN MUHAMAD YUSUF BIN WAN ABDUL AZIZ,LELAKI,MELAYU,ISLAM,WARGANEGARA,MALAYSIA,,,,,,,,,,,,,MOHAMMAD NAZRIN BIN RUHELYU,930124125835,KAD PENGENALAN,BAPA KANDUNG,OPERATOR PENGELUARAN,BEKERJA,SFJ BEAUTY SDN BHD,1295.97,0133122149,0133122149,2,AYU LESTARI BINTI SAMLAWI,930723126434,KAD PENGENALAN,IBU KANDUNG,PEGAWAI IMIGRESEN GRED KP,BEKERJA,KEMENTERIAN DALAM NEGERI,2500,089755540,0148591680,TB 438,LORONG 9 1/2,PRIMA RANGGU TAWAU,91000,TAWAU,PENAMPANG,SABAH
620,221201096333,MUHAMMAD ADEEB HANIF BIN LAHADU,150904121125,KAD PENGENALAN,04-09-2015,BERSEKOLAH,21-03-2022,20-12-2025,TAHUN LIMA,ILTIZAM,,BIASA,PERDANA / AKADEMIK,TIADA BIDANG,WAN MUHAMAD YUSUF BIN WAN ABDUL AZIZ,LELAKI,BUGIS,ISLAM,WARGANEGARA,MALAYSIA,,,,,,,,,,,,,LAHADU BIN SALENG,690606125467,KAD PENGENALAN,BAPA KANDUNG,BEKERJA SENDIRI,TIDAK BEKERJA,-,1500,,0138931807,6,MARWALI BINTI DISING,750513125814,KAD PENGENALAN,IBU KANDUNG,,TIDAK BEKERJA,,0,,01153937985,KAMPUNG RANGGU BATU 10,JALAN RANGGU,,91008,TAWAU,PENAMPANG,SABAH
621,211201128042,MUHAMMAD AIMANSHAH BIN ISHAK,150415120949,KAD PENGENALAN,15-04-2015,BERSEKOLAH,13-06-2022,20-12-2025,TAHUN LIMA,ILTIZAM,,BIASA,PERDANA / AKADEMIK,TIADA BIDANG,WAN MUHAMAD YUSUF BIN WAN ABDUL AZIZ,LELAKI,BUGIS,ISLAM,WARGANEGARA,MALAYSIA,,,,,,,,,,,,,,,,,,,,,,,,,,,,,,,,,,,,,,,,
622,221201040850,MUHAMMAD AZROY AZMI BIN RAZIFF AZMI,150429120835,KAD PENGENALAN,29-04-2015,BERSEKOLAH,19-04-2024,20-12-2025,TAHUN LIMA,ILTIZAM,,BIASA,PERDANA / AKADEMIK,TIADA BIDANG,WAN MUHAMAD YUSUF BIN WAN ABDUL AZIZ,LELAKI,BANJAR,ISLAM,WARGANEGARA,MALAYSIA,,,,,,,,,,,,,RAZIFF AZMI BIN SAPAR,870407125585,KAD PENGENALAN,BAPA KANDUNG,,TIDAK BEKERJA,,100,,0105201691,4,NORILHODA BINTI ANDON,850719125690,KAD PENGENALAN,IBU KANDUNG,PENOLONG PEGAWAI TEKNOLOGI MAKLUMAT GRED FA,BEKERJA,PEJABAT PENDIDIKAN DAERAH,1020,089778101,0108051907,12383 TAMAN MEGAH JAYA 10/2,JALAN APAS,,91000,TAWAU,PENAMPANG,SABAH
623,201201106788,MUHAMMAD HAKIMI BIN SAMSUL,150924120381,KAD PENGENALAN,24-09-2015,BERSEKOLAH,20-05-2022,20-12-2025,TAHUN LIMA,ILTIZAM,,BIASA,PERDANA / AKADEMIK,TIADA BIDANG,WAN MUHAMAD YUSUF BIN WAN ABDUL AZIZ,LELAKI,BUGIS,ISLAM,WARGANEGARA,MALAYSIA,,,,,,,,,,,,,SAMSUL BIN MOHD ANWAR,730510126207,KAD PENGENALAN,BAPA KANDUNG,KERANI LADANG,BEKERJA,AVITO HONG DAA YEE,3200,0138374277,01131631186,3,ROSMIATI BINTI KARE,E9993561,NOMBOR PASPORT,IBU KANDUNG,,TIDAK BEKERJA,,0,,0143301125,KAMPUNG BARU RANGGU BT 10,JALAN HAJI OSMAN,TAWAU SABAH,91000,TAWAU,PENAMPANG,SABAH
624,221201096289,MUHAMMAD HAZIQ BIN ABDUL JABAR,150327121175,KAD PENGENALAN,27-03-2015,BERSEKOLAH,21-03-2022,20-12-2025,TAHUN LIMA,ILTIZAM,,BIASA,PERDANA / AKADEMIK,TIADA BIDANG,WAN MUHAMAD YUSUF BIN WAN ABDUL AZIZ,LELAKI,MELAYU,ISLAM,WARGANEGARA,MALAYSIA,,,,,,,,,,,,,,,,,,,,,,,2,ABDUL JABAR BIN ABDUL RAZAK,660905065639,KAD PENGENALAN,BAPA KANDUNG,PESARA / PENERIMA PENCEN / PENERIMA BANTUAN / LAIN-LAIN,BEKERJA,RAMD,1235.81,01112974839,01121399161,KAMPUNG RANGGU,BATU 8,LORONG MARIAM TAWAU SABAH,91000,TAWAU,PENAMPANG,SABAH
625,221201126642,MUHAMMAD IHTIFAZHUDDIN BIN MOHD ADENAN,151206121341,KAD PENGENALAN,06-12-2015,BERSEKOLAH,21-03-2022,20-12-2025,TAHUN LIMA,ILTIZAM,,BIASA,PERDANA / AKADEMIK,TIADA BIDANG,WAN MUHAMAD YUSUF BIN WAN ABDUL AZIZ,LELAKI,BUGIS,ISLAM,WARGANEGARA,,,,,,,,,,,,,,MOHD ADENAN BIN KASSIM,660112125515,KAD PENGENALAN,BAPA KANDUNG,BEKERJA SENDIRI,BEKERJA,TIADA,2000,0193243420,0199830831,8,SANISAH BINTI ANOI AZIS,750203125966,KAD PENGENALAN,IBU KANDUNG,,TIDAK BEKERJA,,0,,0193243420,"KG RANGGU, BATU 101/2",PETI SURAT 62263,,91032,TAWAU,PENAMPANG,SABAH
626,221201096292,MUHAMMAD IN AMUL HASAN BIN RUSLI,150227120861,KAD PENGENALAN,27-02-2015,BERSEKOLAH,21-03-2022,20-12-2025,TAHUN LIMA,ILTIZAM,,BIASA,PERDANA / AKADEMIK,TIADA BIDANG,WAN MUHAMAD YUSUF BIN WAN ABDUL AZIZ,LELAKI,BUGIS,ISLAM,WARGANEGARA,MALAYSIA,,,,,,,,,,,,,RUSLI BIN LAHARA,801020126787,KAD PENGENALAN,BAPA KANDUNG,BEKERJA SENDIRI,TIDAK BEKERJA,TIADA,850,,0173832389,3,MUSLIANA BINTI MUSTAFA,850213125474,KAD PENGENALAN,IBU KANDUNG,,TIDAK BEKERJA,,0,,0146747846,"TB149, LORONG 3, RESIDENSI PRIMA RANGGU","TAMAN PRIMA, JALAN RANGGU,",BATU 12,91000,TAWAU,PENAMPANG,SABAH
627,221201096294,MUHAMMAD ISKANDAR BIN MOHD AZRIN,150825120095,KAD PENGENALAN,25-08-2015,BERSEKOLAH,04-05-2026,05-05-2026,TAHUN LIMA,ILTIZAM,,BIASA,PERDANA / AKADEMIK,TIADA BIDANG,WAN MUHAMAD YUSUF BIN WAN ABDUL AZIZ,LELAKI,BAJAU,ISLAM,WARGANEGARA,MALAYSIA,,,,,,,,,,,,,MOHD. AZRIN BIN BANDIONG,871025496027,KAD PENGENALAN,BAPA KANDUNG,PEMBANTU TADBIR (KHIDMAT PELANGGAN) GRED 21,BEKERJA,JEMAAH NAZIR NEGERI SABAH,1330.57,089765097,0178037596,4,NOORMALA BINTI SARABINI,900110125482,KAD PENGENALAN,IBU KANDUNG,,TIDAK BEKERJA,,100,,0178037440,,,,,,,
628,221201126640,MUHAMMAD RHAYMIE SULAIMAN BIN RHAYMAYAZLAN,151126121421,KAD PENGENALAN,26-11-2015,BERSEKOLAH,21-03-2022,20-12-2025,TAHUN LIMA,ILTIZAM,,BIASA,PERDANA / AKADEMIK,TIADA BIDANG,WAN MUHAMAD YUSUF BIN WAN ABDUL AZIZ,LELAKI,MELAYU,ISLAM,WARGANEGARA,,,,,,,,,,,,,,,,,,,,,,,,7,RHAYMAYAZLAN BIN BAHRIM,751011125667,KAD PENGENALAN,BAPA KANDUNG,,BEKERJA,PENGETUA,8575,,0105643545,KAMPUNG RANGGU BATU 10,,,91000,TAWAU,PENAMPANG,SABAH
629,221201095671,MUHAMMAD SHADZWAN MUAAFAN BIN SHARUL,150923120929,KAD PENGENALAN,23-09-2015,BERSEKOLAH,21-03-2022,20-12-2025,TAHUN LIMA,ILTIZAM,,BIASA,PERDANA / AKADEMIK,TIADA BIDANG,WAN MUHAMAD YUSUF BIN WAN ABDUL AZIZ,LELAKI,BUGIS,ISLAM,WARGANEGARA,MALAYSIA,,,,,,,,,,,,,SHARUL BIN BARAHIM,860909495691,KAD PENGENALAN,BAPA KANDUNG,PEMBANTU ANTIDADAH GRED S,TIDAK BEKERJA,AGENSI ANTIDADAH KEBANGSAAN DAERAH SANDAKAN,3071,,0138835674,3,MARDIANAH BINTI RAHMAN,880719495234,KAD PENGENALAN,IBU KANDUNG,JURURAWAT,BEKERJA,HOSPITAL TAWAU,3943,089533233,0138845674,"KAMPUNG RANGGU, BATU 12",JALAN BARADAYA,,91000,TAWAU,PENAMPANG,SABAH
630,221201126641,MUHAMMAD SHAFIE RUZAIN BIN RAHIM,150707120465,KAD PENGENALAN,07-07-2015,BERSEKOLAH,21-03-2022,20-12-2025,TAHUN LIMA,ILTIZAM,,BIASA,PERDANA / AKADEMIK,TIADA BIDANG,WAN MUHAMAD YUSUF BIN WAN ABDUL AZIZ,LELAKI,KAGAYAN,ISLAM,WARGANEGARA,,,,YA,05-12-2023,LD120324000111,05-01-2024,05-01-2024,PEMBELAJARAN,SPECIFIC LD,,1210141100113311,BANK SIMPANAN NASIONAL,RAHIM BIN ALPAD,791203126425,KAD PENGENALAN,BAPA KANDUNG,BEKERJA SENDIRI,TIDAK BEKERJA,TIADA,900,,0143301698,5,SITTI HAZRINNA BINTI MOHD ARPAH,880822495398,KAD PENGENALAN,IBU KANDUNG,,TIDAK BEKERJA,,0,,01128874797,"KG RANGGU TAWAU,",BATU 9 JALAN APAS,,91000,TAWAU,PENAMPANG,SABAH
631,221201095673,MUHAMMAD SHAZAN MUHAYR BIN SHARUL,150923120881,KAD PENGENALAN,23-09-2015,BERSEKOLAH,21-03-2022,20-12-2025,TAHUN LIMA,ILTIZAM,,BIASA,PERDANA / AKADEMIK,TIADA BIDANG,WAN MUHAMAD YUSUF BIN WAN ABDUL AZIZ,LELAKI,BUGIS,ISLAM,WARGANEGARA,MALAYSIA,,,,,,,,,,,,,SHARUL BIN BARAHIM,860909495691,KAD PENGENALAN,BAPA KANDUNG,PEMBANTU ANTIDADAH GRED S,TIDAK BEKERJA,AGENSI ANTIDADAH KEBANGSAAN DAERAH SANDAKAN,3071,,0138835674,3,MARDIANAH BINTI RAHMAN,880719495234,KAD PENGENALAN,IBU KANDUNG,JURURAWAT,BEKERJA,HOSPITAL TAWAU,3943,089533233,0138845674,"KAMPUNG RANGGU, BATU 12",JALAN BARADAYA,,91000,TAWAU,PENAMPANG,SABAH
632,231201024221,NORLIA BINTI ALI HASSAN,151003120816,KAD PENGENALAN,03-10-2015,BERSEKOLAH,03-08-2023,20-12-2025,TAHUN LIMA,ILTIZAM,,BIASA,PERDANA / AKADEMIK,TIADA BIDANG,WAN MUHAMAD YUSUF BIN WAN ABDUL AZIZ,PEREMPUAN,BAJAU,ISLAM,WARGANEGARA,,,,,,,,,,,,,,MUHAIMIN BIN MOHAMAD KASIM,830603126183,KAD PENGENALAN,KELUARGA ANGKAT,,TIDAK BEKERJA,,1500,,0135431077,1,,,,,,,,,,,TAMAN SRI APAS BATU 8 BLOCK H4-19,,,91000,TAWAU,PENAMPANG,SABAH
633,221201096024,NUR AINA MAISARAH BINTI MOHD RIZAL,150407120682,KAD PENGENALAN,07-04-2015,BERSEKOLAH,21-03-2022,20-12-2025,TAHUN LIMA,ILTIZAM,,BIASA,PERDANA / AKADEMIK,TIADA BIDANG,WAN MUHAMAD YUSUF BIN WAN ABDUL AZIZ,PEREMPUAN,BUGIS,ISLAM,WARGANEGARA,MALAYSIA,,,,,,,,,,,,,MOHD RIZAL BIN PAISAL,C8351365,NOMBOR PASPORT,BAPA KANDUNG,JURUTEKNIK SOKONGAN TEKNIKAL,BEKERJA,KUMPULAN HINGFOH SDN BHD,1800,0169257409,0169257409,3,JUMIA BINTI LAHASA,860211125592,KAD PENGENALAN,IBU KANDUNG,,TIDAK BEKERJA,,0,,0169347409,BLOK G2-4 PPR TAMAN SRI APAS,BATU 8 JALAN APAS,,91000,TAWAU,PENAMPANG,SABAH
634,221201096027,NUR ALISHA SAFIYA BINTI HASWAN,151005120828,KAD PENGENALAN,05-10-2015,BERSEKOLAH,21-03-2022,20-12-2025,TAHUN LIMA,ILTIZAM,,BIASA,PERDANA / AKADEMIK,TIADA BIDANG,WAN MUHAMAD YUSUF BIN WAN ABDUL AZIZ,PEREMPUAN,BUGIS,ISLAM,WARGANEGARA,MALAYSIA,,,,,,,,,,,,,HASWAN BIN HAMBALI,E2949514,NOMBOR PASPORT,BAPA KANDUNG,FOMEN MEKANIKAL,BEKERJA,HAMKA BROTHERS & PLANTATION,1500,08973568,0198909693,6,PITRIANI BINTI TUNRENG,960612125786,KAD PENGENALAN,IBU KANDUNG,,TIDAK BEKERJA,,0,,0109561779,KAMPUNG RANGGU BATU 10 JALAN RANCANGAN,TAWAU,,91000,TAWAU,PENAMPANG,SABAH
635,231202044988,NUR AMIRAHTUSSOLEHA BINTI MOHMAD SOLIH,150118121152,KAD PENGENALAN,18-01-2015,BERSEKOLAH,04-08-2023,20-12-2025,TAHUN LIMA,ILTIZAM,,BIASA,PERDANA / AKADEMIK,TIADA BIDANG,WAN MUHAMAD YUSUF BIN WAN ABDUL AZIZ,PEREMPUAN,DUSUN,ISLAM,WARGANEGARA,,,,,,,,,,,,,,MOHMAD SOLIH BIN ABIE,950705125305,KAD PENGENALAN,BAPA KANDUNG,PEKERJA TUKANGAN,BEKERJA,MARHUM BIN TOHING,1500,0128310147,0126719954,6,NURSAADAH BINTI MARHUM,960822125602,KAD PENGENALAN,IBU KANDUNG,,TIDAK BEKERJA,,0,,0122547313,D/A TB 13807 LORONG BSI 3,JALAN APAS BATU 10,BANDAR SRI INDAH,91000,TAWAU,PENAMPANG,SABAH
636,231201024201,NUR DAMIA BATRISYA BINTI ASMADI,151028120046,KAD PENGENALAN,28-10-2015,BERSEKOLAH,06-03-2025,20-12-2025,TAHUN LIMA,ILTIZAM,,BIASA,PERDANA / AKADEMIK,TIADA BIDANG,WAN MUHAMAD YUSUF BIN WAN ABDUL AZIZ,PEREMPUAN,BAJAU,ISLAM,WARGANEGARA,,,,,,,,,,,,,,ASMADI BIN HAFID,AR347793,NOMBOR PASPORT,BAPA KANDUNG,,TIDAK BEKERJA,,1300,,0143332056,1,ROZIMAH BINTI AMIRULLAH,891004126084,KAD PENGENALAN,IBU KANDUNG,,,,,,,,,,,,,
637,221201096030,NUR DAMIA IZZATI BINTI MUSHRIK ADIYA,150326120090,KAD PENGENALAN,26-03-2015,BERSEKOLAH,21-03-2022,20-12-2025,TAHUN LIMA,ILTIZAM,,BIASA,PERDANA / AKADEMIK,TIADA BIDANG,WAN MUHAMAD YUSUF BIN WAN ABDUL AZIZ,PEREMPUAN,BUGIS,ISLAM,WARGANEGARA,MALAYSIA,,,,,,,,,,,,,NURHAEDA BINTI LAISA,760404125742,KAD PENGENALAN,IBU KANDUNG,JURUJUAL BORONG DAN RUNCIT,BEKERJA,WIPRO UNZA,1775,0128139692,0178977414,2,,,,,,,,,,,LOT 13 JALAN MARIANO LORONG DAMAI,RIA 3,,91000,TAWAU,PENAMPANG,SABAH
638,221201096032,NUR FAREEHA AULIA BINTI RASHID,150608120072,KAD PENGENALAN,08-06-2015,BERSEKOLAH,21-03-2022,20-12-2025,TAHUN LIMA,ILTIZAM,,BIASA,PERDANA / AKADEMIK,TIADA BIDANG,WAN MUHAMAD YUSUF BIN WAN ABDUL AZIZ,PEREMPUAN,BUGIS,ISLAM,WARGANEGARA,MALAYSIA,,,,,,,,,,,,,,,,,,,,,,,7,NOOR KHALILAH AZURA BINTI AHMAD @ AHMAT,850527125848,KAD PENGENALAN,IBU KANDUNG,,TIDAK BEKERJA,,0,,,,,,,,,
639,221201126643,NURAISYAH SYIFA BINTI YASMIN,150823120788,KAD PENGENALAN,23-08-2015,BERSEKOLAH,19-05-2022,20-12-2025,TAHUN LIMA,ILTIZAM,,BIASA,PERDANA / AKADEMIK,TIADA BIDANG,WAN MUHAMAD YUSUF BIN WAN ABDUL AZIZ,PEREMPUAN,DUSUN,ISLAM,WARGANEGARA,,,,,,,,,,,,,,,,,,,,,,,,,,,,,,,,,,,,,,,,,
640,231202054227,NURSHUHADA BINTI ABDULLAH,15186293,TANPA DOKUMEN,06-03-2015,BERSEKOLAH,09-08-2023,20-12-2025,TAHUN LIMA,ILTIZAM,,BIASA,PERDANA / AKADEMIK,TIADA BIDANG,WAN MUHAMAD YUSUF BIN WAN ABDUL AZIZ,PEREMPUAN,BUGIS,ISLAM,TIADA MAKLUMAT,MALAYSIA,,,,,,,,,,,,,,,,,,,,,,,,,,,,,,,,,,,,,,,,
641,221201034210,PUTRA SYAHRULNIZAM BIN HARIS,150404121233,KAD PENGENALAN,04-04-2015,BERSEKOLAH,21-03-2022,20-12-2025,TAHUN LIMA,ILTIZAM,,BIASA,PERDANA / AKADEMIK,TIADA BIDANG,WAN MUHAMAD YUSUF BIN WAN ABDUL AZIZ,LELAKI,BUGIS,ISLAM,WARGANEGARA,MALAYSIA,,,,,,,,,,,,,HARIS BIN SULLE,810216125799,KAD PENGENALAN,BAPA KANDUNG,PEMANDU LORI,BEKERJA,DERA PUTRA ENTERPRISE,1700,0143502126,0105161681,5,MARSITA BINTI ARSAD,830408126014,KAD PENGENALAN,IBU KANDUNG,,TIDAK BEKERJA,,0,,013647890,FLAT PPR TAMAN SRI APAS,BATU 8 JALAN APAS,TAWAU,91000,TAWAU,PENAMPANG,SABAH
642,221201034211,QALESYA RAMADHANI BINTI AZLAN,150629120936,KAD PENGENALAN,29-06-2015,BERSEKOLAH,21-03-2022,20-12-2025,TAHUN LIMA,ILTIZAM,,BIASA,PERDANA / AKADEMIK,TIADA BIDANG,WAN MUHAMAD YUSUF BIN WAN ABDUL AZIZ,PEREMPUAN,BUGIS,ISLAM,WARGANEGARA,MALAYSIA,,,,,,,,,,,,,AZLAN BIN BASRI,870205495385,KAD PENGENALAN,BAPA KANDUNG,,TIDAK BEKERJA,,2500,,0146956545,5,NUR FATIHAH BINTI HERMAN,920310125530,KAD PENGENALAN,IBU KANDUNG,,TIDAK BEKERJA,,0,,0142822646,KAMPUNG RANGGU,BATU 12,,91000,TAWAU,PENAMPANG,SABAH
643,221201108732,SHAFIQ ALYPH DANIEL BIN SURIANTO,151117120515,KAD PENGENALAN,17-11-2015,BERSEKOLAH,11-01-2026,15-01-2026,TAHUN LIMA,ILTIZAM,,BIASA,PERDANA / AKADEMIK,TIADA BIDANG,WAN MUHAMAD YUSUF BIN WAN ABDUL AZIZ,LELAKI,IDAHAN,ISLAM,WARGANEGARA,MALAYSIA,,,,,,,,,,,,,SURIANTO SARMON JUMADI,800926126105,KAD PENGENALAN,BAPA KANDUNG,PENGURUS,BEKERJA,SAWIT BULKERS SDN BHD,7053.53,089631495,0163846703,6,,,,,,,,,,,,,,,,,
644,231202042675,UMMU RADHIAH SHADRINA BINTI MOHD MIHDAD,150505121208,KAD PENGENALAN,05-05-2015,BERSEKOLAH,03-08-2023,20-12-2025,TAHUN LIMA,ILTIZAM,,BIASA,PERDANA / AKADEMIK,TIADA BIDANG,WAN MUHAMAD YUSUF BIN WAN ABDUL AZIZ,PEREMPUAN,DUSUN,ISLAM,WARGANEGARA,,,,,,,,,,,,,,NOR QANIAH BINTI MAHAT,940402126950,KAD PENGENALAN,IBU KANDUNG,,TIDAK BEKERJA,,0,,01125505462,7,MOHD MIHDAD BIN MARHUM,931225125767,KAD PENGENALAN,BAPA KANDUNG,PEMBANTU BAKERI,BEKERJA,MARHUM BIN TOHING,1200,0128310147,01125505462,TB 13807 LORONG BSI 3,JLN APAS,BATU 10,91000,TAWAU,PENAMPANG,SABAH
645,221201131551,AMEERA NUR IZZATUNNISA BINTI AMIRULLAH,150913120992,KAD PENGENALAN,13-09-2015,BERSEKOLAH,15-08-2022,20-12-2025,TAHUN LIMA,JAYYID,,BIASA,PERDANA / AKADEMIK,TIADA BIDANG,RINI BINTI DAUD,PEREMPUAN,BUGIS,ISLAM,WARGANEGARA,,,,,,,,,,,,,,A NOOR BINTI PATALEMPO,861202125464,KAD PENGENALAN,IBU KANDUNG,,TIDAK BEKERJA,,0,,0168403568,4,,,,,,,,,,,"TB451,LORONG 11,",RESIDENSI PRIMA RANGGU,APAS RANGGU BATU 12,91000,TAWAU,PENAMPANG,SABAH
646,221201033525,AMZAR IMTIYAZ BIN MUSLIHADIR,150827120945,KAD PENGENALAN,27-08-2015,BERSEKOLAH,21-03-2022,20-12-2025,TAHUN LIMA,JAYYID,,BIASA,PERDANA / AKADEMIK,TIADA BIDANG,RINI BINTI DAUD,LELAKI,BUGIS,ISLAM,WARGANEGARA,MALAYSIA,,,,,,,,,,,,,RAPIDAH BINTI KARIM,831002125788,KAD PENGENALAN,IBU KANDUNG,PEMBANTU PENGURUSAN MURID GRED N,BEKERJA,SK. RANGGU,3437.67,01165749440,0138994915,5,MUSLIHADIR BIN MASE,751028125671,KAD PENGENALAN,LAIN-LAIN,GURU,BEKERJA,KOLEJ VOKASIONAL TAWAU,5450.23,089713384,0135573313,"TB11390, LORONG MILENIUM 3, TAMAN MILENIUM",JALAN TIMUR,,91000,TAWAU,PENAMPANG,SABAH
647,221201033526,ANDI MOHAMMAD SYAHIR BIN ANDI SAHARUDIN,151117120099,KAD PENGENALAN,17-11-2015,BERSEKOLAH,21-03-2022,20-12-2025,TAHUN LIMA,JAYYID,,BIASA,PERDANA / AKADEMIK,TIADA BIDANG,RINI BINTI DAUD,LELAKI,BUGIS,ISLAM,WARGANEGARA,MALAYSIA,,,,,,,,,,,,,ANDI SAHARUDIN BIN ANDI NAKKA,820203126089,KAD PENGENALAN,BAPA KANDUNG,BEKERJA SENDIRI,BEKERJA,ANDI SAHARUDIN BIN ANDI NAKKA,1700,01127824793,01127824793,5,NORHANA BINTI LAESA,840329125688,KAD PENGENALAN,IBU KANDUNG,,TIDAK BEKERJA,,0,,0182040500,"LOT 20 JALAN MARIANO,",LORONG DAMAI RIA 2,BATU 9 RANGGU,91000,TAWAU,PENAMPANG,SABAH
648,221201033527,ANIQ KHAIRIY AZHAR BIN AGUS,150718120225,KAD PENGENALAN,18-07-2015,BERSEKOLAH,21-03-2022,20-12-2025,TAHUN LIMA,JAYYID,,BIASA,PERDANA / AKADEMIK,TIADA BIDANG,RINI BINTI DAUD,LELAKI,BUGIS,ISLAM,WARGANEGARA,MALAYSIA,,,,,,,,,,,,,ANDI KARTINI BINTI KARIM,900829155076,KAD PENGENALAN,IBU KANDUNG,BEKERJA SENDIRI,BEKERJA,ANDI KARTINI BINTI KARIM,1500,0145346071,0145346071,3,AGUS BIN USMAN,850520125001,KAD PENGENALAN,BAPA KANDUNG,JURUKIMPAL,BEKERJA,LIMTECH INGENEERING & CONSTRUCTION SDN BHD,2500,0135489089,0135489089,LORONG BUNGA RAYA,KAMPUNG RANGGU,,91000,TAWAU,PENAMPANG,SABAH
649,221401040957,ARDIYANI SYAHZILAH BINTI MOHD ARFIAN,150512120908,KAD PENGENALAN,12-05-2015,BERSEKOLAH,12-03-2025,20-12-2025,TAHUN LIMA,JAYYID,,BIASA,PERDANA / AKADEMIK,TIADA BIDANG,RINI BINTI DAUD,PEREMPUAN,BAJAU,ISLAM,WARGANEGARA,MALAYSIA,,,,,,,,,,,,,,,,,,,,,,,,,,,,,,,,,,,,,,,,
650,221201117159,DEVVIEYONA ELVIRA HERODIUN,150627120086,KAD PENGENALAN,27-06-2015,BERSEKOLAH,06-04-2022,20-12-2025,TAHUN LIMA,JAYYID,,BIASA,PERDANA / AKADEMIK,TIADA BIDANG,RINI BINTI DAUD,PEREMPUAN,MURUT,KRISTIAN,WARGANEGARA,MALAYSIA,,,,,,,,,,,,,,,,,,,,,,,,,,,,,,,,,,,,,,,,
651,221201047657,FATIMAH AZZAHRA BINTI RAZALEH,150717120354,KAD PENGENALAN,17-07-2015,BERSEKOLAH,07-03-2025,20-12-2025,TAHUN LIMA,JAYYID,,BIASA,PERDANA / AKADEMIK,TIADA BIDANG,RINI BINTI DAUD,PEREMPUAN,JAWA,ISLAM,WARGANEGARA,MALAYSIA,,,,,,,,,,,,,,,,,,,,,,,,,,,,,,,,,,,,,,,,
652,221201131549,ILHAM RAZAK BIN REDWAN,150601121347,KAD PENGENALAN,01-06-2015,BERSEKOLAH,21-03-2022,20-12-2025,TAHUN LIMA,JAYYID,,BIASA,PERDANA / AKADEMIK,TIADA BIDANG,RINI BINTI DAUD,LELAKI,BUGIS,ISLAM,WARGANEGARA,,,,,,,,,,,,,,REDWAN BIN ABD WAHID,811109126141,KAD PENGENALAN,BAPA KANDUNG,,,,,,0178397578,1,SATRIANI BINTI SUWARDI,E2942760,NOMBOR PASPORT,IBU KANDUNG,,,,,,0178397578,TAMAN SRI APAS BATU LAPAN,,,91000,TAWAU,PENAMPANG,SABAH
653,221201096321,INDRIEYANA ARENDELLA BINTI CHRYS,150504120182,KAD PENGENALAN,04-05-2015,BERSEKOLAH,21-03-2022,20-12-2025,TAHUN LIMA,JAYYID,,BIASA,PERDANA / AKADEMIK,TIADA BIDANG,RINI BINTI DAUD,PEREMPUAN,DUSUN,ISLAM,WARGANEGARA,MALAYSIA,,,,,,,,,,,,,CHRYS RAYNER GONTUONG,900910125157,KAD PENGENALAN,BAPA KANDUNG,PEMANDU,BEKERJA,MAJAWARISAN,1700,01116082477,01116082477,6,SITI NORHAZANAH BINTI ABDUL MALIK,901121125976,KAD PENGENALAN,IBU KANDUNG,,TIDAK BEKERJA,,0,,0143238768,PPR TAMAN SRI APAS,BATU 8,,91000,TAWAU,PENAMPANG,SABAH
654,221201131550,INSYIRAH RASHANAH BINTI ABDULLAH,150202120726,KAD PENGENALAN,02-02-2015,BERSEKOLAH,21-03-2022,20-12-2025,TAHUN LIMA,JAYYID,,BIASA,PERDANA / AKADEMIK,TIADA BIDANG,RINI BINTI DAUD,PEREMPUAN,COCOS,ISLAM,WARGANEGARA,,,,,,,,,,,,,,ROZIEMMAH BINTI ROBBIE,930421126690,KAD PENGENALAN,IBU KANDUNG,,TIDAK BEKERJA,,0,,0166191427,3,MUHAMMAD RABANI AISHAR B MOHD ARPAH,930519125901,KAD PENGENALAN,BAPA KANDUNG,BURUH KEBUN,BEKERJA,SAFARAZ GROUP,1500,01118912799,01131617503,,,,,,,
655,231202054243,MOHAMMAD AMIRUL BIN SARIPUDDIN,150629121955,KAD PENGENALAN,29-06-2015,BERSEKOLAH,09-08-2023,20-12-2025,TAHUN LIMA,JAYYID,,BIASA,PERDANA / AKADEMIK,TIADA BIDANG,RINI BINTI DAUD,LELAKI,BUGIS,ISLAM,WARGANEGARA,MALAYSIA,,,,,,,,,,,,,,,,,,,,,,,,,,,,,,,,,,,,,,,,
656,221201091266,MOHAMMAD MIFZAL SYAHMIE BIN MOHAMMED SAIFULLAH,151008120241,KAD PENGENALAN,08-10-2015,BERSEKOLAH,15-04-2024,20-12-2025,TAHUN LIMA,JAYYID,,BIASA,PERDANA / AKADEMIK,TIADA BIDANG,RINI BINTI DAUD,LELAKI,MELAYU,ISLAM,WARGANEGARA,MALAYSIA,,,,,,,,,,,,,JALIHAH BINTI SAAD,880924495372,KAD PENGENALAN,IBU KANDUNG,PEMBANTU OPERASI GRED N,,KEMENTERIAN PERTAHANAN MALAYSIA,3139.39,088243005,0164368081,2,,,,,,,,,,,RESIDENSI PRIMA RANGGU,"774, LORONG 12-2/3",JALAN RESIDENSI RANGGU 3,91000,TAWAU,PENAMPANG,SABAH
657,221201036266,MOHAMMAD NAZRIN SHAH BIN JUMAIN AJAMAING,150829120383,KAD PENGENALAN,29-08-2015,BERSEKOLAH,07-03-2025,20-12-2025,TAHUN LIMA,JAYYID,,BIASA,PERDANA / AKADEMIK,TIADA BIDANG,RINI BINTI DAUD,LELAKI,BUGIS,ISLAM,WARGANEGARA,MALAYSIA,,,,,,,,,,,,,ROZIANAH BINTI SAINI,780526125802,KAD PENGENALAN,IBU KANDUNG,,TIDAK BEKERJA,,0,,0198204647,3,JUMAIN AJAMAING BIN MANA,671121125481,KAD PENGENALAN,BAPA KANDUNG,,TIDAK BEKERJA,,1737,,0198204646,C3-23 TINGKAT 3 BLOK C,TAMAN SRI APAS (PPR,JALAN APAS BATU 8,91000,TAWAU,PENAMPANG,SABAH
658,221201098089,MOHAMMAD NOOR AIMAN BIN OSMAN,150213120393,KAD PENGENALAN,13-02-2015,BERSEKOLAH,03-08-2023,20-12-2025,TAHUN LIMA,JAYYID,,BIASA,PERDANA / AKADEMIK,TIADA BIDANG,RINI BINTI DAUD,LELAKI,BUGIS,ISLAM,WARGANEGARA,MALAYSIA,,,,,,,,,,,,,OSMAN BIN BACHOK,650907125341,KAD PENGENALAN,BAPA KANDUNG,PEMANDU LORI,TIDAK BEKERJA,ULTIMATE RESERVES GROUP,1700,,0178978129,2,PATMAWATI BINTI ANDI BOSA,C7718268,NOMBOR PASPORT,IBU KANDUNG,,TIDAK BEKERJA,,0,,0167377119,KAMPUNG RANGGU,BATU 9 JALAN RANGGU,91000 TAWAU,91000,TAWAU,PENAMPANG,SABAH
659,221201117517,MUHAMMAD ADAM AQIL BIN JASMAN,150313120745,KAD PENGENALAN,13-03-2015,BERSEKOLAH,21-03-2022,20-12-2025,TAHUN LIMA,JAYYID,,BIASA,PERDANA / AKADEMIK,TIADA BIDANG,RINI BINTI DAUD,LELAKI,BUGIS,ISLAM,WARGANEGARA,MALAYSIA,,,,,,,,,,,,,JASMAN BIN CHUNBUNG,811018125143,KAD PENGENALAN,BAPA KANDUNG,PENOLONG JURUTERA,BEKERJA,SESB JALAN KUHARA,6000,089715561,0138808681,6,JULISAH BINTI MOHAMAD ISAH,850504155008,KAD PENGENALAN,IBU KANDUNG,,TIDAK BEKERJA,,0,,0162552737,,,,,,,
660,221201096334,MUHAMMAD AFIQ ZIYAD BIN RAHMAT ALI,151006120897,KAD PENGENALAN,06-10-2015,BERSEKOLAH,21-03-2022,20-12-2025,TAHUN LIMA,JAYYID,,BIASA,PERDANA / AKADEMIK,TIADA BIDANG,RINI BINTI DAUD,LELAKI,BUGIS,ISLAM,WARGANEGARA,MALAYSIA,,,,,,,,,,,,,RAHMAT ALI BIN SULLA,770911125869,KAD PENGENALAN,BAPA KANDUNG,PEMANDU LORI,BEKERJA,WCK TRADING SDN BHD,1000,0355258559,0178981224,4,NURENI BINTI NURDIN,831103125584,KAD PENGENALAN,IBU KANDUNG,,TIDAK BEKERJA,,0,,0178956447,LOT 76,TAMAN DESA RANGGU,BATU 9 JALAN RANGGU,91000,TAWAU,PENAMPANG,SABAH
661,221201096335,MUHAMMAD AFNAN FARIZ BIN FARI AKBAR NOR,151114121029,KAD PENGENALAN,14-11-2015,BERSEKOLAH,21-03-2022,20-12-2025,TAHUN LIMA,JAYYID,,BIASA,PERDANA / AKADEMIK,TIADA BIDANG,RINI BINTI DAUD,LELAKI,MELAYU,ISLAM,WARGANEGARA,MALAYSIA,,,,,,,,,,,,,FARI AKBAR NOR BIN FARIDU,751215025545,KAD PENGENALAN,BAPA KANDUNG,,TIDAK BEKERJA,,1200,,01114121787,4,SAMSI BINTI DAHALAN,850423126360,KAD PENGENALAN,IBU KANDUNG,,TIDAK BEKERJA,,1200,,01131484579,F2-6 PPR TAMAN SRI APAS,BATU 8 JALAN APAS,,91000,TAWAU,PENAMPANG,SABAH
662,221201096282,MUHAMMAD AQIF IMAN BIN SOFIAN,150523120129,KAD PENGENALAN,23-05-2015,BERSEKOLAH,21-03-2022,20-12-2025,TAHUN LIMA,JAYYID,,BIASA,PERDANA / AKADEMIK,TIADA BIDANG,RINI BINTI DAUD,LELAKI,BANJAR,ISLAM,WARGANEGARA,MALAYSIA,,,,,,,,,,,,,SOFIAN BIN BUSTANI,740617125799,KAD PENGENALAN,BAPA KANDUNG,,BEKERJA,LF ASIA,1200,,,2,RAHIMAH BINTI ABDUL RAHMAN,790426125644,KAD PENGENALAN,IBU KANDUNG,JURURAWAT MASYARAKAT GRED U,BEKERJA,KEMENTERIAN KESIHATAN MALAYSIA,5095.9,089773533,0120,TAMAN RANGGU SAUJANA,,,91000,TAWAU,PENAMPANG,SABAH
663,221001057247,MUHAMMAD AQIL ZAFRAN BIN SABIR,151212121305,KAD PENGENALAN,12-12-2015,BERSEKOLAH,15-04-2024,20-12-2025,TAHUN LIMA,JAYYID,,BIASA,PERDANA / AKADEMIK,TIADA BIDANG,RINI BINTI DAUD,LELAKI,BUGIS,ISLAM,WARGANEGARA,MALAYSIA,,,,,,,,,,,,,,,,,,,,,,,2,SABIR BIN IRWAN,850730125341,KAD PENGENALAN,BAPA KANDUNG,PEMANDU LORI,BEKERJA,YTL CEMENT BERHAD,2000,0187997600,0107790765,RESIDENSI PRIMA RANGGU,RESIDENSI RANGGU 4,LORONG 12 1/3 TB 687,91000,TAWAU,PENAMPANG,SABAH
664,221201052374,MUHAMMAD HUZAIFAH BIN MOHD.RIZUWAN,151217100319,KAD PENGENALAN,17-12-2015,BERSEKOLAH,24-02-2025,20-12-2025,TAHUN LIMA,JAYYID,,BIASA,PERDANA / AKADEMIK,TIADA BIDANG,RINI BINTI DAUD,LELAKI,BUGIS,ISLAM,WARGANEGARA,MALAYSIA,,,,,,,,,,,,,,,,,,,,,,,,,,,,,,,,,,,,,,,,
665,221201110977,MUHAMMAD IMAN RIZIQIN HAKIM BIN ABDUL RAPIQ,150506120071,KAD PENGENALAN,06-05-2015,BERSEKOLAH,07-07-2026,07-07-2026,TAHUN LIMA,JAYYID,,BIASA,PERDANA / AKADEMIK,TIADA BIDANG,RINI BINTI DAUD,LELAKI,MELAYU,ISLAM,WARGANEGARA,MALAYSIA,,,,,,,,,,,,,SARINA BINTI PIDA,880319495788,KAD PENGENALAN,IBU KANDUNG,,TIDAK BEKERJA,,1700,,0179091292,1,MARI BINTI BACHO,620502125194,KAD PENGENALAN,NENEK,,TIDAK BEKERJA,,0,,0175354126,LOT 137 KAMPUNG CHEK POINT,,,91000,TAWAU,PENAMPANG,SABAH
666,221201096293,MUHAMMAD IRFAN JABAR BIN MOHAMAD AZHAR,150513120109,KAD PENGENALAN,13-05-2015,BERSEKOLAH,21-03-2022,20-12-2025,TAHUN LIMA,JAYYID,,BIASA,PERDANA / AKADEMIK,TIADA BIDANG,RINI BINTI DAUD,LELAKI,MELAYU,ISLAM,WARGANEGARA,MALAYSIA,,,,,,,,,,,,,NORFAIZAN BINTI KOMINSUL,860814495672,KAD PENGENALAN,IBU KANDUNG,,TIDAK BEKERJA,,0,,0128415672,4,MOHAMAD AZHAR BIN MOKTAR,791216125923,KAD PENGENALAN,BAPA KANDUNG,,TIDAK BEKERJA,,1500,,0124506036,"KAMPUNG RANGGU, JALAN OT MAMANGKU",,,91000,TAWAU,PENAMPANG,SABAH
667,221201096295,MUHAMMAD MIKAIL ARSYA BIN ABDULLAH,150801121165,KAD PENGENALAN,01-08-2015,BERSEKOLAH,21-03-2022,20-12-2025,TAHUN LIMA,JAYYID,,BIASA,PERDANA / AKADEMIK,TIADA BIDANG,RINI BINTI DAUD,LELAKI,BUGIS,ISLAM,WARGANEGARA,MALAYSIA,,,,,,,,,,,,,SARINA BINTI SALIM,901002125922,KAD PENGENALAN,IBU KANDUNG,,,,,,0143741156,7,ARIS BIN LABA,C7619978,NOMBOR PASPORT,BAPA KANDUNG,FOMEN MEKANIKAL,BEKERJA,MELANIE BINTI PUNGUT,2000,0898888181,0172727319,TAMAN ALAMANDA JALAN RANGGU,,,91000,TAWAU,PENAMPANG,SABAH
668,221201096296,MUHAMMAD NAZREEN BIN KENELY,150430120859,KAD PENGENALAN,30-04-2015,BERSEKOLAH,21-03-2022,20-12-2025,TAHUN LIMA,JAYYID,,BIASA,PERDANA / AKADEMIK,TIADA BIDANG,RINI BINTI DAUD,LELAKI,COCOS,ISLAM,WARGANEGARA,MALAYSIA,,,,,,,,,,,,,SHARIFAH MAIMUNAH BINTI SYED ALUWI,781029125654,KAD PENGENALAN,LAIN-LAIN,,TIDAK BEKERJA,,1100,,0168701338,3,,,,,,,,,,,,,,,,,
669,221201096020,MUHAMMAD SYAHZIEZAN BIN ISKANDAR,150509120763,KAD PENGENALAN,09-05-2015,BERSEKOLAH,21-03-2022,20-12-2025,TAHUN LIMA,JAYYID,,BIASA,PERDANA / AKADEMIK,TIADA BIDANG,RINI BINTI DAUD,LELAKI,BUGIS,ISLAM,WARGANEGARA,MALAYSIA,,,,,,,,,,,,,ISKANDAR BIN GALIGO,870403125393,KAD PENGENALAN,BAPA KANDUNG,PEMANDU,BEKERJA,TIADA,1500,0109472500,0109472500,6,HANIAH BINTI SYAMSUDDIN,E2950840,NOMBOR PASPORT,IBU KANDUNG,,TIDAK BEKERJA,,0,,0102500990,D4-3 TAMAN SRI APAS,BATU 8 JALAN APAS,,91000,TAWAU,PENAMPANG,SABAH
670,221201090961,MUHAMMAD YUSUF ISLAM BIN MOHD IRWAN,150126090165,KAD PENGENALAN,26-01-2015,BERSEKOLAH,03-08-2023,20-12-2025,TAHUN LIMA,JAYYID,,BIASA,PERDANA / AKADEMIK,TIADA BIDANG,RINI BINTI DAUD,LELAKI,BAJAU,ISLAM,WARGANEGARA,MALAYSIA,,,,,,,,,,,,,ARBINA BINTI ALI,840727126096,KAD PENGENALAN,IBU KANDUNG,PEGAWAI KOR PERKHIDMATAN AM (KPA),TIDAK BEKERJA,ANGKATAN TENTERA MALAYSIA,4000,,0164543406,4,,,,,,,,,,,,,,,,,
671,221201096022,NORHAFIFAH BINTI HASMURAN,151126120752,KAD PENGENALAN,26-11-2015,BERSEKOLAH,21-03-2022,20-12-2025,TAHUN LIMA,JAYYID,,BIASA,PERDANA / AKADEMIK,TIADA BIDANG,RINI BINTI DAUD,PEREMPUAN,SULUK,ISLAM,WARGANEGARA,MALAYSIA,,,,,,,,,,,,,,,,,,,,,,,5,HASMURAN BIN SULAIMAN,831205125761,KAD PENGENALAN,BAPA KANDUNG,BURUH PEMASANGAN,BEKERJA,JPHS PROPERTY MANAGEMENT-APAS,1500,089773898,0102310891,,,,,,,
672,221201096025,NUR AINUL QISTINA BINTI HARRIS,151223120658,KAD PENGENALAN,23-12-2015,BERSEKOLAH,21-03-2022,20-12-2025,TAHUN LIMA,JAYYID,,BIASA,PERDANA / AKADEMIK,TIADA BIDANG,RINI BINTI DAUD,PEREMPUAN,SUNGAI,ISLAM,WARGANEGARA,MALAYSIA,,,,,,,,,,,,,,,,,,,,,,,4,R HANAH BINTI JAPARI,940702125992,KAD PENGENALAN,IBU KANDUNG,PEMBANTU GURU,BEKERJA,JABATAN KEMAJUAN MASYARAKAT (KEMAS),800,010777612,01126824320,,,,,,,
673,221201092143,NUR AISYAH BINTI ABDUL RAHMAN,150521120280,KAD PENGENALAN,21-05-2015,BERSEKOLAH,07-03-2025,20-12-2025,TAHUN LIMA,JAYYID,,BIASA,PERDANA / AKADEMIK,TIADA BIDANG,RINI BINTI DAUD,PEREMPUAN,TIDUNG,ISLAM,WARGANEGARA,MALAYSIA,,,,,,,,,,,,,,,,,,,,,,,,,,,,,,,,,,,,,,,,
674,220201017394,NUR ERYNA AUNI BINTI MUHARAM,151231020198,KAD PENGENALAN,31-12-2015,BERSEKOLAH,22-05-2026,22-05-2026,TAHUN LIMA,JAYYID,,BIASA,PERDANA / AKADEMIK,TIADA BIDANG,RINI BINTI DAUD,PEREMPUAN,MELAYU,ISLAM,WARGANEGARA,MALAYSIA,,,,,,,,,,,,,MUHARAM BIN ALI,901001016791,KAD PENGENALAN,BAPA KANDUNG,ANGGOTA INFANTRI,BEKERJA,PEGAWAI MEMERINTAH,5672.63,049222711,0192433626,6,MARYANI BINTI M ISA,910515016590,KAD PENGENALAN,IBU KANDUNG,,TIDAK BEKERJA,,0,,0134578560,"TB 18512 LORONG 5C 1/3 FASA 5,",BANDAR SRI INDAH FASA JALAN APAS BATU 10,,91000,TAWAU,PENAMPANG,SABAH
675,221201034203,NUR KHAIRUNNISA BINTI MUHAMAD IKHRAM,150520120246,KAD PENGENALAN,20-05-2015,BERSEKOLAH,21-03-2022,20-12-2025,TAHUN LIMA,JAYYID,,BIASA,PERDANA / AKADEMIK,TIADA BIDANG,RINI BINTI DAUD,PEREMPUAN,BAJAU,ISLAM,WARGANEGARA,MALAYSIA,,,,,,,,,,,,,ADZLINA BINTI MOHD AMIN,830706125538,KAD PENGENALAN,IBU KANDUNG,GURU,TIDAK BEKERJA,SMK KINABUTAN,10518.05,,0129141251,6,MUHAMAD IKHRAM BIN NULHAKIM,791230126009,KAD PENGENALAN,BAPA KANDUNG,BEKERJA SENDIRI,TIDAK BEKERJA,TIADA,1500,,01162285483,"TB 44, LORONG 1",TAMAN RANGGU SAUJANA,,91000,TAWAU,PENAMPANG,SABAH
676,221201034204,NUR SAADATUL AQILAH BINTI MAZLAN,151223120850,KAD PENGENALAN,23-12-2015,BERSEKOLAH,21-03-2022,20-12-2025,TAHUN LIMA,JAYYID,,BIASA,PERDANA / AKADEMIK,TIADA BIDANG,RINI BINTI DAUD,PEREMPUAN,BAJAU,ISLAM,WARGANEGARA,MALAYSIA,,,,,,,,,,,,,SAFIAH BINTI DUALIN,830605125934,KAD PENGENALAN,IBU KANDUNG,GURU BAHASA,TIDAK BEKERJA,SMK KINABUTAN TAWAU,1900,,0182252312,2,MAZLAN BIN KANUN,810118125939,KAD PENGENALAN,BAPA KANDUNG,GURU,BEKERJA,SMK BALUNG,1500,089912161,0189095057,TAMAN DESA RANGGU,LORONG TERUS NO 69,BATU 8 SETENGAH TAWAU SABAH,91014,TAWAU,PENAMPANG,SABAH
677,221201034205,NUR SUMAYYAH NABILAH BINTI ABDULLAH,151022120838,KAD PENGENALAN,22-10-2015,BERSEKOLAH,21-03-2022,20-12-2025,TAHUN LIMA,JAYYID,,BIASA,PERDANA / AKADEMIK,TIADA BIDANG,RINI BINTI DAUD,PEREMPUAN,BUGIS,ISLAM,WARGANEGARA,MALAYSIA,,,,,,,,,,,,,NOOR ASIQIN BINTI KADIR,950520126264,KAD PENGENALAN,IBU KANDUNG,BEKERJA SENDIRI,TIDAK BEKERJA,TIADA,1000,,0146095322,2,,,,,,,,,,,KAMPUNG RANGGU,BATU 9½,,91007,TAWAU,PENAMPANG,SABAH
678,221201096060,SAFIYYA HANNA BINTI RAHIM,150805120354,KAD PENGENALAN,05-08-2015,BERSEKOLAH,21-03-2022,20-12-2025,TAHUN LIMA,JAYYID,,BIASA,PERDANA / AKADEMIK,TIADA BIDANG,RINI BINTI DAUD,PEREMPUAN,BUGIS,ISLAM,WARGANEGARA,MALAYSIA,,,,,,,,,,,,,RAHIM BIN NORRAHMAN,811011125239,KAD PENGENALAN,BAPA KANDUNG,KONTRAKTOR PEMBINAAN,,J.K.Y TRADING,3500,01136020365,0195818600,3,SITI AZIZAH BINTI KAMARUDDIN,820630125080,KAD PENGENALAN,IBU KANDUNG,KERANI BIL,BEKERJA,J.K.Y TRADING,2500,01136020365,0135438486,TB 18327 LOT 1175 FASA 5C,BANDAR SRI INDAH BATU 10,JALAN APAS,91000,TAWAU,PENAMPANG,SABAH
679,221201096228,SOFIEYA NUR ARRISSA BINTI MOHD TRI AWAN,150524120390,KAD PENGENALAN,24-05-2015,BERSEKOLAH,21-03-2022,20-12-2025,TAHUN LIMA,JAYYID,,BIASA,PERDANA / AKADEMIK,TIADA BIDANG,RINI BINTI DAUD,PEREMPUAN,BUGIS,ISLAM,WARGANEGARA,MALAYSIA,,,,,,,,,,,,,MOHD TRI AWAN BIN SUMADI,E2169152,NOMBOR PASPORT,BAPA KANDUNG,MEKANIK AUTOMOTIF,BEKERJA,SIN BAN HOCK MOTOR,2000,089757868,01151213186,6,NURUL FAMIZA BINTI AMIR,930821125830,KAD PENGENALAN,IBU KANDUNG,,TIDAK BEKERJA,,0,,01135151556,KAMPUNG RANGGU,JALAN MARIANO,LORONG  ROSIDIAN HJ IDRIS,91000,TAWAU,PENAMPANG,SABAH
680,221201131548,SYAFINAZ BATRISYA BINTI MOHD UMUT,150129121000,KAD PENGENALAN,29-01-2015,BERSEKOLAH,21-03-2022,20-12-2025,TAHUN LIMA,JAYYID,,BIASA,PERDANA / AKADEMIK,TIADA BIDANG,RINI BINTI DAUD,PEREMPUAN,BAJAU,ISLAM,WARGANEGARA,,,,,,,,,,,,,,SITTI BAHASA BINTI KIBAK,760310125020,KAD PENGENALAN,IBU KANDUNG,,TIDAK BEKERJA,,0,,,2,,,,,,,,,,,,,,,,,
681,221201033461,ADIB QAYYUM SYAZWAN BIN ABDUL RAHMAT,150812121179,KAD PENGENALAN,12-08-2015,BERSEKOLAH,24-11-2023,20-12-2025,TAHUN LIMA,KHOIR,,BIASA,PERDANA / AKADEMIK,TIADA BIDANG,TANJANG BIN TURE,LELAKI,BAJAU,ISLAM,WARGANEGARA,MALAYSIA,,,YA,,LD120324000041,09-01-2024,,PEMBELAJARAN,,,1210141100111811,BANK SIMPANAN NASIONAL,,,,,,,,,,,,,,,,,,,,,,,,,,,,
682,221201092399,AISYAH AYUDIA INARA BINTI PUNANWI,150607121022,KAD PENGENALAN,07-06-2015,BERSEKOLAH,22-05-2026,22-05-2026,TAHUN LIMA,KHOIR,,BIASA,PERDANA / AKADEMIK,TIADA BIDANG,TANJANG BIN TURE,PEREMPUAN,BUGIS,ISLAM,WARGANEGARA,MALAYSIA,,,,,,,,,,,,,MUHAMMAD ARIF BIN DAHLAN,E6821370,NOMBOR PASPORT,BAPA TIRI,,TIDAK BEKERJA,,900,,0178610851,3,KAMALIA BINTI NURDIN,960718125442,KAD PENGENALAN,IBU KANDUNG,,TIDAK BEKERJA,,0,,01136755442,,,,,,,
683,221201129558,AMANI QISTINA BINTI ABDILLAH,151013121070,KAD PENGENALAN,13-10-2015,BERSEKOLAH,24-05-2022,20-12-2025,TAHUN LIMA,KHOIR,,BIASA,PERDANA / AKADEMIK,TIADA BIDANG,TANJANG BIN TURE,PEREMPUAN,BAJAU,ISLAM,WARGANEGARA,,,,,,,,,,,,,,ABDILLAH BIN JAHABA,790410126263,KAD PENGENALAN,BAPA KANDUNG,PENGAWAL KESELAMATAN,BEKERJA,FOKASJADI SDN BHD,1600,089773687,0178322381,5,ASNIJAH BINTI MADSABAN,810226125928,KAD PENGENALAN,IBU KANDUNG,,,,,,0178102653,"TAMAN RANGGU SAUJANA, LORONG 2, TB530",,,91000,TAWAU,PENAMPANG,SABAH
684,221201129556,ARYAN ZIHNI BIN SUDIRMAN,151228121211,KAD PENGENALAN,28-12-2015,BERSEKOLAH,21-03-2022,20-12-2025,TAHUN LIMA,KHOIR,,BIASA,PERDANA / AKADEMIK,TIADA BIDANG,TANJANG BIN TURE,LELAKI,BUGIS,ISLAM,WARGANEGARA,,,,,,,,,,,,,,SUDIRMAN BIN NANANG,860829125295,KAD PENGENALAN,BAPA KANDUNG,GURU,BEKERJA,KEMENTERIAN PENDIDIKAN MALAYSIA,9162.4,0104080405,0104080405,4,WAHYUNI BINTI MOHD YUNUS,860713155046,KAD PENGENALAN,IBU KANDUNG,GURU,BEKERJA,KEMENTERIAN PENDIDIKAN MALAYSIA,4000,0137319490,0137319490,"TB 366, LORONG 3,","TAMAN RANGGU SAUJANA,",,91000,TAWAU,PENAMPANG,SABAH
685,221201034125,ASYRAFA QURRATUAIN BINTI RAMAN,150303120274,KAD PENGENALAN,03-03-2015,BERSEKOLAH,21-03-2022,20-12-2025,TAHUN LIMA,KHOIR,,BIASA,PERDANA / AKADEMIK,TIADA BIDANG,TANJANG BIN TURE,PEREMPUAN,BUGIS,ISLAM,WARGANEGARA,MALAYSIA,,,,,,,,,,,,,RAMAN BIN MAHMUD,831116125719,KAD PENGENALAN,BAPA KANDUNG,BEKERJA SENDIRI,TIDAK BEKERJA,RAMAN BIN MAHMUD,1000,,0143957008,6,JUMIATI BINTI DARWIS,E9526145,NOMBOR PASPORT,IBU KANDUNG,,TIDAK BEKERJA,,0,,0102907008,KAMPUNG PANJI,HUJUNG,,91308,SEMPORNA,KUDAT,SABAH
686,221201113708,IZZAT IZZUEDIN BIN ARMAN,150419120321,KAD PENGENALAN,19-04-2015,BERSEKOLAH,17-02-2025,20-12-2025,TAHUN LIMA,KHOIR,,BIASA,PERDANA / AKADEMIK,TIADA BIDANG,TANJANG BIN TURE,LELAKI,IDAHAN,ISLAM,WARGANEGARA,MALAYSIA,,,,,,,,,,,,,ARMAN BIN ABD RAHMAN,840729126129,KAD PENGENALAN,BAPA KANDUNG,,TIDAK BEKERJA,,1700,,0102140301,3,NORANISAM BINTI KADIR,840606125572,KAD PENGENALAN,IBU KANDUNG,,TIDAK BEKERJA,,0,,0102140301,BATU 8TAMAN SRI APAS,,,91000,TAWAU,PENAMPANG,SABAH
687,221201096323,MAIMUNAH BINTI JUKDIN,150922120070,KAD PENGENALAN,22-09-2015,BERSEKOLAH,21-03-2022,20-12-2025,TAHUN LIMA,KHOIR,,BIASA,PERDANA / AKADEMIK,TIADA BIDANG,TANJANG BIN TURE,PEREMPUAN,BUGIS,ISLAM,WARGANEGARA,MALAYSIA,,,,,,,,,,,,,JUKDIN BIN MUSRA,641205125529,KAD PENGENALAN,BAPA KANDUNG,BEKERJA SENDIRI,BEKERJA,TIADA,1000,0100000000,0198004433,11,RUZAINI BINTI NURDIN,890912125656,KAD PENGENALAN,IBU KANDUNG,,TIDAK BEKERJA,,0,,0169649071,F4-20 PPR TAMAN SRI APAS,"91000,TAWAU",JALAN APAS BATU 8,91000,TAWAU,PENAMPANG,SABAH
688,211201128016,MAS ELLY KHUSHAIRY BIN MASLI,150405120443,KAD PENGENALAN,05-04-2015,BERSEKOLAH,21-10-2024,20-12-2025,TAHUN LIMA,KHOIR,,BIASA,PERDANA / AKADEMIK,TIADA BIDANG,TANJANG BIN TURE,LELAKI,BAJAU,ISLAM,WARGANEGARA,MALAYSIA,,,,,,,,,,,,,,,,,,,,,,,,,,,,,,,,,,RANGGU KAMPUNG CINA JALAN APAS BATU8,,,91000,TAWAU,PENAMPANG,SABAH
689,221201098079,MOHAMAD MUZILLSYAH BIN MOHD MUSA,150107120621,KAD PENGENALAN,07-01-2015,BERSEKOLAH,30-06-2025,20-12-2025,TAHUN LIMA,KHOIR,,BIASA,PERDANA / AKADEMIK,TIADA BIDANG,TANJANG BIN TURE,LELAKI,FILIPINO,ISLAM,WARGANEGARA,MALAYSIA,,,,,,,,,,,,,MOHD MUSA BIN VICINTE,810707126569,KAD PENGENALAN,BAPA KANDUNG,BEKERJA SENDIRI,BEKERJA,TIADA,1000,01162252504,01162252504,3,,,,,,,,,,,KAMPUNG RANGGU,BT 9,LORONG BERKAT,91000,TAWAU,PENAMPANG,SABAH
690,221201096325,MOHAMMAD AZAIM FIRDAUS BIN YASRI,150117120123,KAD PENGENALAN,17-01-2015,BERSEKOLAH,21-03-2022,20-12-2025,TAHUN LIMA,KHOIR,,BIASA,PERDANA / AKADEMIK,TIADA BIDANG,TANJANG BIN TURE,LELAKI,BUGIS,ISLAM,WARGANEGARA,MALAYSIA,,,,,,,,,,,,,YASRI BIN AMRI,850828125753,KAD PENGENALAN,BAPA KANDUNG,,TIDAK BEKERJA,,2500,,0109383937,5,SUMARNI BINTI SUNAR,890628125130,KAD PENGENALAN,IBU KANDUNG,,TIDAK BEKERJA,,0,,0139332806,"BATU 10, KAMPUNG RANGGU",PETI SURAT 60014,,91010,TAWAU,PENAMPANG,SABAH
691,221201128046,MUHAMMAD AQIL DANISH BIN MASLAN,151109120275,KAD PENGENALAN,09-11-2015,BERSEKOLAH,11-03-2024,20-12-2025,TAHUN LIMA,KHOIR,,BIASA,PERDANA / AKADEMIK,TIADA BIDANG,TANJANG BIN TURE,LELAKI,BUGIS,ISLAM,WARGANEGARA,,,,,,,,,,,,,,MASLAN BIN TAMANLILI,821111126107,KAD PENGENALAN,BAPA KANDUNG,,TIDAK BEKERJA,,800,,0192530304,4,FITTRI BINTI JOHANIS,E2942648,NOMBOR PASPORT,IBU KANDUNG,,TIDAK BEKERJA,,0,,0128210214,KAMPUNG RANGGU BATU12,JALAN SETTLEMENT TAWAU SABAH,,91000,TAWAU,PENAMPANG,SABAH
692,221201129557,MUHAMMAD ARIF LUTFIL BIN MASUDI,150816120325,KAD PENGENALAN,16-08-2015,BERSEKOLAH,28-07-2022,20-12-2025,TAHUN LIMA,KHOIR,,BIASA,PERDANA / AKADEMIK,TIADA BIDANG,TANJANG BIN TURE,LELAKI,MELAYU,ISLAM,WARGANEGARA,,,,,,,,,,,,,,EL SOFFIZA BINTI YUSOF,800107045328,KAD PENGENALAN,IBU KANDUNG,,TIDAK BEKERJA,,7000,,0138807636,4,MASUDI BIN MAGGA,830927125101,KAD PENGENALAN,BAPA KANDUNG,GURU,TIDAK BEKERJA,SMK. TITINGAN,7000,,0138837636,,,,,,,
693,221201096283,MUHAMMAD ARIF ZIKRI BIN HERMAN,150830120401,KAD PENGENALAN,30-08-2015,BERSEKOLAH,21-03-2022,20-12-2025,TAHUN LIMA,KHOIR,,BIASA,PERDANA / AKADEMIK,TIADA BIDANG,TANJANG BIN TURE,LELAKI,BAJAU,ISLAM,WARGANEGARA,MALAYSIA,,,,,,,,,,,,,HERMAN BIN ABDUL MAJID,820519125955,KAD PENGENALAN,BAPA KANDUNG,PEMBANTU PERAWATAN,BEKERJA,JABATAN KESIHATAN UNIT MAKMAL,3376,089781522,0145735696,9,,,,,,,,,,,,,,,,,
694,211201128650,MUHAMMAD FAYYADH FARHAN BIN DARWIS,151127120383,KAD PENGENALAN,27-11-2015,BERSEKOLAH,17-05-2022,20-12-2025,TAHUN LIMA,KHOIR,,BIASA,PERDANA / AKADEMIK,TIADA BIDANG,TANJANG BIN TURE,LELAKI,BUGIS,ISLAM,WARGANEGARA,MALAYSIA,,,,,,,,,,,,,DARWIS BIN USE,680215125225,KAD PENGENALAN,BAPA KANDUNG,BURUH PEMBUATAN,BEKERJA,SANDIWARA INDAH,1901.45,0198433322,0198433322,4,,,,,,,,,,,,,,,,,
695,221201096290,MUHAMMAD HAZIQ UQASYAH BIN MOHD NASDRUL IKRAM,150120120247,KAD PENGENALAN,20-01-2015,BERSEKOLAH,21-03-2022,20-12-2025,TAHUN LIMA,KHOIR,,BIASA,PERDANA / AKADEMIK,TIADA BIDANG,TANJANG BIN TURE,LELAKI,MELAYU,ISLAM,WARGANEGARA,MALAYSIA,,,,,,,,,,,,,MOHD NASDRUL IKRAM BIN MOHD KHAIRUDIN,850319145211,KAD PENGENALAN,BAPA KANDUNG,KOPERAL POLIS,BEKERJA,PDRM,5465.79,089712222,0126381076,3,,,,,,,,,,,TB 99,LORONG 3,RESIDENSI PRIMA RANGGU,91000,TAWAU,PENAMPANG,SABAH
696,221201096297,MUHAMMAD NIFAEL DANISH BIN AZMEN,151128120457,KAD PENGENALAN,28-11-2015,BERSEKOLAH,21-03-2022,20-12-2025,TAHUN LIMA,KHOIR,,BIASA,PERDANA / AKADEMIK,TIADA BIDANG,TANJANG BIN TURE,LELAKI,BUGIS,ISLAM,WARGANEGARA,MALAYSIA,,,,,,,,,,,,,AZMEN BIN MAHMUD,700831125785,KAD PENGENALAN,BAPA KANDUNG,,TIDAK BEKERJA,,1500,,01136086994,5,HASLINA BINTI SULAIMAN,761007125612,KAD PENGENALAN,IBU KANDUNG,,TIDAK BEKERJA,,0,,01159064020,,,,,,,
697,221201095669,MUHAMMAD RAZAQ BIN FIRDAUS,150106120531,KAD PENGENALAN,06-01-2015,BERSEKOLAH,21-03-2022,20-12-2025,TAHUN LIMA,KHOIR,,BIASA,PERDANA / AKADEMIK,TIADA BIDANG,TANJANG BIN TURE,LELAKI,TIDUNG,ISLAM,WARGANEGARA,MALAYSIA,,,,,,,,,,,,,FIRDAUS BIN AGUS SALIM,860417125715,KAD PENGENALAN,BAPA KANDUNG,KERANI DOKUMEN,TIDAK BEKERJA,LIN LEN SHIN,1700,,0168332034,7,HANAPISAH BINTI ABD HAFID,830718126204,KAD PENGENALAN,IBU KANDUNG,,TIDAK BEKERJA,,0,,0168302034,TAMAN SRI APAS,PPR BT 8,JALAN APAS,91000,TAWAU,PENAMPANG,SABAH
698,231202007567,MUHAMMAD RIZMAN BIN JAMES,150824121141,KAD PENGENALAN,24-08-2015,BERSEKOLAH,14-02-2023,20-12-2025,TAHUN LIMA,KHOIR,,BIASA,PERDANA / AKADEMIK,TIADA BIDANG,TANJANG BIN TURE,LELAKI,BUGIS,ISLAM,WARGANEGARA,,,,,,,,,,,,,,JAMES BIN SAKKA,PF2836372,NOMBOR PASPORT,BAPA KANDUNG,,,,,,,3,NORBAYA BINTI KIRING,870213125878,KAD PENGENALAN,IBU KANDUNG,,BEKERJA,TIADA MAKLUMAT,900,,,,,,,,,
699,221201104226,MUHAMMAD SYAH HIDAYATULLAH BIN ABDUL RAHMAN,150117120377,KAD PENGENALAN,17-01-2015,BERSEKOLAH,06-08-2026,08-08-2026,TAHUN LIMA,KHOIR,,BIASA,PERDANA / AKADEMIK,TIADA BIDANG,TANJANG BIN TURE,LELAKI,BANJAR,ISLAM,WARGANEGARA,MALAYSIA,,,,,,,,,,,,,ABDUL RAHMAN BIN AMIT,671027125549,KAD PENGENALAN,BAPA KANDUNG,PEMANDU BAS,TIDAK BEKERJA,NORATIE BINTI AHMAD,1500,,0187801967,5,ROSIDA BINTI ACO,C7727839,NOMBOR PASPORT,IBU KANDUNG,,,,,,0187801967,,,,,,,
700,221201049745,NABIL NAJMI BIN MOHAMMAD RAZALI,150830120831,KAD PENGENALAN,30-08-2015,BERSEKOLAH,27-03-2025,20-12-2025,TAHUN LIMA,KHOIR,,BIASA,PERDANA / AKADEMIK,TIADA BIDANG,TANJANG BIN TURE,LELAKI,BUGIS,ISLAM,WARGANEGARA,MALAYSIA,,,,,,,,,,YA (01),,,HAMSIAH BINTI HASAN,790708125546,KAD PENGENALAN,IBU KANDUNG,,TIDAK BEKERJA,,900,,,4,,,,,,,,,,,,,,,,,
701,221201033441,NUR AISYAH BINTI ABDULLAH,150503120500,KAD PENGENALAN,03-05-2015,BERSEKOLAH,12-03-2024,20-12-2025,TAHUN LIMA,KHOIR,,BIASA,PERDANA / AKADEMIK,TIADA BIDANG,TANJANG BIN TURE,PEREMPUAN,BANJAR,ISLAM,WARGANEGARA,MALAYSIA,,,,,,,,,,,,,,,,,,,,,,,2,FATIMAH BINTI ASMUNI,920524125528,KAD PENGENALAN,IBU KANDUNG,,TIDAK BEKERJA,,0,,0147874535,RESIDENSI PRIMA RANGGU,JLN APAS,,91000,TAWAU,PENAMPANG,SABAH
702,221201106719,NUR ALEESYA DANIA BINTI ASDI,151210120798,KAD PENGENALAN,10-12-2015,BERSEKOLAH,21-03-2022,20-12-2025,TAHUN LIMA,KHOIR,,BIASA,PERDANA / AKADEMIK,TIADA BIDANG,TANJANG BIN TURE,PEREMPUAN,BUGIS,ISLAM,WARGANEGARA,MALAYSIA,,,,,,,,,,,,,ASDI BIN BEDDU,770807125893,KAD PENGENALAN,BAPA KANDUNG,PEMANDU LORI,BEKERJA,MUSKIN,1200,01131530488,01131530488,6,,,,,,,,,,,,,,,,,
703,221201096026,NUR ALIEYA SAFYA,150919121224,KAD PENGENALAN,19-09-2015,BERSEKOLAH,21-03-2022,20-12-2025,TAHUN LIMA,KHOIR,,BIASA,PERDANA / AKADEMIK,TIADA BIDANG,TANJANG BIN TURE,PEREMPUAN,BUGIS,ISLAM,WARGANEGARA,MALAYSIA,,,,,,,,,,,,,SALMAH BINTI MAHMUDE,871207495332,KAD PENGENALAN,IBU KANDUNG,,TIDAK BEKERJA,,300,,0169360902,3,,,,,,,,,,,,,,,,,
704,221201096028,NUR ARISSA SOFIA BINTI ABDULLAH,151015121234,KAD PENGENALAN,15-10-2015,BERSEKOLAH,21-03-2022,20-12-2025,TAHUN LIMA,KHOIR,,BIASA,PERDANA / AKADEMIK,TIADA BIDANG,TANJANG BIN TURE,PEREMPUAN,BUGIS,ISLAM,WARGANEGARA,MALAYSIA,,,,,,,,,,,,,,,,,,,,,,,4,KASMIDAH BINTI SALIM,930211125796,KAD PENGENALAN,IBU KANDUNG,BEKERJA SENDIRI,BEKERJA,KASMIDAH,1000,0143719502,0143719502,TB 4 LOT 4 TAMAN ALAMANDA JALAN RANGGU,,,91000,TAWAU,PENAMPANG,SABAH
705,221201096029,NUR AZIRAH BINTI AIDI,150914120580,KAD PENGENALAN,14-09-2015,BERSEKOLAH,21-03-2022,20-12-2025,TAHUN LIMA,KHOIR,,BIASA,PERDANA / AKADEMIK,TIADA BIDANG,TANJANG BIN TURE,PEREMPUAN,BAJAU,ISLAM,WARGANEGARA,MALAYSIA,,,,,,,,,,,,,AIDI BIN SAKAL,761028125347,KAD PENGENALAN,BAPA KANDUNG,JURUAUDIO VISUAL GRED N,BEKERJA,KEMENTERIAN PENERANGAN MALAYSIA,3778.47,0163669348,0163669348,7,JAMIAH BINTI PARASIL,851012125886,KAD PENGENALAN,IBU KANDUNG,,TIDAK BEKERJA,,0,,0168553735,,,,,,,
706,220801075462,NUR FAIQ ISHAM BIN SHAHRUDDIN,151009080181,KAD PENGENALAN,09-10-2015,BERSEKOLAH,01-04-2024,20-12-2025,TAHUN LIMA,KHOIR,,BIASA,PERDANA / AKADEMIK,TIADA BIDANG,TANJANG BIN TURE,LELAKI,MELAYU,ISLAM,WARGANEGARA,MALAYSIA,,,,,,,,,,,,,SHAHRUDDIN BIN MOHD NOR,771112126157,KAD PENGENALAN,BAPA KANDUNG,,TIDAK BEKERJA,,4739,,0135054084,3,,,,,,,,,,,,,,,,,
707,221201057731,NUR QAIREEN DAMIA BINTI MAKSUD,151222120832,KAD PENGENALAN,22-12-2015,BERSEKOLAH,03-08-2023,20-12-2025,TAHUN LIMA,KHOIR,,BIASA,PERDANA / AKADEMIK,TIADA BIDANG,TANJANG BIN TURE,PEREMPUAN,BAJAU,ISLAM,WARGANEGARA,MALAYSIA,,,,,,,,,,,,,MAKSUD BIN KARANI,901029126853,KAD PENGENALAN,BAPA KANDUNG,PEGAWAI RENDAH POLIS DAN KONSTABEL GRED YA1,BEKERJA,POLIS DIRAJA MALAYSIA,4376.79,089715262,0138271156,3,NOORSHAHIDA BINTI NATTANG,900121125760,KAD PENGENALAN,IBU KANDUNG,,TIDAK BEKERJA,,0,,0109494021,RESIDENSI PRIMA RANGGU,TB 188 LORONG 4,PRIMA RANGGU,91000,TAWAU,PENAMPANG,SABAH
708,220301055264,NUR SHAZA SYUHADAH BINTI AZMAN,150817121012,KAD PENGENALAN,17-08-2015,BERSEKOLAH,21-10-2024,20-12-2025,TAHUN LIMA,KHOIR,,BIASA,PERDANA / AKADEMIK,TIADA BIDANG,TANJANG BIN TURE,PEREMPUAN,BAJAU,ISLAM,WARGANEGARA,MALAYSIA,,,,,,,,,,,,,AZMAN BIN BUSSARA,940102126959,KAD PENGENALAN,BAPA KANDUNG,ANGGOTA POLIS TENTERA,BEKERJA,8 REJIMEN SEMPADAN,2236.49,0899917004,0149673085,4,,,,,,,,,,,TB18419 LORONG 1/5,"FASA 5C, KM 15",BANDAR SRI INDAH,91000,TAWAU,PENAMPANG,SABAH
709,221201057737,NUR SYAQILAH SYAZWANI BINTI ARDIADI,150923130860,KAD PENGENALAN,23-09-2015,BERSEKOLAH,03-08-2023,20-12-2025,TAHUN LIMA,KHOIR,,BIASA,PERDANA / AKADEMIK,TIADA BIDANG,TANJANG BIN TURE,PEREMPUAN,BUGIS,ISLAM,WARGANEGARA,MALAYSIA,,,,,,,,,,,,,ARDIADI BIN YONTA,840228125523,KAD PENGENALAN,BAPA KANDUNG,KOPERAL POLIS,,BRIGED SABAH,3721.08,089715262,0164270567,6,IRMA WANI BINTI ABD RASIT,810304125182,KAD PENGENALAN,IBU KANDUNG,,,,,,0168077582,TB 591 LOT A338 RESIDENSI PRIMA RANGGU LORONG11,JALAN RESIDENSI RANGGU 4 TAWAU SABAH,,91011,TAWAU,PENAMPANG,SABAH
710,221201034206,NUR ZAHIRA BINTI KAMARUDIN,150420120580,KAD PENGENALAN,20-04-2015,BERSEKOLAH,21-03-2022,20-12-2025,TAHUN LIMA,KHOIR,,BIASA,PERDANA / AKADEMIK,TIADA BIDANG,TANJANG BIN TURE,PEREMPUAN,BUGIS,ISLAM,WARGANEGARA,MALAYSIA,,,,,,,,,,,,,KAMARUDIN BIN AMINUDDIN,771111125881,KAD PENGENALAN,BAPA KANDUNG,PEMANDU LORI,BEKERJA,KIM TECK CHENG( TAWAU,3000,089916382,0163892450,7,SANARIAH BINTI LAMANTE,760524125456,KAD PENGENALAN,IBU KANDUNG,,TIDAK BEKERJA,,0,,0198961420,KG RANGGU BT10 JALAN APAS,,,91010,TAWAU,PENAMPANG,SABAH
711,221201034207,NURUL AFIQAH ADAWIYAH BINTI MOHD FAIZAL,150825120618,KAD PENGENALAN,25-08-2015,BERSEKOLAH,21-03-2022,20-12-2025,TAHUN LIMA,KHOIR,,BIASA,PERDANA / AKADEMIK,TIADA BIDANG,TANJANG BIN TURE,PEREMPUAN,BUGIS,ISLAM,WARGANEGARA,MALAYSIA,,,,,,,,,,,,,MOHD FAIZAL BIN ACHO,820721125377,KAD PENGENALAN,BAPA KANDUNG,SARJAN POLIS,BEKERJA,BATALION 14 PASUKAN GERAKAN AM TAWAU,3197.51,089712222,0168365532,4,JUNINAH BINTI MOHAMMAD ZIM,800112125920,KAD PENGENALAN,IBU KANDUNG,,TIDAK BEKERJA,,0,,0168365732,"TB 70,LOT 70","LORONG SAUJANA 1,TAMAN RANGGU SAUJANA,",BT.10 JALAN RANGGU,91000,TAWAU,PENAMPANG,SABAH
712,221201034208,NURUL UMAIRAH BINTI MOHD GHAZALI,150709120186,KAD PENGENALAN,09-07-2015,BERSEKOLAH,21-03-2022,20-12-2025,TAHUN LIMA,KHOIR,,BIASA,PERDANA / AKADEMIK,TIADA BIDANG,TANJANG BIN TURE,PEREMPUAN,KADAZAN,ISLAM,WARGANEGARA,MALAYSIA,,,,,,,,,,,,,MOHD GHAZALI BIN SALIMAT @ MUSLIMAT,810612126531,KAD PENGENALAN,BAPA KANDUNG,BEKERJA SENDIRI,,MOHD GHAZALI BIN SALIMAT @ MUSLIMAT,1500,0168360351,0168360351,3,EDNA BINTI MARCELLINUS,890306125066,KAD PENGENALAN,IBU KANDUNG,,TIDAK BEKERJA,,0,,0168360351,BATU 4,JALAN APAS,,91000,TAWAU,PENAMPANG,SABAH
713,221201034209,NUWAIRAH QALBIYA BINTI ARSIP,150529120752,KAD PENGENALAN,29-05-2015,BERSEKOLAH,21-03-2022,20-12-2025,TAHUN LIMA,KHOIR,,BIASA,PERDANA / AKADEMIK,TIADA BIDANG,TANJANG BIN TURE,PEREMPUAN,BAJAU,ISLAM,WARGANEGARA,MALAYSIA,,,,,,,,,,,,,,,,,,,,,,,,,,,,,,,,,,,,,,,,
714,221201128391,QALESYA QISTINA BINTI FRANCIS,151125120662,KAD PENGENALAN,25-11-2015,BERSEKOLAH,15-01-2024,20-12-2025,TAHUN LIMA,KHOIR,,BIASA,PERDANA / AKADEMIK,TIADA BIDANG,TANJANG BIN TURE,PEREMPUAN,KADAZAN,ISLAM,WARGANEGARA,,,,,,,,,,,,,,,,,,,,,,,,,,,,,,,,,,,,,,,,,
715,221201051257,QATREENNADA NUR SHAHABIAH BINTI MU'AMMAR,150509121088,KAD PENGENALAN,09-05-2015,BERSEKOLAH,31-03-2026,31-03-2026,TAHUN LIMA,KHOIR,,BIASA,PERDANA / AKADEMIK,TIADA BIDANG,TANJANG BIN TURE,PEREMPUAN,BUGIS,ISLAM,WARGANEGARA,MALAYSIA,,,,,,,,,,YA (01),,,SITI FATMASITAH BINTI ABD RAHIM,860401125390,KAD PENGENALAN,IBU KANDUNG,PEMBANTU JUALAN,BEKERJA,KEDAI EMAS MURAH,1700,0107581540,0136383145,6,,,,,,,,,,,"BLOK A 3-12, FLAT PPR",TAMAN SRI APAS,BATU 8 JALAN APAS,91000,TAWAU,PENAMPANG,SABAH
716,221201037726,UMMU MASYITAH BINTI KAMAL,150711102614,KAD PENGENALAN,11-07-2015,BERSEKOLAH,25-03-2024,20-12-2025,TAHUN LIMA,KHOIR,,BIASA,PERDANA / AKADEMIK,TIADA BIDANG,TANJANG BIN TURE,PEREMPUAN,BAJAU,ISLAM,WARGANEGARA,MALAYSIA,,,,,,,,,,,,,,,,,,,,,,,2,ADENA BINTI ABRAHAM,820211125756,KAD PENGENALAN,IBU KANDUNG,BEKERJA SENDIRI,BEKERJA,BEKERJA SENDIRI,500,0138889442,0138889442,BLOK C3-13 TAMAN SRI APAS,"BATU 8, JALAN APAS",,91000,TAWAU,PENAMPANG,SABAH
717,221201033519,AB MUHAMMAD NURASYRAF BIN AB AZIS,151207120535,KAD PENGENALAN,07-12-2015,BERSEKOLAH,21-03-2022,20-12-2025,TAHUN LIMA,MUMTAZ,,BIASA,PERDANA / AKADEMIK,TIADA BIDANG,HAMSIAH BINTI HAMID,LELAKI,MELAYU,ISLAM,WARGANEGARA,MALAYSIA,,,,,,,,,,,,,AB AZIS BIN IBRAHIM,730312045481,KAD PENGENALAN,BAPA KANDUNG,PESARA / PENERIMA PENCEN / PENERIMA BANTUAN / LAIN-LAIN,BEKERJA,JABATAN HAL EHWAL VETERAN ATM,2276.31,0326976600,01136859478,4,FERRY ANGGINI,680114125816,KAD PENGENALAN,IBU KANDUNG,,,,,,,LORONG 1 NO 242 TAMAN PERWIRA,JALAN RANGGU,,91000,TAWAU,PENAMPANG,SABAH
718,221201033520,ABDULLAH BIN SAINI,150922120855,KAD PENGENALAN,22-09-2015,BERSEKOLAH,21-03-2022,20-12-2025,TAHUN LIMA,MUMTAZ,,BIASA,PERDANA / AKADEMIK,TIADA BIDANG,HAMSIAH BINTI HAMID,LELAKI,BUGIS,ISLAM,WARGANEGARA,MALAYSIA,,,,,,,,,,,,,SAINI BIN LABA,721225125067,KAD PENGENALAN,BAPA KANDUNG,PEMANDU BAS,BEKERJA,TIADA,1500,0138980563,01112247663,6,SURIANA BINTI DAMIS,871114495376,KAD PENGENALAN,IBU KANDUNG,,TIDAK BEKERJA,,0,,0178070228,"BATU 12, JALAN BARADAYA, KG RANGGU",,,91000,TAWAU,PENAMPANG,SABAH
719,221201033521,AFIFAH FITRIYAH BINTI ABRAHAM,150601120344,KAD PENGENALAN,01-06-2015,BERSEKOLAH,21-03-2022,20-12-2025,TAHUN LIMA,MUMTAZ,,BIASA,PERDANA / AKADEMIK,TIADA BIDANG,HAMSIAH BINTI HAMID,PEREMPUAN,SULUK,ISLAM,WARGANEGARA,MALAYSIA,,,,,,,,,,,,,TALIP BIN TAPPE,770522126091,KAD PENGENALAN,BAPA TIRI,KERANI AKAUN,BEKERJA,AMANAH IKHTIAR MALAYSIA,5220.93,0148538391,0148538391,6,SULYANA,E9658591,NOMBOR PASPORT,IBU KANDUNG,,TIDAK BEKERJA,,0,,0169767295,"NO 97, LORONG 1 TAMAN RANGGU SAUJANA",,,91000,TAWAU,PENAMPANG,SABAH
720,221201094203,AHMAD ALI RIZQI BIN MOHD SABRI,150510121085,KAD PENGENALAN,10-05-2015,BERSEKOLAH,23-06-2026,23-06-2026,TAHUN LIMA,MUMTAZ,,BIASA,PERDANA / AKADEMIK,TIADA BIDANG,HAMSIAH BINTI HAMID,LELAKI,BUGIS,ISLAM,WARGANEGARA,MALAYSIA,,,,,,,,,,,,,MOHD SABRI BIN AHMAD,891009126411,KAD PENGENALAN,BAPA KANDUNG,,BEKERJA,7 ELEVEN MALAYSIA SDN BHD,1718,,,2,AYU BINTI SALAMAT,910101126730,KAD PENGENALAN,IBU KANDUNG,,,,,,,KG ULU SUAN BIAH,,,89008,KENINGAU,KOTA MARUDU,SABAH
721,221201034127,DAVINA ZAVIERA BINTI RIZAN HARDINATA,150712120670,KAD PENGENALAN,12-07-2015,BERSEKOLAH,21-03-2022,20-12-2025,TAHUN LIMA,MUMTAZ,,BIASA,PERDANA / AKADEMIK,TIADA BIDANG,HAMSIAH BINTI HAMID,PEREMPUAN,MELAYU SABAH,ISLAM,WARGANEGARA,MALAYSIA,,,,,,,,,,,,,RIZAN HARDINATA BIN BABA,800227125613,KAD PENGENALAN,BAPA KANDUNG,PENGURUS BESAR,BEKERJA,BENTA WAWASAN SDN BHD,18884,0168218027,0168218027,2,NOOR AZIMAH BINTI AHMAT,880811495288,KAD PENGENALAN,IBU KANDUNG,BEKERJA SENDIRI,BEKERJA,HAPPY BAKE SHOP,3000,0138808027,0138808027,"LORONG PANGLIMA ABDULLAH, KAMPUNG RANGGU","JALAN APAS, BATU 9",,91000,TAWAU,PENAMPANG,SABAH
722,221201036441,DAYANG IZZ RYNA BINTI AHMAD,151126120242,KAD PENGENALAN,26-11-2015,BERSEKOLAH,21-03-2022,20-12-2025,TAHUN LIMA,MUMTAZ,,BIASA,PERDANA / AKADEMIK,TIADA BIDANG,HAMSIAH BINTI HAMID,PEREMPUAN,TIDUNG,ISLAM,WARGANEGARA,MALAYSIA,,,,,,,,,,,,,AHMAD BIN NASIB,800617125715,KAD PENGENALAN,BAPA KANDUNG,GURU,BEKERJA,KEMENTERIAN PENDIDIKAN MALAYSIA,9629.92,0383217100,0128622424,8,NUR HIJA BINTI HUSSIN,820530126684,KAD PENGENALAN,IBU KANDUNG,,,,,,0128122822,"TAMAN RANGGU SAUJANA, TAWAU",TB431 LOT 103,JALAN RANGGU BATU 10,91000,TAWAU,PENAMPANG,SABAH
723,221201034128,DAYANG NUR SHAFIYYAH BINTI NASIP,150621120114,KAD PENGENALAN,21-06-2015,BERSEKOLAH,21-03-2022,20-12-2025,TAHUN LIMA,MUMTAZ,,BIASA,PERDANA / AKADEMIK,TIADA BIDANG,HAMSIAH BINTI HAMID,PEREMPUAN,BAJAU,ISLAM,WARGANEGARA,MALAYSIA,,,,,,,,,,,,,,,,,,,,,,,,,,,,,,,,,,,,,,,,
724,221201131601,ERISHA DAMIA BINTI NASRIH,150927120184,KAD PENGENALAN,27-09-2015,BERSEKOLAH,21-03-2022,20-12-2025,TAHUN LIMA,MUMTAZ,,BIASA,PERDANA / AKADEMIK,TIADA BIDANG,HAMSIAH BINTI HAMID,PEREMPUAN,BUGIS,ISLAM,WARGANEGARA,,,,,,,,,,,,,,FARHANA BINTI AMBOTOA,900812126084,KAD PENGENALAN,IBU KANDUNG,,TIDAK BEKERJA,,0,,0135563189,4,NASRIH BIN SANUSI,E2942764,NOMBOR PASPORT,BAPA KANDUNG,BEKERJA SENDIRI,TIDAK BEKERJA,FARHANA BINTI AMBOTOA,1000,,0135181130,"KG RANGGU, BT12",SIMPANG ATTAFAQQU FIDDIN,LORONG PRIMA,91000,TAWAU,PENAMPANG,SABAH
725,211201127931,HAMISYA AMANI BINTI HAMSAH,150223120194,KAD PENGENALAN,23-02-2015,BERSEKOLAH,23-03-2022,20-12-2025,TAHUN LIMA,MUMTAZ,,BIASA,PERDANA / AKADEMIK,TIADA BIDANG,HAMSIAH BINTI HAMID,PEREMPUAN,BUGIS,ISLAM,WARGANEGARA,MALAYSIA,,,,,,,,,,,,,HAMSAH BIN BAKRI,900228125701,KAD PENGENALAN,BAPA KANDUNG,MEKANIK BENGKEL,TIDAK BEKERJA,HERMAN BIN BAKRI,2500,,0137555672,5,MARLIANTI BINTI ABIDDIN,920731125758,KAD PENGENALAN,IBU KANDUNG,,TIDAK BEKERJA,,0,,0192692194,KAMPUNG RANGGU,"BATU 9 , JALAN MARIANO",LORONG HJI MANSOR DAMAI RIA 2,91000,TAWAU,PENAMPANG,SABAH
726,221201135349,LINA AFIQAH BINTI ABDULLAH,150113020758,KAD PENGENALAN,13-01-2015,BERSEKOLAH,20-01-2026,20-01-2026,TAHUN LIMA,MUMTAZ,,BIASA,PERDANA / AKADEMIK,TIADA BIDANG,HAMSIAH BINTI HAMID,PEREMPUAN,TIDUNG,ISLAM,WARGANEGARA,,,,,,,,,,,,,,,,,,,,,,,,,,,,,,,,,,,,,,,,,
727,221201124524,MOHAMAD DZAQIERUL HAMZAH BIN MOHAMAD RIDWAN,150211120269,KAD PENGENALAN,11-02-2015,BERSEKOLAH,03-04-2024,20-12-2025,TAHUN LIMA,MUMTAZ,,BIASA,PERDANA / AKADEMIK,TIADA BIDANG,HAMSIAH BINTI HAMID,LELAKI,SUNGAI,ISLAM,WARGANEGARA,MALAYSIA,,,,,,,,,,,,,SITI NORBAYANAH BINTI AMIN,890127125706,KAD PENGENALAN,IBU KANDUNG,,TIDAK BEKERJA,,0,,0147588390,7,MOHAMAD RIDWAN BIN AHMADI,850902125883,KAD PENGENALAN,BAPA KANDUNG,PEMANDU LORI,BEKERJA,PRIFARIA SDN BHD,5420.85,0389594437,0172695883,PRIMA RANGGU NO 155,LORONG 3,,91000,TAWAU,PENAMPANG,SABAH
728,221201096327,MOHAMMAD HARITH MIKAIL BIN ISMAIL,150208120153,KAD PENGENALAN,08-02-2015,BERSEKOLAH,21-03-2022,20-12-2025,TAHUN LIMA,MUMTAZ,,BIASA,PERDANA / AKADEMIK,TIADA BIDANG,HAMSIAH BINTI HAMID,LELAKI,SULUK,ISLAM,WARGANEGARA,MALAYSIA,,,,,,,,,,,,,ISMAIL BIN LATIP,820312125181,KAD PENGENALAN,BAPA KANDUNG,BEKERJA SENDIRI,BEKERJA,ISMAIL BIN LATIP,2000,0178687657,0178687657,6,MASNI BINTI AMBO ALA SODDA,C7627260,NOMBOR PASPORT,IBU KANDUNG,,TIDAK BEKERJA,,0,,0167348140,KAMPUNG RANGGU,,,91000,TAWAU,PENAMPANG,SABAH
729,221201096329,MOHAMMAD SHAQRI BIN SARIPUDDIN,151219120807,KAD PENGENALAN,19-12-2015,BERSEKOLAH,21-03-2022,20-12-2025,TAHUN LIMA,MUMTAZ,,BIASA,PERDANA / AKADEMIK,TIADA BIDANG,HAMSIAH BINTI HAMID,LELAKI,BUGIS,ISLAM,WARGANEGARA,MALAYSIA,,,,,,,,,,,,,SARIPUDDIN BIN BURHAN,681203125193,KAD PENGENALAN,BAPA KANDUNG,,TIDAK BEKERJA,,200,,01161992073,4,SUHANA BINTI LANACO,780113125556,KAD PENGENALAN,IBU KANDUNG,,TIDAK BEKERJA,,200,,01161957680,LOT NO 3,LORONG TERATAI,KAMPUNG RANGGU BATU 10,91000,TAWAU,PENAMPANG,SABAH
730,221201096330,MOHAMMAD THAQIF HARRAZ BIN SABRI,150825120327,KAD PENGENALAN,25-08-2015,BERSEKOLAH,21-03-2022,20-12-2025,TAHUN LIMA,MUMTAZ,,BIASA,PERDANA / AKADEMIK,TIADA BIDANG,HAMSIAH BINTI HAMID,LELAKI,TIDUNG,ISLAM,WARGANEGARA,MALAYSIA,,,,,,,,,,,,,SABRI BIN SAMSUL,890717125239,KAD PENGENALAN,BAPA KANDUNG,JURUTEKNIK,TIDAK BEKERJA,KING PARK HOTEL TAWAU,1700,,0142812945,5,MARDIANA BINTI LAIMAN,890424126238,KAD PENGENALAN,IBU KANDUNG,,TIDAK BEKERJA,,0,,01131781445,PPR TAMAN SRI APAS,"BLOK G (G1-22), JALAN APAS BATU 8",TAWAU SABAH,91000,TAWAU,PENAMPANG,SABAH
731,221201056753,MUHAMAD IZZAT BIN MUHAMAD SUFRI,150305120323,KAD PENGENALAN,05-03-2015,BERSEKOLAH,28-03-2022,20-12-2025,TAHUN LIMA,MUMTAZ,,BIASA,PERDANA / AKADEMIK,TIADA BIDANG,HAMSIAH BINTI HAMID,LELAKI,JAWA,ISLAM,WARGANEGARA,MALAYSIA,,,,,,,,,,,,,MUHAMAD SUFRI BIN YATIMIN,830728125555,KAD PENGENALAN,BAPA KANDUNG,PEMANDU,TIDAK BEKERJA,JABATAN PENDIDIKAN,3197.07,,0165859214,6,ROSITA BINTI SARAIL,850128125840,KAD PENGENALAN,IBU KANDUNG,PEGAWAI IMIGRESEN GRED KP,TIDAK BEKERJA,JABATAN IMIGRESEN MALAYSIA,4396.15,,0146514384,BATU 10 1/2 JALAN LORONG BATU HIDUP,TAWAU SABAH,,91000,TAWAU,PENAMPANG,SABAH
732,221201132150,MUHAMMAD ARSYAD MALIQ BIN SAHRUL,151116121495,KAD PENGENALAN,16-11-2015,BERSEKOLAH,07-10-2025,20-12-2025,TAHUN LIMA,MUMTAZ,,BIASA,PERDANA / AKADEMIK,TIADA BIDANG,HAMSIAH BINTI HAMID,LELAKI,RUNGUS,ISLAM,WARGANEGARA,,,,,,,,,,,,,,SAHRUL BIN ABD MANANG,840820125821,KAD PENGENALAN,BAPA KANDUNG,PESARA / PENERIMA PENCEN / PENERIMA BANTUAN / LAIN-LAIN,BEKERJA,KEMENTERIAN PERTAHANAN,2983.84,0199745153,0199749872,6,FAZINA EMY BINTI JANAIK,880806125426,KAD PENGENALAN,IBU KANDUNG,JURURAWAT,TIDAK BEKERJA,KEMENTERIAN KESIHATAN,6367.48,,01135545426,RESIDENSI PRIMA RANGGU,"LORONG 15 , NO 1148",JALAN RESIDENSI 5,91000,TAWAU,PENAMPANG,SABAH
733,221201132151,MUHAMMAD ARSYAD MIQHAEL BIN SAHRUL,151116121559,KAD PENGENALAN,16-11-2015,BERSEKOLAH,07-10-2025,20-12-2025,TAHUN LIMA,MUMTAZ,,BIASA,PERDANA / AKADEMIK,TIADA BIDANG,HAMSIAH BINTI HAMID,LELAKI,RUNGUS,ISLAM,WARGANEGARA,,,,,,,,,,,,,,SAHRUL BIN ABD MANANG,840820125821,KAD PENGENALAN,BAPA KANDUNG,PESARA / PENERIMA PENCEN / PENERIMA BANTUAN / LAIN-LAIN,BEKERJA,KEMENTERIAN PERTAHANAN,2983.84,0199745153,0199749872,6,FAZINA EMY BINTI JANAIK,880806125426,KAD PENGENALAN,IBU KANDUNG,JURURAWAT,TIDAK BEKERJA,KEMENTERIAN KESIHATAN,6367.48,,01135545426,"RESIDENSI PRIMA RANGGU ,","LORONG 15 , NO 1148 , JALAN RESIDENSI 5",,91000,TAWAU,PENAMPANG,SABAH
734,221201096287,MUHAMMAD FAIZ DAIM BIN SYAMSUDDIN,150127120397,KAD PENGENALAN,27-01-2015,BERSEKOLAH,21-03-2022,20-12-2025,TAHUN LIMA,MUMTAZ,,BIASA,PERDANA / AKADEMIK,TIADA BIDANG,HAMSIAH BINTI HAMID,LELAKI,JAWA,ISLAM,WARGANEGARA,MALAYSIA,,,,,,,,,,,,,,,,,,,,,,,4,JUMILAH BINTI BUYADI,870731495094,KAD PENGENALAN,IBU KANDUNG,,TIDAK BEKERJA,,1000,,01151528286,,,,,,,
735,221201096288,MUHAMMAD HADIFF BIN SAMBRAN,151028120441,KAD PENGENALAN,28-10-2015,BERSEKOLAH,21-03-2022,20-12-2025,TAHUN LIMA,MUMTAZ,,BIASA,PERDANA / AKADEMIK,TIADA BIDANG,HAMSIAH BINTI HAMID,LELAKI,BUGIS,ISLAM,WARGANEGARA,MALAYSIA,,,,,,,,,,,,,SAMBRAN BIN RUSTAM,910605125635,KAD PENGENALAN,BAPA KANDUNG,,TIDAK BEKERJA,,1700,,0109343312,5,MUHRIANSAKINAH BINTI MOHASAD,910710125012,KAD PENGENALAN,IBU KANDUNG,TUKANG JAHIT,TIDAK BEKERJA,MUHRIANSAKINAH,200,,01114126248,B4-15,TAMAN SRI APAS,PPR BATU 8 JALAN APAS,91000,TAWAU,PENAMPANG,SABAH
736,211201128748,MUHAMMAD KAMARUL BIN KAMAL,151228120673,KAD PENGENALAN,28-12-2015,BERSEKOLAH,20-05-2022,20-12-2025,TAHUN LIMA,MUMTAZ,,BIASA,PERDANA / AKADEMIK,TIADA BIDANG,HAMSIAH BINTI HAMID,LELAKI,BUGIS,ISLAM,WARGANEGARA,MALAYSIA,,,YA,,LD120324000190,26-01-2024,,PEMBELAJARAN,,YA (01),1210141100113326,BANK SIMPANAN NASIONAL,RUSNIATI,E2173971,NOMBOR PASPORT,IBU KANDUNG,,TIDAK BEKERJA,,900,,01116484642,2,,,,,,,,,,,BATU 9 KAMPUNG RANGGU,,,91000,TAWAU,PENAMPANG,SABAH
737,221201038165,MUHAMMAD NAUFAL LUTHFI BIN MOHD SYAZWAN,150906120505,KAD PENGENALAN,06-09-2015,BERSEKOLAH,07-03-2025,20-12-2025,TAHUN LIMA,MUMTAZ,,BIASA,PERDANA / AKADEMIK,TIADA BIDANG,HAMSIAH BINTI HAMID,LELAKI,SULUK,ISLAM,WARGANEGARA,MALAYSIA,,,,,,,,,,,,,MOHD SYAZWAN BIN PADLAN @ MASLAN,791010125995,KAD PENGENALAN,BAPA KANDUNG,KOPERAL POLIS,BEKERJA,POLIS DIRAJA MALAYSIA,5419.62,089983246,0138693969,3,,,,,,,,,,,,,,,,,
738,221201096018,MUHAMMAD SYAFIQ AIMAN BIN AHMAD,150210120101,KAD PENGENALAN,10-02-2015,BERSEKOLAH,21-03-2022,20-12-2025,TAHUN LIMA,MUMTAZ,,BIASA,PERDANA / AKADEMIK,TIADA BIDANG,HAMSIAH BINTI HAMID,LELAKI,BUGIS,ISLAM,WARGANEGARA,MALAYSIA,,,,,,,,,,,,,AHMAD BIN ABDUL RAHIM,791209125933,KAD PENGENALAN,BAPA KANDUNG,PEMANDU KENDERAAN GRED H,BEKERJA,IPG KAMPUS TAWAU,2997.93,089951250,0138994972,4,SUMARIA BINTI SULE,801207126234,KAD PENGENALAN,IBU KANDUNG,,TIDAK BEKERJA,,0,,0138371236,,,,,,,
739,221201094319,MUHAMMAD SYAHFIQ BIN JUPRI,150405120689,KAD PENGENALAN,05-04-2015,BERSEKOLAH,17-02-2023,20-12-2025,TAHUN LIMA,MUMTAZ,,BIASA,PERDANA / AKADEMIK,TIADA BIDANG,HAMSIAH BINTI HAMID,LELAKI,BUGIS,ISLAM,WARGANEGARA,MALAYSIA,,,,,,,,,,,,,JUPRI BIN ALYAS,800210126185,KAD PENGENALAN,BAPA KANDUNG,,TIDAK BEKERJA,,4000,,0194147984,5,SUMARNI BINTI DARWIS,841229125896,KAD PENGENALAN,IBU KANDUNG,,TIDAK BEKERJA,,0,,0178369184,"LORONG SERANG GERAT,","LORONG RANCANGAN MAHMUD,",KAMPUNG RANCANGAN RANGGU,91000,TAWAU,PENAMPANG,SABAH
740,221201096019,MUHAMMAD SYAHRIZAN UQASYA BIN REDUWAN,150225120681,KAD PENGENALAN,25-02-2015,BERSEKOLAH,21-03-2022,20-12-2025,TAHUN LIMA,MUMTAZ,,BIASA,PERDANA / AKADEMIK,TIADA BIDANG,HAMSIAH BINTI HAMID,LELAKI,COCOS,ISLAM,WARGANEGARA,MALAYSIA,,,,,,,,,,,,,REDUWAN BIN AHGUAN,840321125405,KAD PENGENALAN,BAPA KANDUNG,,TIDAK BEKERJA,HAP SENG,1750,,0163814678,5,LAILA BINTI HARRIS,860220125578,KAD PENGENALAN,IBU KANDUNG,,TIDAK BEKERJA,,0,,0163814678,"KAMPUNG RANCANGAN RANGGU BATU 10,",JALAN APAS,,91000,TAWAU,PENAMPANG,SABAH
741,221201092963,MUHAMMAD ZAHIR ARRAYYAN BIN AZMAN,150307120079,KAD PENGENALAN,07-03-2015,BERSEKOLAH,24-08-2023,20-12-2025,TAHUN LIMA,MUMTAZ,,BIASA,PERDANA / AKADEMIK,TIADA BIDANG,HAMSIAH BINTI HAMID,LELAKI,BUGIS,ISLAM,WARGANEGARA,MALAYSIA,,,,,,,,,,,,,AZMAN BIN YACO,850728126353,KAD PENGENALAN,BAPA KANDUNG,PEMANDU,BEKERJA,ASTA ENTERPRISE,1700,0165856352,0165856352,6,KAMARIAH BINTI AMISSAIN,820523126352,KAD PENGENALAN,IBU KANDUNG,,,,,,0168806352,"NO. 193, LORONG 4, TYPE B,",RESIDENSI PRIMA RANGGU,,91000,TAWAU,PENAMPANG,SABAH
742,221201051162,NUR AISYAH ZULAIKHA BINTI MOHD ROSMAN,151024120380,KAD PENGENALAN,24-10-2015,BERSEKOLAH,11-03-2024,20-12-2025,TAHUN LIMA,MUMTAZ,,BIASA,PERDANA / AKADEMIK,TIADA BIDANG,HAMSIAH BINTI HAMID,PEREMPUAN,MELAYU,ISLAM,WARGANEGARA,MALAYSIA,,,,,,,,,,,,,MOHD ROSMAN BIN ABDUL JALIL,800621125785,KAD PENGENALAN,BAPA KANDUNG,PEMBANTU TEKNIK UKUR,BEKERJA,PERUNDING ROSDIANSYAH AMIN SDN BHD,5600,01008872537,0138556370,6,,,,,,,,,,,"LOT 1170,LORONG 15",JALAN RESIDENSI RANGGU 5,TAMAN PRIMA RANGGU,91000,TAWAU,PENAMPANG,SABAH
743,221201096031,NUR DAMIA QAISARA BINTI RAMLAN,150213120342,KAD PENGENALAN,13-02-2015,BERSEKOLAH,21-03-2022,20-12-2025,TAHUN LIMA,MUMTAZ,,BIASA,PERDANA / AKADEMIK,TIADA BIDANG,HAMSIAH BINTI HAMID,PEREMPUAN,BUGIS,ISLAM,WARGANEGARA,MALAYSIA,,,,,,,,,,YA (01),,,JULIAH BINTI KALADO,810716126018,KAD PENGENALAN,IBU KANDUNG,JURURAWAT MASYARAKAT GRED U,TIDAK BEKERJA,PEJABAT KESIHATAN TAWAU,4956.64,,0146503877,4,,,,,,,,,,,TAMAN APAS PERMAI  LRG 5 NO 433,BATU 15 JALAN APAS,,91000,TAWAU,PENAMPANG,SABAH
744,221201034198,NUR FITRI SYAFIYAH BINTI ADZHAR KHAN,151209121638,KAD PENGENALAN,09-12-2015,BERSEKOLAH,21-03-2022,20-12-2025,TAHUN LIMA,MUMTAZ,,BIASA,PERDANA / AKADEMIK,TIADA BIDANG,HAMSIAH BINTI HAMID,PEREMPUAN,BANJAR,ISLAM,WARGANEGARA,MALAYSIA,,,,,,,,,,,,,JULIAH BINTI ABIDIN,870912495202,KAD PENGENALAN,IBU KANDUNG,,TIDAK BEKERJA,,1800,,0135750596,2,,,,,,,,,,,,,,,,,
745,221201034199,NUR IZARA ZULAIQAH BINTI ABDULLAH,150304120284,KAD PENGENALAN,04-03-2015,BERSEKOLAH,21-03-2022,20-12-2025,TAHUN LIMA,MUMTAZ,,BIASA,PERDANA / AKADEMIK,TIADA BIDANG,HAMSIAH BINTI HAMID,PEREMPUAN,BUGIS,ISLAM,WARGANEGARA,MALAYSIA,,,,,,,,,,,,,MAHADIR BIN HAJULA,841014125303,KAD PENGENALAN,BAPA KANDUNG,PEMANDU BAS,BEKERJA,AJ CAR RENTAL,1200,0167477479,0167477479,14,HALIMAH BINTI MARUPI,881016126082,KAD PENGENALAN,IBU KANDUNG,,TIDAK BEKERJA,,0,,01005155594,TB537 LOT 365 TAMAN RANGGU SAUJANA,BATU 10 JALAN RANGGU,,91000,TAWAU,PENAMPANG,SABAH
746,221201098408,NUR QISYA ADELIA BINTI HUSSIEN,151213120152,KAD PENGENALAN,13-12-2015,BERSEKOLAH,11-03-2024,20-12-2025,TAHUN LIMA,MUMTAZ,,BIASA,PERDANA / AKADEMIK,TIADA BIDANG,HAMSIAH BINTI HAMID,PEREMPUAN,INDONESIA,ISLAM,WARGANEGARA,MALAYSIA,,,,,,,,,,,,,KASMI BINTI KADIR,890807125830,KAD PENGENALAN,IBU KANDUNG,,TIDAK BEKERJA,,0,,0178319508,4,HUSSIEN BIN LABULO,820831125095,KAD PENGENALAN,BAPA KANDUNG,,TIDAK BEKERJA,SINAR PERMAI ENTERPRISE,2500,,0195358918,"TB40, LORONG 2",RESIDENSI PRIMA RANGGU,,91000,TAWAU,PENAMPANG,SABAH
747,221001173225,NURUL SHAFIQAH SENROSE BINTI ASBIDUN,150103120050,KAD PENGENALAN,03-01-2015,BERSEKOLAH,17-11-2025,20-12-2025,TAHUN LIMA,MUMTAZ,,BIASA,PERDANA / AKADEMIK,TIADA BIDANG,HAMSIAH BINTI HAMID,PEREMPUAN,JAWA,ISLAM,WARGANEGARA,MALAYSIA,,,,,,,,,,,,,FAUZIAH BINTI KASMAN,800919125462,KAD PENGENALAN,IBU KANDUNG,PEKERJA AM,TIDAK BEKERJA,SERVAY EVERGREEN SDN BHD,0,,0178743013,5,SYAHARUDDING BIN RAHMAN,781120125591,KAD PENGENALAN,BAPA KANDUNG,PEMANDU LORI,TIDAK BEKERJA,POPULAR PRESTIGE SDN. BHD,1828.45,,0172030153,NO 576 LORONG 1,TAMAN SAUJANA,RANGGU,91000,TAWAU,PENAMPANG,SABAH
748,221201034748,RAYYAN BIN SUHAIMI,150601120395,KAD PENGENALAN,01-06-2015,BERSEKOLAH,21-03-2022,20-12-2025,TAHUN LIMA,MUMTAZ,,BIASA,PERDANA / AKADEMIK,TIADA BIDANG,HAMSIAH BINTI HAMID,LELAKI,KADAZAN,ISLAM,WARGANEGARA,MALAYSIA,,,,,,,,,,,,,ROSNANISAH BINTI DARSAN,930628125994,KAD PENGENALAN,LAIN-LAIN,,TIDAK BEKERJA,,2000,,0167102806,1,,,,,,,,,,,,,,,,,
749,221201034749,RAZIEQ AZFAR BIN RUSLAN,150201060127,KAD PENGENALAN,01-02-2015,BERSEKOLAH,21-03-2022,20-12-2025,TAHUN LIMA,MUMTAZ,,BIASA,PERDANA / AKADEMIK,TIADA BIDANG,HAMSIAH BINTI HAMID,LELAKI,BUGIS,ISLAM,WARGANEGARA,MALAYSIA,,,,,,,,,,,,,ASRIANI BINTI BOJOK,911229155084,KAD PENGENALAN,IBU KANDUNG,,TIDAK BEKERJA,,0,,0105516979,6,RUSLAN BIN ROLON,820412125031,KAD PENGENALAN,BAPA KANDUNG,GURU PENDIDIKAN MENENGAH,BEKERJA,PENGETUA,9400.07,010772609,0122266979,TB508,LORONG 2,TAMAN RANGGU SAUJANA,91000,TAWAU,PENAMPANG,SABAH
750,221201034750,RISQAH ADRIANA BINTI RAIS,150206120600,KAD PENGENALAN,06-02-2015,BERSEKOLAH,21-03-2022,20-12-2025,TAHUN LIMA,MUMTAZ,,BIASA,PERDANA / AKADEMIK,TIADA BIDANG,HAMSIAH BINTI HAMID,PEREMPUAN,BUGIS,ISLAM,WARGANEGARA,MALAYSIA,,,,,,,,,,,,,RINA ANDRIANA,930906125768,KAD PENGENALAN,IBU KANDUNG,BEKERJA SENDIRI,BEKERJA,RINA ANDRIANA,500,01170765893,01170765893,4,,,,,,,,,,,LORONG SAPIYAH MAHALUN,"KG. RANGGU, JLN RANGGU",,91000,TAWAU,PENAMPANG,SABAH
751,261202331350,SITI SYAZWANIE BINTI ABDULLAH,043828XAH,SIJIL LAHIR,20-05-2015,BERSEKOLAH,26-04-2026,04-05-2026,TAHUN LIMA,MUMTAZ,,BIASA,PERDANA / AKADEMIK,TIADA BIDANG,HAMSIAH BINTI HAMID,PEREMPUAN,BAJAU,ISLAM,BUKAN WARGANEGARA,MALAYSIA,,,,,,,,,,,,,RUDY,800616126409,KAD PENGENALAN,BAPA KANDUNG,PEGAWAI RELA,BEKERJA,JABATAN SUKARELAWAN MALAYSIA (RELA,2500,0142820107,0142820107,4,,,,,,,,,,,"KG RANGGU, JLN APAS, BT9",TAWAU,,91000,TAWAU,PENAMPANG,SABAH
752,211201111309,ADNI DAFINAH BINTI MURSALIN,140711121592,KAD PENGENALAN,11-07-2014,BERSEKOLAH,20-01-2021,04-05-2026,TAHUN ENAM,ILTIZAM,,BIASA,PERDANA / AKADEMIK,TIADA BIDANG,AGKU KEMAINDDRA BIN PG MOHD TAIB,PEREMPUAN,JAWA,ISLAM,WARGANEGARA,MALAYSIA,,,,,,,,,,,,,SUTRA BINTI ABDUL SALAM,860509125528,KAD PENGENALAN,IBU KANDUNG,JURUWANG BANK,BEKERJA,PUBLIC BANK BERHAD,6400,089913262,0165090905,4,,,,,,,,,,,TB13335 LOT 261 BANDAR SRI INDAH,BATU 10 JALAN APAS,TAWAU,91000,TAWAU,PENAMPANG,SABAH
753,211201104126,ALFIN ZIKRI BIN MUHAMMAD ZULKIFLI,141030120353,KAD PENGENALAN,30-10-2014,BERSEKOLAH,20-01-2021,20-12-2025,TAHUN ENAM,ILTIZAM,,BIASA,PERDANA / AKADEMIK,TIADA BIDANG,AGKU KEMAINDDRA BIN PG MOHD TAIB,LELAKI,BUGIS,ISLAM,WARGANEGARA,MALAYSIA,,,,,,,,,,,,,MUHAMMAD ZULKIFLI BIN DARWIS,920309125891,KAD PENGENALAN,BAPA KANDUNG,PEMBANTU KILANG,BEKERJA,BEST POLYPACK PRODUCTS SDN BHD,1700,089711206,01165690903,3,ZARINA BINTI SUDIRMAN,940610125768,KAD PENGENALAN,IBU KANDUNG,PEKERJA PEMBERSIHAN,BEKERJA,JAWAT JOHAN SDN BHD,1700,088205377,0178636424,BATU 8 JALAN RANGGU LAMA,,,91000,TAWAU,PENAMPANG,SABAH
754,211201106724,ANIQ IZZ ZARIF BIN MOHD NOR AZMAN,140402120297,KAD PENGENALAN,02-04-2014,BERSEKOLAH,11-03-2024,20-12-2025,TAHUN ENAM,ILTIZAM,,BIASA,PERDANA / AKADEMIK,TIADA BIDANG,AGKU KEMAINDDRA BIN PG MOHD TAIB,LELAKI,BUGIS,ISLAM,WARGANEGARA,MALAYSIA,,,,,,,,,,,,,,,,,,,,,,,4,MOHD NOR AZMAN BIN UMAR,850810125413,KAD PENGENALAN,BAPA KANDUNG,KERANI BANK,BEKERJA,AGROBANK TAWAU,4100,010770202,0103362892,TAMAN RANGGU SAUJANA,NO 46,LORONG 1,91000,TAWAU,PENAMPANG,SABAH
755,211201078367,AUDHIA MULIANIE BINTI ADY KURNIAWAN,140811120546,KAD PENGENALAN,11-08-2014,BERSEKOLAH,21-04-2025,20-12-2025,TAHUN ENAM,ILTIZAM,,BIASA,PERDANA / AKADEMIK,TIADA BIDANG,AGKU KEMAINDDRA BIN PG MOHD TAIB,PEREMPUAN,BANJAR,ISLAM,WARGANEGARA,MALAYSIA,,,,,,,,,,,,,ADY KURNIAWAN NANANG PAHRUL,871023495645,KAD PENGENALAN,BAPA KANDUNG,,TIDAK BEKERJA,,2050,,0166197793,5,SUMARNI BINTI IDRIS,C8353569,NOMBOR PASPORT,IBU KANDUNG,,TIDAK BEKERJA,,0,,0111544113,"LOT F-04-10 SOUTH VILLE,","APARTEMENT BANDAR SRI INDAH,",JLN APAS BATU 10,91000,TAWAU,PENAMPANG,SABAH
756,211201125302,DAYANG NUR ATHIRAH BINTI DATU MOHD NOOR,140921121160,KAD PENGENALAN,21-09-2014,BERSEKOLAH,01-03-2021,20-12-2025,TAHUN ENAM,ILTIZAM,,BIASA,PERDANA / AKADEMIK,TIADA BIDANG,AGKU KEMAINDDRA BIN PG MOHD TAIB,PEREMPUAN,BAJAU,ISLAM,WARGANEGARA,MALAYSIA,,,,,,,,,,,,,DATU MOHD NOOR BIN DATU BIDIN,821116125795,KAD PENGENALAN,BAPA KANDUNG,PENGURUS CAWANGAN,BEKERJA,AMANAH IKHTIAR MALAYSIA,6000,0138898288,0138898288,5,NOR HAMIDAH BINTI DULIMAN,860610495494,KAD PENGENALAN,IBU KANDUNG,,TIDAK BEKERJA,,0,,01170018288,KG RANGGU SAUJANA,BATU 10,,91000,TAWAU,PENAMPANG,SABAH
757,211201112969,FARHANA ALISYA BINTI A.RAHMAN,140112120088,KAD PENGENALAN,12-01-2014,BERSEKOLAH,11-03-2024,20-12-2025,TAHUN ENAM,ILTIZAM,,BIASA,PERDANA / AKADEMIK,TIADA BIDANG,AGKU KEMAINDDRA BIN PG MOHD TAIB,PEREMPUAN,BUGIS,ISLAM,WARGANEGARA,MALAYSIA,,,,,,,,,,,,,A.RAHMAN BIN ABDULLAH @ MUSTAPFA,680415126249,KAD PENGENALAN,BAPA KANDUNG,,TIDAK BEKERJA,,200,,0198691769,3,SABRIAH @ HABIBAH BINTI ABDUL SABAR,691228125594,KAD PENGENALAN,IBU KANDUNG,GURU,BEKERJA,GURU BESAR,8833,01165749440,0198691769,,,,,,,
758,211201098921,HUMAIRA QAIRINA BINTI HASSAN,140608120268,KAD PENGENALAN,08-06-2014,BERSEKOLAH,11-01-2024,20-12-2025,TAHUN ENAM,ILTIZAM,,BIASA,PERDANA / AKADEMIK,TIADA BIDANG,AGKU KEMAINDDRA BIN PG MOHD TAIB,PEREMPUAN,BUGIS,ISLAM,WARGANEGARA,MALAYSIA,,,,,,,,,,,,,HASSAN BIN HANANNU,820613125329,KAD PENGENALAN,BAPA KANDUNG,BEKERJA SENDIRI,BEKERJA,EHAILING,1500,01668106831,0168106831,1,IDAWATI BINTI HATIB,830312125658,KAD PENGENALAN,IBU KANDUNG,EKSEKUTIF TEKNIKAL,BEKERJA,"SEDAFIAT SDN BHD,",6400,089774689,0168106831,"TB 856, RESIDENSI PRIMA RANGGU,","LORONG 13-1/3 JALAN RESIDENSI RANGGU 4,",,91000,TAWAU,PENAMPANG,SABAH
759,211201114512,MARZUQI WAHIDUZ ZAMAN BIN HERMANSHAH,141002120567,KAD PENGENALAN,02-10-2014,BERSEKOLAH,20-01-2021,20-12-2025,TAHUN ENAM,ILTIZAM,,BIASA,PERDANA / AKADEMIK,TIADA BIDANG,AGKU KEMAINDDRA BIN PG MOHD TAIB,LELAKI,BANJAR,ISLAM,WARGANEGARA,MALAYSIA,,,,,,,,,,YA (01),,,MUDATSYIR BIN HERMANSHAH,050625120359,KAD PENGENALAN,ABANG,,TIDAK BEKERJA,,500,,,2,,,,,,,,,,,TAMAN SRI APAS BLOK B( B1-11BT8,,,91000,TAWAU,PENAMPANG,SABAH
760,211201122438,MAS SYUHADAH BINTI MASLI,140325120604,KAD PENGENALAN,25-03-2014,BERSEKOLAH,21-10-2024,20-12-2025,TAHUN ENAM,ILTIZAM,,BIASA,PERDANA / AKADEMIK,TIADA BIDANG,AGKU KEMAINDDRA BIN PG MOHD TAIB,PEREMPUAN,FILIPINO,ISLAM,WARGANEGARA,MALAYSIA,,,,,,,,,,,,,MASLI BIN ISMAIL,800802126381,KAD PENGENALAN,BAPA KANDUNG,,TIDAK BEKERJA,,2100,,01119946783,12,SAMODRA BINTI BORA,P7359338A,NOMBOR PASPORT,IBU KANDUNG,,TIDAK BEKERJA,,0,,01119946783,RANGGU KAMPUNG CINA JALAN APAS BATU8,,,91000,TAWAU,PENAMPANG,SABAH
761,211201119064,MOHAMMAD IQQAL RUZAYLEY BIN MOHD RUSDI,140410121003,KAD PENGENALAN,10-04-2014,BERSEKOLAH,21-01-2021,20-12-2025,TAHUN ENAM,ILTIZAM,,BIASA,PERDANA / AKADEMIK,TIADA BIDANG,AGKU KEMAINDDRA BIN PG MOHD TAIB,LELAKI,BAJAU,ISLAM,WARGANEGARA,MALAYSIA,,,,,,,,,,,,,MOHD RUSDI BIN SEMAL,860418125135,KAD PENGENALAN,BAPA KANDUNG,BURUH PEMBUATAN,BEKERJA,KONTRAKTOR FOKUS NIAGA SDN BHD,1205,01136011535,01136011535,3,POLLYANA BINTI ALPIN,890412125254,KAD PENGENALAN,IBU KANDUNG,,,,,,,KAMPUNG RANGGU,,,91000,TAWAU,PENAMPANG,SABAH
762,211201105081,MOHAMMAD IRFAN BIN JASMYN,140930120389,KAD PENGENALAN,30-09-2014,BERSEKOLAH,20-01-2021,20-12-2025,TAHUN ENAM,ILTIZAM,,BIASA,PERDANA / AKADEMIK,TIADA BIDANG,AGKU KEMAINDDRA BIN PG MOHD TAIB,LELAKI,BAJAU,ISLAM,WARGANEGARA,MALAYSIA,,,,,,,,,,,,,JASMYN BIN MOHD SAKKUL,840904125693,KAD PENGENALAN,BAPA KANDUNG,KAKITANGAN SWASTA,BEKERJA,ULTIMATE RESERVES SDN BHD,2334,0135529339,0138811371,7,AZLINA BINTI JAKARIAH,840309126050,KAD PENGENALAN,IBU KANDUNG,,TIDAK BEKERJA,,0,,0146415935,JALAN APAS BATU 8,KAMPUNG RANGGU,LORONG OT MAMANGKU BATU 9,91000,TAWAU,PENAMPANG,SABAH
763,211201066003,MUHAMAD AIDIL AZHARI BIN MOHAMAD ALI,140730120659,KAD PENGENALAN,30-07-2014,BERSEKOLAH,20-01-2021,20-12-2025,TAHUN ENAM,ILTIZAM,,BIASA,PERDANA / AKADEMIK,TIADA BIDANG,AGKU KEMAINDDRA BIN PG MOHD TAIB,LELAKI,BUGIS,ISLAM,WARGANEGARA,MALAYSIA,,,,,,,,,,,,,RATNAWATI BINTI LAMIDA,831117125454,KAD PENGENALAN,IBU KANDUNG,BEKERJA SENDIRI,BEKERJA,TEGUH AUTO PART,2200,0128205600,0128205600,4,,,,,,,,,,,KAMPUNG RANGGU,BATU 9,,91009,TAWAU,PENAMPANG,SABAH
764,211201114513,MUHAMMAD ALIF BIN RAMIL,140226120115,KAD PENGENALAN,26-02-2014,BERSEKOLAH,20-01-2021,20-12-2025,TAHUN ENAM,ILTIZAM,,BIASA,PERDANA / AKADEMIK,TIADA BIDANG,AGKU KEMAINDDRA BIN PG MOHD TAIB,LELAKI,BUGIS,ISLAM,WARGANEGARA,MALAYSIA,,,,,,,,,,,,,RAMIL BIN DAMIS,740213125207,KAD PENGENALAN,BAPA KANDUNG,,TIDAK BEKERJA,,1700,,0135083012,3,,,,,,,,,,,KAMPUNG RANGGU BATU 10,,,91000,TAWAU,PENAMPANG,SABAH
765,211001212068,MUHAMMAD ARRIAN BIN FAIZAL,141002120911,KAD PENGENALAN,02-10-2014,BERSEKOLAH,17-02-2025,20-12-2025,TAHUN ENAM,ILTIZAM,,BIASA,PERDANA / AKADEMIK,TIADA BIDANG,AGKU KEMAINDDRA BIN PG MOHD TAIB,LELAKI,BUGIS,ISLAM,WARGANEGARA,MALAYSIA,,,,,,,,,,,,,FAIZAL BIN ACHO,910503125917,KAD PENGENALAN,BAPA KANDUNG,PEMANDU LORI,BEKERJA,HERMES,2500,01131461914,0165535917,2,PAUSIAH BINTI AMATANG,910225126230,KAD PENGENALAN,IBU KANDUNG,,,,,,01127671091,TB 619 LORONG 11 RESIDENSI RANGGU 4,TAMAN PRIMA RANGGU JALAN RANGGU,BATU 12,91000,TAWAU,PENAMPANG,SABAH
766,211201121920,MUHAMMAD ARSYAD LUQMAN BIN SAHRUL,140104120977,KAD PENGENALAN,04-01-2014,BERSEKOLAH,07-10-2025,20-12-2025,TAHUN ENAM,ILTIZAM,,BIASA,PERDANA / AKADEMIK,TIADA BIDANG,AGKU KEMAINDDRA BIN PG MOHD TAIB,LELAKI,RUNGUS,ISLAM,WARGANEGARA,MALAYSIA,,,,,,,,,,,,,SAHRUL BIN ABD MANANG,840820125821,KAD PENGENALAN,BAPA KANDUNG,PESARA / PENERIMA PENCEN / PENERIMA BANTUAN / LAIN-LAIN,BEKERJA,KEMENTERIAN PERTAHANAN,2983.84,0199745153,0199749872,6,FAZINA EMY BINTI JANAIK,880806125426,KAD PENGENALAN,IBU KANDUNG,JURURAWAT,TIDAK BEKERJA,KEMENTERIAN KESIHATAN,6367.48,,01135545426,RESIDENSI PRIMA RANGGU,"LORONG 15 , NO 1148",JALAN RESIDENSI 5,91000,TAWAU,PENAMPANG,SABAH
767,211201105082,MUHAMMAD FAHMI BIN MISLI,140426120603,KAD PENGENALAN,26-04-2014,BERSEKOLAH,20-01-2021,20-12-2025,TAHUN ENAM,ILTIZAM,,BIASA,PERDANA / AKADEMIK,TIADA BIDANG,AGKU KEMAINDDRA BIN PG MOHD TAIB,LELAKI,COCOS,ISLAM,WARGANEGARA,MALAYSIA,,,,,,,,,,,,,MISLI BIN KISTIE,801210125451,KAD PENGENALAN,BAPA KANDUNG,,TIDAK BEKERJA,,5750,,0199083217,5,,,,,,,,,,,KAMPUNG RANGGU,BT8 JALAN APAS,AUMKAR OIL MILL TINGKAYU KUNAK,91008,TAWAU,PENAMPANG,SABAH
768,211201074099,MUHAMMAD FAHRIL UZAYR BIN AWAL,140927120281,KAD PENGENALAN,27-09-2014,BERSEKOLAH,20-01-2021,20-12-2025,TAHUN ENAM,ILTIZAM,,BIASA,PERDANA / AKADEMIK,TIADA BIDANG,AGKU KEMAINDDRA BIN PG MOHD TAIB,LELAKI,BUGIS,ISLAM,WARGANEGARA,MALAYSIA,,,,,,,,,,,,,AWAL BIN SALEH,C7728099,NOMBOR PASPORT,BAPA KANDUNG,,TIDAK BEKERJA,,2100,,01116011444,6,DARMAWATI BINTI JAPAR,851016125154,KAD PENGENALAN,IBU KANDUNG,,TIDAK BEKERJA,,0,,01118795154,KAMPUNG RANGGU,BATU 9,JALAN OT MAMANGKU,91000,TAWAU,PENAMPANG,SABAH
769,211201117834,MUHAMMAD HARITH BIN ABD HALIQ,140628121305,KAD PENGENALAN,28-06-2014,BERSEKOLAH,20-01-2021,20-12-2025,TAHUN ENAM,ILTIZAM,,BIASA,PERDANA / AKADEMIK,TIADA BIDANG,AGKU KEMAINDDRA BIN PG MOHD TAIB,LELAKI,BUGIS,ISLAM,WARGANEGARA,MALAYSIA,,,,,,,,,,,,,ABD HALIQ BIN KAMARUDDIN,740616125287,KAD PENGENALAN,BAPA KANDUNG,,BEKERJA,-,1500,,,1,,,,,,,,,,,,,,,,,
770,211201104277,MUHAMMAD IZZ RIZQI RAYYAN BIN SAHARUDDIN,140830120437,KAD PENGENALAN,30-08-2014,BERSEKOLAH,17-02-2025,20-12-2025,TAHUN ENAM,ILTIZAM,,BIASA,PERDANA / AKADEMIK,TIADA BIDANG,AGKU KEMAINDDRA BIN PG MOHD TAIB,LELAKI,BUGIS,ISLAM,WARGANEGARA,MALAYSIA,,,,,,,,,,,,,FARIDAH BINTI BAKRI,870628495424,KAD PENGENALAN,IBU KANDUNG,KAKITANGAN SWASTA,BEKERJA,SEDAFIAT TAWAU,1985.66,089770670,0168435417,4,,,,,,,,,,,TB 346 TAMAN RANGGU SAUJANA,,,91000,TAWAU,PENAMPANG,SABAH
771,211201111504,MUHAMMAD NUR AIMAN BIN KRISCYLLA,140604121271,KAD PENGENALAN,04-06-2014,BERSEKOLAH,03-08-2023,20-12-2025,TAHUN ENAM,ILTIZAM,,BIASA,PERDANA / AKADEMIK,TIADA BIDANG,AGKU KEMAINDDRA BIN PG MOHD TAIB,LELAKI,MELAYU,ISLAM,WARGANEGARA,MALAYSIA,,,,,,,,,,,,,KRISCYLLA K.GHANI,650712125843,KAD PENGENALAN,BAPA KANDUNG,,BEKERJA,JABATAN TANAH DAN UKUR,1523,,,1,JOSEFINA A/K ALOH,710322125460,KAD PENGENALAN,IBU KANDUNG,,BEKERJA,JABATAN TANAH DAN UKUR,1968.96,,,,,,,,,
772,211201078285,MUHAMMAD YUSUF NIZAM BIN LUKMAN,141228121247,KAD PENGENALAN,28-12-2014,BERSEKOLAH,20-01-2021,20-12-2025,TAHUN ENAM,ILTIZAM,,BIASA,PERDANA / AKADEMIK,TIADA BIDANG,AGKU KEMAINDDRA BIN PG MOHD TAIB,LELAKI,BUGIS,ISLAM,WARGANEGARA,MALAYSIA,,,,,,,,,,,,,LUKMAN BIN SALLEN,720629125157,KAD PENGENALAN,BAPA KANDUNG,,TIDAK BEKERJA,,1000,,01137674391,3,SITTI NOORAISYAH,941226125776,KAD PENGENALAN,KAKAK,,BEKERJA,CENTURY SUPERMAKET,1200,,,,,,,,,
773,211201066004,MUSTAPHA IRWANSYAH BIN BUDDAHIL,140825120133,KAD PENGENALAN,25-08-2014,BERSEKOLAH,20-01-2021,20-12-2025,TAHUN ENAM,ILTIZAM,,BIASA,PERDANA / AKADEMIK,TIADA BIDANG,AGKU KEMAINDDRA BIN PG MOHD TAIB,LELAKI,BAJAU,ISLAM,WARGANEGARA,MALAYSIA,,,,,,,,,,,,,BUDDAHIL BIN RABBIAHIL,740122125033,KAD PENGENALAN,BAPA KANDUNG,KOPERAL POLIS,BEKERJA,KETUA POLIS NEGARA,2284.77,089752222,0162271249,2,,,,,,,,,,,TB 249 LOT 297 TAMAN RANGGU SAUJANA JLN,RANGGU BATU 10 91000 TAWAU SABAH,,91000,TAWAU,PENAMPANG,SABAH
774,211201067409,NUR FARAH MAWADDAH BINTI ARMIANSAH,140610120136,KAD PENGENALAN,10-06-2014,BERSEKOLAH,20-01-2021,20-12-2025,TAHUN ENAM,ILTIZAM,,BIASA,PERDANA / AKADEMIK,TIADA BIDANG,AGKU KEMAINDDRA BIN PG MOHD TAIB,PEREMPUAN,BANJAR,ISLAM,WARGANEGARA,MALAYSIA,,,,,,,,,,,,,ARMIANSAH BIN SAIMIN,810503125337,KAD PENGENALAN,BAPA KANDUNG,PENGENDALI KARGO BARANG ANGKUT PRODUK,BEKERJA,AIR ASIA,3500,0163979563,,6,JULIANA BINTI MOHAMAD ALI,830523125340,KAD PENGENALAN,IBU KANDUNG,,TIDAK BEKERJA,,2500,,01169233595,BG-21 PPR TAMAN SRI APAS,BATU 8 JALAN APAS,,91000,TAWAU,PENAMPANG,SABAH
775,211201114023,NUR HANA AFRINA BINTI HERMAN,140812120484,KAD PENGENALAN,12-08-2014,BERSEKOLAH,20-01-2021,20-12-2025,TAHUN ENAM,ILTIZAM,,BIASA,PERDANA / AKADEMIK,TIADA BIDANG,AGKU KEMAINDDRA BIN PG MOHD TAIB,PEREMPUAN,KENYAH,ISLAM,WARGANEGARA,MALAYSIA,,,,,,,,,,,,,HERMAN BIN INJAU,790215125759,KAD PENGENALAN,BAPA KANDUNG,JURUTEKNIK,BEKERJA,PUSPAKOM SDN BHD,4269,089913018,0145533002,4,AZIRA BTE HAMDAN,861010125128,KAD PENGENALAN,IBU KANDUNG,KERANI BANK,BEKERJA,BANK ISLAM MALAYSIA BERHAD,8000,089730986,0189730038,LORONG ISNIRA BRAHIM,KAMPUNG RANGGU,BATU 10 JALAN APAS,91000,TAWAU,PENAMPANG,SABAH
776,211201124947,NUR HAYLA DAYYANA BINTI HERMAN,141125121068,KAD PENGENALAN,25-11-2014,BERSEKOLAH,04-02-2021,20-12-2025,TAHUN ENAM,ILTIZAM,,BIASA,PERDANA / AKADEMIK,TIADA BIDANG,AGKU KEMAINDDRA BIN PG MOHD TAIB,PEREMPUAN,BUGIS,ISLAM,WARGANEGARA,MALAYSIA,,,,,,,,,,,,,HERMAN BIN NURDIN,831222126029,KAD PENGENALAN,BAPA KANDUNG,BEKERJA SENDIRI,BEKERJA,TIADA,5000,01125235751,01125235751,6,,,,,,,,,,,KAMPUNG RANGGU,"BATU 10, JALAN RANGGU",,91000,TAWAU,PENAMPANG,SABAH
777,211201078535,NUR IZZARA ZULAIKHA BINTI MD HALIM,140310120580,KAD PENGENALAN,10-03-2014,BERSEKOLAH,20-01-2021,20-12-2025,TAHUN ENAM,ILTIZAM,,BIASA,PERDANA / AKADEMIK,TIADA BIDANG,AGKU KEMAINDDRA BIN PG MOHD TAIB,PEREMPUAN,MELAYU,ISLAM,WARGANEGARA,MALAYSIA,,,,,,,,,,,,,MD HALIM BIN MD YUSOF,790907115287,KAD PENGENALAN,BAPA KANDUNG,PEMBANTU TADBIR (KEWANGAN) GRED W,BEKERJA,PENJARA TAWAU,5000,089715535,0198928466,4,HADIYATI BINTI SAKKA,840327125270,KAD PENGENALAN,IBU KANDUNG,,TIDAK BEKERJA,,0,,0165314854,"BATU 12, KG RANGGU",JALAN BARADAYA,,91000,TAWAU,PENAMPANG,SABAH
778,221201122902,NUR MARISSA AMANDA BINTI HAMKA,140609120462,KAD PENGENALAN,09-06-2014,BERSEKOLAH,13-06-2022,20-12-2025,TAHUN ENAM,ILTIZAM,,BIASA,PERDANA / AKADEMIK,TIADA BIDANG,AGKU KEMAINDDRA BIN PG MOHD TAIB,PEREMPUAN,BUGIS,ISLAM,WARGANEGARA,MALAYSIA,,,,,,,,,,,,,HAMKA BIN AB RASHID,840414125965,KAD PENGENALAN,BAPA KANDUNG,INSPEKTOR POLIS,BEKERJA,IBU PEJABAT POLIS DAERAH TAWAU,6500,089752222,0198003018,4,ASNIAR BINTI ABDUL RAHMAN,850621125254,KAD PENGENALAN,IBU KANDUNG,JURURAWAT,BEKERJA,KEMENTERIAN KESIHATAN MALAYSIA,5000,0198002640,0198002640,TB13325 JALAN 2,BANDAR SRI INDAH,BATU 10 JALAN APAS,91000,TAWAU,PENAMPANG,SABAH
779,211201107011,NURFATIHA ADWA QAISARA BINTI HERMAN,141201120666,KAD PENGENALAN,01-12-2014,BERSEKOLAH,20-01-2021,20-12-2025,TAHUN ENAM,ILTIZAM,,BIASA,PERDANA / AKADEMIK,TIADA BIDANG,AGKU KEMAINDDRA BIN PG MOHD TAIB,PEREMPUAN,BAJAU,ISLAM,WARGANEGARA,MALAYSIA,,,,,,,,,,,,,HERMAN BIN EKE,810212126065,KAD PENGENALAN,BAPA KANDUNG,,,,,,0108149567,4,JUMAATIAH BINTI MOHD ZIM,840309125832,KAD PENGENALAN,IBU KANDUNG,,,,,,0108069567,TB365 LORONG 3 TAMAN RANGGU SAUJAN.BT8 RANGGU,,,91000,TAWAU,PENAMPANG,SABAH
780,211201077882,NURHANA AIRISYA SOFIA BINTI MOHAMMAD SOFIAN,141031120566,KAD PENGENALAN,31-10-2014,BERSEKOLAH,20-01-2021,20-12-2025,TAHUN ENAM,ILTIZAM,,BIASA,PERDANA / AKADEMIK,TIADA BIDANG,AGKU KEMAINDDRA BIN PG MOHD TAIB,PEREMPUAN,BUGIS,ISLAM,WARGANEGARA,MALAYSIA,,,,,,,,,,,,,MOHAMMAD SOFIAN BIN MUSA,890604125347,KAD PENGENALAN,BAPA KANDUNG,,TIDAK BEKERJA,,1200,,0138668245,4,,,,,,,,,,,BLOK E E3-19,TAMAN SRI APAS,BT8 JALAN APAS,91000,TAWAU,PENAMPANG,SABAH
781,211201069625,NURUL SYUHADA BINTI KAHAR,140429120086,KAD PENGENALAN,29-04-2014,BERSEKOLAH,13-05-2024,20-12-2025,TAHUN ENAM,ILTIZAM,,BIASA,PERDANA / AKADEMIK,TIADA BIDANG,AGKU KEMAINDDRA BIN PG MOHD TAIB,PEREMPUAN,BUGIS,ISLAM,WARGANEGARA,MALAYSIA,,,,,,,,,,,,,KAHAR BIN NGGALIE,880908126171,KAD PENGENALAN,BAPA KANDUNG,KAKITANGAN SWASTA,BEKERJA,TOP BORNEO SDN BHD,2500,089765149,0198679081,3,NORHAIDA BINTI ALIMUDDIN,880722495868,KAD PENGENALAN,IBU KANDUNG,,,,,,01125269062,TB 1144 LORONG 15,RESIDENSI RANGGU 5 PRIMA RANGGU,JALAN RANGGU BATU 12,91000,TAWAU,PENAMPANG,SABAH
782,211201112286,QAISER MIFDAL BIN BUDIMAN,140621120369,KAD PENGENALAN,21-06-2014,BERSEKOLAH,20-01-2021,20-12-2025,TAHUN ENAM,ILTIZAM,,BIASA,PERDANA / AKADEMIK,TIADA BIDANG,AGKU KEMAINDDRA BIN PG MOHD TAIB,LELAKI,BUGIS,ISLAM,WARGANEGARA,MALAYSIA,,,,,,,,,,,,,BUDIMAN BIN MASDAR,C7717569,NOMBOR PASPORT,BAPA KANDUNG,BEKERJA SENDIRI,BEKERJA,BUDIMAN BIN MASDAR,2000,0109526064,0109526064,3,ASNITA BINTI ARLIS,831013125572,KAD PENGENALAN,IBU KANDUNG,,TIDAK BEKERJA,,0,,0123024130,"E1-14,BLOK E",TAMAN SRI APAS(PPR),BATU8 JALAN APAS,91000,TAWAU,PENAMPANG,SABAH
783,211201069817,SITI NURSHAHIRA BINTI KADIR,140824120924,KAD PENGENALAN,24-08-2014,BERSEKOLAH,20-01-2021,20-12-2025,TAHUN ENAM,ILTIZAM,,BIASA,PERDANA / AKADEMIK,TIADA BIDANG,AGKU KEMAINDDRA BIN PG MOHD TAIB,PEREMPUAN,BUGIS,ISLAM,WARGANEGARA,MALAYSIA,,,,,,,,,,,,,KADIR BIN RUDENG,680604125333,KAD PENGENALAN,BAPA KANDUNG,,TIDAK BEKERJA,,1500,,01630115344,4,,,,,,,,,,,"KAMPUNG RANGGU, LORONG BUNGA RAYA",,,91000,TAWAU,PENAMPANG,SABAH
784,211201115633,SUHAIMAH FADILA BINTI ZULKIFLY,140605121708,KAD PENGENALAN,05-06-2014,BERSEKOLAH,20-01-2021,20-12-2025,TAHUN ENAM,ILTIZAM,,BIASA,PERDANA / AKADEMIK,TIADA BIDANG,AGKU KEMAINDDRA BIN PG MOHD TAIB,PEREMPUAN,BAJAU,ISLAM,WARGANEGARA,MALAYSIA,,,,,,,,,,,,,ZULKIFLY BIN WALI,580112125937,KAD PENGENALAN,BAPA KANDUNG,,,,,,,1,SITI HURAIDAH BINTI LADJA,790602126516,KAD PENGENALAN,IBU KANDUNG,,BEKERJA,,400,,,,,,,,,
785,211201108722,SYAZANIE ASHRAF BIN SUDIRMAN,141111121243,KAD PENGENALAN,11-11-2014,BERSEKOLAH,20-01-2021,20-12-2025,TAHUN ENAM,ILTIZAM,,BIASA,PERDANA / AKADEMIK,TIADA BIDANG,AGKU KEMAINDDRA BIN PG MOHD TAIB,LELAKI,BUGIS,ISLAM,WARGANEGARA,MALAYSIA,,,,,,,,,,,,,NOR AENI BINTI BABA,850212125392,KAD PENGENALAN,IBU KANDUNG,GURU,BEKERJA,PENGETUA,8426.17,0109248586,0102728685,2,,,,,,,,,,,"TB 467, LORONG 2,",TAMAN RANGGU SAUJANA,,91000,TAWAU,PENAMPANG,SABAH
786,211201111971,ZARIRAH BINTI PATRISIUS,140415120464,KAD PENGENALAN,15-04-2014,BERSEKOLAH,20-01-2021,20-12-2025,TAHUN ENAM,ILTIZAM,,BIASA,PERDANA / AKADEMIK,TIADA BIDANG,AGKU KEMAINDDRA BIN PG MOHD TAIB,PEREMPUAN,BUGIS,ISLAM,WARGANEGARA,MALAYSIA,,,,,,,,,,,,,MARIANA BINTI RAHIM,800428125556,KAD PENGENALAN,IBU KANDUNG,,TIDAK BEKERJA,,800,,01121311228,3,,,,,,,,,,,KAMPUNG RANGGU BATU 10 JALAN APAS,,,91000,TAWAU,PENAMPANG,SABAH
787,210501043139,AIRIS NUR RAYSHA AMANDA BINTI RIDUAN,141215050136,KAD PENGENALAN,15-12-2014,BERSEKOLAH,11-01-2026,11-01-2026,TAHUN ENAM,JAYYID,,BIASA,PERDANA / AKADEMIK,TIADA BIDANG,MOHAMMAD FIKREY BIN ABDUL GAPAR,PEREMPUAN,MELAYU,ISLAM,WARGANEGARA,MALAYSIA,,,,,,,,,,,,,RIDUAN BIN CHIEW CHIONG BEN @ ABDULLAH,841118125797,KAD PENGENALAN,BAPA KANDUNG,KOPERAL POLIS,BEKERJA,PDRM,4366.95,089752222,01128049418,3,NORIZADILAKMAR BINTI MOHD NASIR,860228335764,KAD PENGENALAN,IBU KANDUNG,,TIDAK BEKERJA,,0,,0173959028,"TB895, LORONG 13 1/3,","RESIDENSI PRIMA RANGGU,","OFF JALAN BARADAYA,",91000,TAWAU,PENAMPANG,SABAH
788,211201113560,ARIZ FAIQH BIN MOHD ROZAIDY,140910101375,KAD PENGENALAN,10-09-2014,BERSEKOLAH,07-03-2025,20-12-2025,TAHUN ENAM,JAYYID,,BIASA,PERDANA / AKADEMIK,TIADA BIDANG,MOHAMMAD FIKREY BIN ABDUL GAPAR,LELAKI,MELAYU,ISLAM,WARGANEGARA,MALAYSIA,,,,,,,,,,,,,MOHD ROZAIDY BIN ABU HASSAN,820228025399,KAD PENGENALAN,BAPA KANDUNG,PEGAWAI PENGUATKUASA MARITIM GRED T13,BEKERJA,AGENSI PENGGUAT MARITIM,4428.81,01116402416,01116402416,4,DAYANG PUTLI SUHANA BINTI DATU BAHARUDDIN,780110126086,KAD PENGENALAN,IBU KANDUNG,,TIDAK BEKERJA,,0,,01131635159,"TB.63, LORONG 2 , JALAN RESIDENSI RANGGU",,,91000,TAWAU,PENAMPANG,SABAH
789,211201111722,AUFA HANIFAH BINTI JUARI,141008120824,KAD PENGENALAN,08-10-2014,BERSEKOLAH,20-01-2021,20-12-2025,TAHUN ENAM,JAYYID,,BIASA,PERDANA / AKADEMIK,TIADA BIDANG,MOHAMMAD FIKREY BIN ABDUL GAPAR,PEREMPUAN,SULUK,ISLAM,WARGANEGARA,MALAYSIA,,,,,,,,,,,,,UMMI ATIYA BINTI AHMAD,890124125444,KAD PENGENALAN,IBU KANDUNG,,TIDAK BEKERJA,,0,,0178124309,6,JUARI BIN SAMSURI,E9656299,NOMBOR PASPORT,BAPA KANDUNG,,TIDAK BEKERJA,,1400,,0197926354,PETI SURAT 722,KAMPUNG RANGGU,BATU 9 JALAN APAS,91000,TAWAU,PENAMPANG,SABAH
790,211001162555,IZZAT NAZHAN BIN SUMARDI,141103140639,KAD PENGENALAN,03-11-2014,BERSEKOLAH,04-10-2024,20-12-2025,TAHUN ENAM,JAYYID,,BIASA,PERDANA / AKADEMIK,TIADA BIDANG,MOHAMMAD FIKREY BIN ABDUL GAPAR,LELAKI,MELAYU SARAWAK,ISLAM,WARGANEGARA,MALAYSIA,,,,,,,,,,,,,SUMARDI BIN BUJANG,830720135687,KAD PENGENALAN,BAPA KANDUNG,SARJAN POLIS,BEKERJA,POLIS DIRAJA MALAYSIA,6557.36,088612222,0192420664,4,NORHANA BINTI NURDIN,801213125334,KAD PENGENALAN,IBU KANDUNG,PEMBANTU TADBIR,BEKERJA,KEMENTERIAN EKONOMI,5082.05,0380902127,0198717919,LOT 76,TAMAN DESA RANGGU,BATU 9 JALAN RANGGU,91000,TAWAU,PENAMPANG,SABAH
791,211201110952,LINDA QAISARAH BINTI RAJLAN,140424120714,KAD PENGENALAN,24-04-2014,BERSEKOLAH,12-03-2021,20-12-2025,TAHUN ENAM,JAYYID,,BIASA,PERDANA / AKADEMIK,TIADA BIDANG,MOHAMMAD FIKREY BIN ABDUL GAPAR,PEREMPUAN,BAJAU,ISLAM,WARGANEGARA,MALAYSIA,,,,,,,,,,,,,RAJLAN BIN NASARUN,841001126163,KAD PENGENALAN,BAPA KANDUNG,KERANI PERKAPALAN,BEKERJA,NKA ENERGY VENTURES SDN BHD,2500,01308541333,0128031114,2,NAZHATUL SHIMA BINTI ASMAN,890523125388,KAD PENGENALAN,IBU KANDUNG,,TIDAK BEKERJA,,0,,0138363354,TB 18335 LOT 1183,BANDAR SRI INDAH,FASA 5B JALAN APAS BATU 10,91000,TAWAU,PENAMPANG,SABAH
792,211201113543,MAHIRAH ATHILAH BINTI M SABRAN,140806121042,KAD PENGENALAN,06-08-2014,BERSEKOLAH,20-01-2021,20-12-2025,TAHUN ENAM,JAYYID,,BIASA,PERDANA / AKADEMIK,TIADA BIDANG,MOHAMMAD FIKREY BIN ABDUL GAPAR,PEREMPUAN,BUGIS,ISLAM,WARGANEGARA,MALAYSIA,,,,,,,,,,,,,M SABRAN BIN DIMENG,790713125591,KAD PENGENALAN,BAPA KANDUNG,BEKERJA SENDIRI,TIDAK BEKERJA,ALYASARAH ENTERPRISE,3500,,0168800790,6,MASDARAYANTI BINTI B TASWIRADNAN,850917125106,KAD PENGENALAN,IBU KANDUNG,,TIDAK BEKERJA,,0,,0163315007,"TB15971,LORONG 3/8,FASA 3,","BANDAR SRI INDAH,BATU 10 JALAN APAS",,91000,TAWAU,PENAMPANG,SABAH
793,201201106108,MOHAMMAD NIZWAN BIN AZIME,140620130389,KAD PENGENALAN,20-06-2014,BERSEKOLAH,25-06-2026,25-06-2026,TAHUN ENAM,JAYYID,,BIASA,PERDANA / AKADEMIK,TIADA BIDANG,MOHAMMAD FIKREY BIN ABDUL GAPAR,LELAKI,BAJAU,ISLAM,WARGANEGARA,MALAYSIA,,,,,,,,,,,,,,,,,,,,,,,3,LENAH BINTI MOHD MALI,790630125764,KAD PENGENALAN,IBU KANDUNG,,TIDAK BEKERJA,,0,,0142425830,,,,,,,
794,211201111657,MUHAMMAD AFIF ARSYAD BIN HASRIN,140703120899,KAD PENGENALAN,03-07-2014,BERSEKOLAH,20-01-2021,20-12-2025,TAHUN ENAM,JAYYID,,BIASA,PERDANA / AKADEMIK,TIADA BIDANG,MOHAMMAD FIKREY BIN ABDUL GAPAR,LELAKI,TIDUNG,ISLAM,WARGANEGARA,MALAYSIA,,,,,,,,,,,,,HASRIN BIN INGAN,720622125429,KAD PENGENALAN,BAPA KANDUNG,PENYELIA,TIDAK BEKERJA,LEYOHAN REKA SDN.BHD,2857.85,,0109319580,7,JUMIATI BINTI LAMANTE,770921125926,KAD PENGENALAN,IBU KANDUNG,,TIDAK BEKERJA,,0,,0165098972,KAMPUNG RANGGU BATU 10,JALAN RANCANGAN RANGGU,,91000,TAWAU,PENAMPANG,SABAH
795,211201122924,MUHAMMAD AIMAN BIN AMBO MASSE,140515120963,KAD PENGENALAN,15-05-2014,BERSEKOLAH,11-03-2024,20-12-2025,TAHUN ENAM,JAYYID,,BIASA,PERDANA / AKADEMIK,TIADA BIDANG,MOHAMMAD FIKREY BIN ABDUL GAPAR,LELAKI,BUGIS,ISLAM,WARGANEGARA,MALAYSIA,,,,,,,,,,,,,AMBO MASSE BIN PAMMA,700222125261,KAD PENGENALAN,BAPA KANDUNG,PENYELIA KAWALAN KUALITI,BEKERJA,TECK GUAN GROUP,2296,0198290390,0105489904,2,HASNIH BINTI RASHID,740415125440,KAD PENGENALAN,IBU KANDUNG,,,,,,0132302788,"TB186, LORONG 4",JALAN RESIDENSI RANGGU,,91008,TAWAU,PENAMPANG,SABAH
796,211201066729,MUHAMMAD AMMAR SYAWAL BIN SUDEYANSAH,140730120077,KAD PENGENALAN,30-07-2014,BERSEKOLAH,03-08-2023,20-12-2025,TAHUN ENAM,JAYYID,,BIASA,PERDANA / AKADEMIK,TIADA BIDANG,MOHAMMAD FIKREY BIN ABDUL GAPAR,LELAKI,BUGIS,ISLAM,WARGANEGARA,MALAYSIA,,,,,,,,,,YA (01),,,SUDEYANSAH BIN LAWPAK,860524495789,KAD PENGENALAN,LAIN-LAIN,GURU PENDIDIKAN MENENGAH,BEKERJA,SMK ABAKA,7000,0102101589,0102101589,4,SURAINIE,E7731573,NOMBOR PASPORT,IBU TIRI,,TIDAK BEKERJA,,0,,,"TB 190,BLOK R PHASE 1,BT 7 JALAN APAS",,,91000,TAWAU,PENAMPANG,SABAH
797,211201118977,MUHAMMAD ARIQ ADAM BIN SANUDIN,140630120141,KAD PENGENALAN,30-06-2014,BERSEKOLAH,12-03-2024,20-12-2025,TAHUN ENAM,JAYYID,,BIASA,PERDANA / AKADEMIK,TIADA BIDANG,MOHAMMAD FIKREY BIN ABDUL GAPAR,LELAKI,BUGIS,ISLAM,WARGANEGARA,MALAYSIA,,,,,,,,,,,,,HARITA BINTI BABA,780823125972,KAD PENGENALAN,IBU KANDUNG,PEGAWAI PERKHIDMATAN PENDIDIKAN SISWAZAH GRED DG,BEKERJA,SMK BALUNG KINABUTAN 2,10608.89,01008975026,0138916110,1,,,,,,,,,,,KG RANGGU,JALAN MARIANO,KM 10,91007,TAWAU,PENAMPANG,SABAH
798,211201077740,MUHAMMAD DANISH ZAFWAN BIN PAISAL,140502121131,KAD PENGENALAN,02-05-2014,BERSEKOLAH,20-01-2021,20-12-2025,TAHUN ENAM,JAYYID,,BIASA,PERDANA / AKADEMIK,TIADA BIDANG,MOHAMMAD FIKREY BIN ABDUL GAPAR,LELAKI,BUGIS,ISLAM,WARGANEGARA,MALAYSIA,,,,,,,,,,,,,PAISAL BIN KASMA,860616495735,KAD PENGENALAN,BAPA KANDUNG,,BEKERJA,HAMKA & BROTERS PLANTATION SDN BHD,3000,,,3,HASNIAH BINTI BASA,860223125602,KAD PENGENALAN,IBU KANDUNG,,,,,,,KAMPUNG RANGGU BATU 10,,,91000,TAWAU,PENAMPANG,SABAH
799,211201066047,MUHAMMAD DZAR DZIKRI BIN MARINDO @ ABD KARIM,140516120447,KAD PENGENALAN,16-05-2014,BERSEKOLAH,20-01-2021,20-12-2025,TAHUN ENAM,JAYYID,,BIASA,PERDANA / AKADEMIK,TIADA BIDANG,MOHAMMAD FIKREY BIN ABDUL GAPAR,LELAKI,BUTON,ISLAM,WARGANEGARA,MALAYSIA,,,,,,,,,,,,,MARINDO BIN LATANGGA @ ABD KARIM,680703125793,KAD PENGENALAN,BAPA KANDUNG,,BEKERJA,SK INDERSABAH,4993,,,1,ROSNAH BINTI DUDIN,730724125736,KAD PENGENALAN,IBU KANDUNG,,,,,,,,,,,,,
800,211201069608,MUHAMMAD FAIZ IZUDDIN BIN MOHD FAIROS,140224120437,KAD PENGENALAN,24-02-2014,BERSEKOLAH,20-01-2021,20-12-2025,TAHUN ENAM,JAYYID,,BIASA,PERDANA / AKADEMIK,TIADA BIDANG,MOHAMMAD FIKREY BIN ABDUL GAPAR,LELAKI,MELAYU,ISLAM,WARGANEGARA,MALAYSIA,,,,,,,,,,,,,MUZNAH BINTI MONIB,800228125762,KAD PENGENALAN,IBU KANDUNG,,TIDAK BEKERJA,,1000,,01136053503,5,,,,,,,,,,,"TB 84 TAMAN RANGGU SAUJANA, JALAN RANGGI",TB 84 TAMAN RANGGU SAUJANA JALAN RANGGU,TB 84 TAMAN RANGGU SAUJANA JALAN RANGGU,91008,TAWAU,PENAMPANG,SABAH
801,211201071709,MUHAMMAD FARIZ IZUDDIN BIN MOHD FAIROS,140224120445,KAD PENGENALAN,24-02-2014,BERSEKOLAH,20-01-2021,20-12-2025,TAHUN ENAM,JAYYID,,BIASA,PERDANA / AKADEMIK,TIADA BIDANG,MOHAMMAD FIKREY BIN ABDUL GAPAR,LELAKI,MELAYU,ISLAM,WARGANEGARA,MALAYSIA,,,,,,,,,,,,,MUZNAH BINTI MONIB,800228125762,KAD PENGENALAN,IBU KANDUNG,,TIDAK BEKERJA,,1000,,01136053503,5,,,,,,,,,,,"TB 84 TAMAN RANGGU SAUJANA, JALAN RANGGI",TB 84 TAMAN RANGGU SAUJANA JALAN RANGGU,TB 84 TAMAN RANGGU SAUJANA JALAN RANGGU,91008,TAWAU,PENAMPANG,SABAH
802,211201110463,MUHAMMAD HAZIQ SYAKIR BIN AMING,140401120527,KAD PENGENALAN,01-04-2014,BERSEKOLAH,20-01-2021,20-12-2025,TAHUN ENAM,JAYYID,,BIASA,PERDANA / AKADEMIK,TIADA BIDANG,MOHAMMAD FIKREY BIN ABDUL GAPAR,LELAKI,BUGIS,ISLAM,WARGANEGARA,MALAYSIA,,,,,,,,,,,,,AMING BIN AMBO,731117125333,KAD PENGENALAN,BAPA KANDUNG,PEMANDU BAS,BEKERJA,EKSPRES VARIA SDN BHD,1618.75,0165771291,0135771291,4,SALAMMIAH BINTI LADISING,800131125512,KAD PENGENALAN,IBU KANDUNG,,TIDAK BEKERJA,,0,,01127677343,KAMPUNG RANGGU BATU 10,JALAN RANCANGAN MAHMUD,,91008,TAWAU,PENAMPANG,SABAH
803,210201072767,MUHAMMAD KHAIRUL MUHAIMIN BIN MUHARAM,141013011219,KAD PENGENALAN,13-10-2014,BERSEKOLAH,22-05-2026,22-05-2026,TAHUN ENAM,JAYYID,,BIASA,PERDANA / AKADEMIK,TIADA BIDANG,MOHAMMAD FIKREY BIN ABDUL GAPAR,LELAKI,MELAYU,ISLAM,WARGANEGARA,MALAYSIA,,,,,,,,,,,,,MUHARAM BIN ALI,901001016791,KAD PENGENALAN,BAPA KANDUNG,ANGGOTA INFANTRI,BEKERJA,PEGAWAI MEMERINTAH,5672.63,049222711,0192433626,6,MARYANI BINTI M ISA,910515016590,KAD PENGENALAN,IBU KANDUNG,,TIDAK BEKERJA,,0,,0134578560,"TB 18512 LORONG 5C 1/3 FASA 5,",BANDAR SRI INDAH FASA JALAN APAS BATU 10,,91000,TAWAU,PENAMPANG,SABAH
804,221201029300,MUHAMMAD LUTHFI WAFI BIN ABDULLAH,141012120835,KAD PENGENALAN,12-10-2014,BERSEKOLAH,21-03-2022,20-12-2025,TAHUN ENAM,JAYYID,,BIASA,PERDANA / AKADEMIK,TIADA BIDANG,MOHAMMAD FIKREY BIN ABDUL GAPAR,LELAKI,BUGIS,ISLAM,WARGANEGARA,MALAYSIA,,,,,,,,,,,,,ABDULLAH BIN PATARUDIN,670302125195,KAD PENGENALAN,BAPA KANDUNG,GURU,BEKERJA,SMK. MEROTAI BESAR,12065.52,089702773,0198642528,3,FARIDAH BINTI SUNU,741020126072,KAD PENGENALAN,IBU KANDUNG,GURU,BEKERJA,SK. RANGGU,10874.07,01165749440,0138136072,"KG RANGGU, BT12, LORONG HJH MERINTANG",,,91008,TAWAU,PENAMPANG,SABAH
805,211201111700,MUHAMMAD MAHDY BIN MAZLAN,140522121243,KAD PENGENALAN,22-05-2014,BERSEKOLAH,20-01-2021,20-12-2025,TAHUN ENAM,JAYYID,,BIASA,PERDANA / AKADEMIK,TIADA BIDANG,MOHAMMAD FIKREY BIN ABDUL GAPAR,LELAKI,BAJAU,ISLAM,WARGANEGARA,MALAYSIA,,,,,,,,,,,,,SAFIAH BINTI DUALIN,830605125934,KAD PENGENALAN,IBU KANDUNG,GURU BAHASA,TIDAK BEKERJA,SMK KINABUTAN TAWAU,1900,,0182252312,2,MAZLAN BIN KANUN,810118125939,KAD PENGENALAN,BAPA KANDUNG,GURU,BEKERJA,SMK BALUNG,1500,089912161,0189095057,TAMAN DESA RANGGU,LORONG TERUS NO 69,BATU 8 SETENGAH TAWAU SABAH,91014,TAWAU,PENAMPANG,SABAH
806,211201118588,MUHAMMAD YUZWAN WAFIY BIN YUSUF,140905120555,KAD PENGENALAN,05-09-2014,BERSEKOLAH,18-11-2021,20-12-2025,TAHUN ENAM,JAYYID,,BIASA,PERDANA / AKADEMIK,TIADA BIDANG,MOHAMMAD FIKREY BIN ABDUL GAPAR,LELAKI,BUGIS,ISLAM,WARGANEGARA,MALAYSIA,,,,,,,,,,,,,NORLIANA BINTI ANTOK,C9613812,NOMBOR PASPORT,IBU KANDUNG,BEKERJA SENDIRI,BEKERJA,NORLIANA BINTI ANTOK,1000,0194311383,0194311383,2,,,,,,,,,,,"KG RANGGU, BATU 10",TAWAU,,91000,TAWAU,PENAMPANG,SABAH
807,211201071740,NUR ADILAH BINTI ABDUL MALIK,141011040438,KAD PENGENALAN,11-10-2014,BERSEKOLAH,03-08-2023,20-12-2025,TAHUN ENAM,JAYYID,,BIASA,PERDANA / AKADEMIK,TIADA BIDANG,MOHAMMAD FIKREY BIN ABDUL GAPAR,PEREMPUAN,BUGIS,ISLAM,WARGANEGARA,MALAYSIA,,,,,,,,,,,,,ADDY BIN RAMLI,901229126313,KAD PENGENALAN,BAPA KANDUNG,JURUJUAL KEDAI,BEKERJA,REDONE NETWORK SDN BHD,1700,0198970116,01115036673,5,NORSHILA BINTI HARIS,920419125788,KAD PENGENALAN,IBU KANDUNG,,TIDAK BEKERJA,,0,,0169309147,"TAMAN PERWIRA, LORONG 2,","LOT 164,",TAWAU.,91000,TAWAU,PENAMPANG,SABAH
808,211201103458,NUR ERYNA NAURAH BINTI JAMAL,140916120454,KAD PENGENALAN,16-09-2014,BERSEKOLAH,12-01-2026,12-01-2026,TAHUN ENAM,JAYYID,,BIASA,PERDANA / AKADEMIK,TIADA BIDANG,MOHAMMAD FIKREY BIN ABDUL GAPAR,PEREMPUAN,BUGIS,ISLAM,WARGANEGARA,MALAYSIA,,,,,,,,,,,,,ERNI BINTI RAHIM,870623495310,KAD PENGENALAN,IBU KANDUNG,,TIDAK BEKERJA,,0,,0149237951,3,JAMAL BINTI LAUPE,C9612004,NOMBOR PASPORT,BAPA KANDUNG,BEKERJA SENDIRI,BEKERJA,-,1500,0198083835,0198083835,KAMPUNG RANCANGAN RANGGU BT10,LORONG HAJI KASMAN,JALAN RANGGU,91000,TAWAU,PENAMPANG,SABAH
809,231201023868,NUR FARAH FADILLAH BINTI MOHD ARDY,140927120302,KAD PENGENALAN,27-09-2014,BERSEKOLAH,03-08-2023,20-12-2025,TAHUN ENAM,JAYYID,,BIASA,PERDANA / AKADEMIK,TIADA BIDANG,MOHAMMAD FIKREY BIN ABDUL GAPAR,PEREMPUAN,BUGIS,ISLAM,WARGANEGARA,,,,,,,,,,,,,,MOHD ARDY BIN SUARDI,E9834971,NOMBOR PASPORT,BAPA KANDUNG,,,,,,0178183672,2,RISNA BINTI SUMADI,930108125990,KAD PENGENALAN,IBU KANDUNG,,,,,,0135455058,KG TINAGAT,JALAN TINAGAT,BT 6,91000,TAWAU,PENAMPANG,SABAH
810,211201080819,NUR HUMAYRAA DELISYAH BINTI HERMAN,140927120804,KAD PENGENALAN,27-09-2014,BERSEKOLAH,25-01-2021,20-12-2025,TAHUN ENAM,JAYYID,,BIASA,PERDANA / AKADEMIK,TIADA BIDANG,MOHAMMAD FIKREY BIN ABDUL GAPAR,PEREMPUAN,BUGIS,ISLAM,WARGANEGARA,MALAYSIA,,,,,,,,,,,,,HERMAN BIN NORDIN,761124125363,KAD PENGENALAN,BAPA KANDUNG,,BEKERJA,MASPUL ENTERPRISE,1050,,0138114054,1,,,,,,,,,,,"KAMPUNG RANGGU, BATU 9 JALAN RANGGU",LORONG SALAMUDDIN,,91008,TAWAU,PENAMPANG,SABAH
811,211201110751,NUR KHAYRIN AFIQAH BINTI JAMIDI,140131120278,KAD PENGENALAN,31-01-2014,BERSEKOLAH,20-01-2021,20-12-2025,TAHUN ENAM,JAYYID,,BIASA,PERDANA / AKADEMIK,TIADA BIDANG,MOHAMMAD FIKREY BIN ABDUL GAPAR,PEREMPUAN,BAJAU,ISLAM,WARGANEGARA,MALAYSIA,,,,,,,,,,,,,JAMIDI BIN MUADIS,860420125097,KAD PENGENALAN,BAPA KANDUNG,PEMANDU BAS,BEKERJA,MILIK SENDIRI,1500,01136252567,01136252567,10,MASDIANA BINTI SANAWING,870313495470,KAD PENGENALAN,IBU KANDUNG,,TIDAK BEKERJA,,0,,0195806909,"TB426 LORONG 2,",TAMAN RANGGU SAUJANA,,91000,TAWAU,PENAMPANG,SABAH
812,211201103650,NUR SUBAYYA AZZAHRA BINTI SAHRUL,140308120864,KAD PENGENALAN,08-03-2014,BERSEKOLAH,20-01-2021,20-12-2025,TAHUN ENAM,JAYYID,,BIASA,PERDANA / AKADEMIK,TIADA BIDANG,MOHAMMAD FIKREY BIN ABDUL GAPAR,PEREMPUAN,BUGIS,ISLAM,WARGANEGARA,MALAYSIA,,,,,,,,,,,,,SAHRUL BIN SAEHI,630217125119,KAD PENGENALAN,BAPA KANDUNG,PEMANDU,BEKERJA,SYARIKAT LAHANI BERSAUDARA,1200,0198034823,0128663087,4,MARIAM BINTI ABBAS,C7342648,NOMBOR PASPORT,IBU KANDUNG,,TIDAK BEKERJA,,0,,0148928493,KAMPUNG BARU,BATU 18,,90000,SANDAKAN,RANAU,SABAH
813,211201065873,NUR ZHAFIRAH BINTI ABDUL RASHID,140430120112,KAD PENGENALAN,30-04-2014,BERSEKOLAH,20-01-2021,20-12-2025,TAHUN ENAM,JAYYID,,BIASA,PERDANA / AKADEMIK,TIADA BIDANG,MOHAMMAD FIKREY BIN ABDUL GAPAR,PEREMPUAN,BUGIS,ISLAM,WARGANEGARA,MALAYSIA,,,,,,,,,,,,,ABDUL RASHID BIN GADJE,830327125669,KAD PENGENALAN,BAPA KANDUNG,KAKITANGAN AWAM,TIDAK BEKERJA,PDRM,5047.23,,01123033295,3,ROHANI BINTI SETANG,860126125512,KAD PENGENALAN,IBU KANDUNG,,TIDAK BEKERJA,,0,,0107898571,"TB 134, LORONG 3, TAMAN ALAMANDA, RANGGU",,,91000,TAWAU,PENAMPANG,SABAH
814,211201106627,NURANIS FATIHAH BINTI JAMAL,140510120294,KAD PENGENALAN,10-05-2014,BERSEKOLAH,10-06-2025,20-12-2025,TAHUN ENAM,JAYYID,,BIASA,PERDANA / AKADEMIK,TIADA BIDANG,MOHAMMAD FIKREY BIN ABDUL GAPAR,PEREMPUAN,INDONESIA,ISLAM,WARGANEGARA,MALAYSIA,,,,,,,,,,,,,JAMAL BIN ABDUL HALIM,841019125759,KAD PENGENALAN,BAPA KANDUNG,PENYELIA,BEKERJA,SABANG 2 PALM OIL MILL,2600,089707330,0178166315,2,,,,,,,,,,,"TB131051,SRI INDAH TAWAU","MILE 10,JALAN APAS",,91000,TAWAU,PENAMPANG,SABAH
815,251202637514,NURUL SUHADA BINTI SURYAMAN,140923121498,KAD PENGENALAN,23-09-2014,BERSEKOLAH,10-05-2024,20-12-2025,TAHUN ENAM,JAYYID,,BIASA,PERDANA / AKADEMIK,TIADA BIDANG,MOHAMMAD FIKREY BIN ABDUL GAPAR,PEREMPUAN,BUGIS,ISLAM,WARGANEGARA,,,,,,,,,,,,,,,,,,,,,,,,,,,,,,,,,,,,,,,,,
816,211201114248,NURZAHRA ZAFIRAH BINTI ASIS,141013120108,KAD PENGENALAN,13-10-2014,BERSEKOLAH,20-01-2021,20-12-2025,TAHUN ENAM,JAYYID,,BIASA,PERDANA / AKADEMIK,TIADA BIDANG,MOHAMMAD FIKREY BIN ABDUL GAPAR,PEREMPUAN,BUGIS,ISLAM,WARGANEGARA,MALAYSIA,,,,,,,,,,,,,ASIS BIN DJUDJA,730113125729,KAD PENGENALAN,BAPA KANDUNG,PENYELIA LADANG,BEKERJA,LO SU FATT SEGALONG GROUP,1800,0145514877,0145514877,4,SUMA BINTI ACHMAD,760713125252,KAD PENGENALAN,IBU KANDUNG,BEKERJA SENDIRI,BEKERJA,TIADA,800,0145514877,0145514877,KAMPING RANGGU,BATU 8 1/2,,91000,TAWAU,PENAMPANG,SABAH
817,211201063061,RIZQ IRFAN BIN MOHD.AZRUL,140920120529,KAD PENGENALAN,20-09-2014,BERSEKOLAH,18-11-2021,20-12-2025,TAHUN ENAM,JAYYID,,BIASA,PERDANA / AKADEMIK,TIADA BIDANG,MOHAMMAD FIKREY BIN ABDUL GAPAR,LELAKI,SULUK,ISLAM,WARGANEGARA,MALAYSIA,,,,,,,,,,,,,MOHD.AZRUL BIN ISNIRUL,881114495463,KAD PENGENALAN,BAPA KANDUNG,GURU,BEKERJA,SEKOLAH MENENGAH KEBANGSAAN JAMBATAN PUTIH,7811.37,089712603,0122827426,3,HERONNISAH BINTI PAHING,911106125942,KAD PENGENALAN,IBU KANDUNG,,,,,,0178901801,KAMPUNG RANGGU,BATU 9,,91000,TAWAU,PENAMPANG,SABAH
818,211201118609,SITI NUR ADIBAH SYAHIRAH BINTI AMRANI,140603120242,KAD PENGENALAN,03-06-2014,BERSEKOLAH,20-01-2021,20-12-2025,TAHUN ENAM,JAYYID,,BIASA,PERDANA / AKADEMIK,TIADA BIDANG,MOHAMMAD FIKREY BIN ABDUL GAPAR,PEREMPUAN,BUGIS,ISLAM,WARGANEGARA,MALAYSIA,,,,,,,,,,,,,AMRANI BIN DALLE,820630125291,KAD PENGENALAN,BAPA KANDUNG,PEMANDU LORI,BEKERJA,USAHAWAN BORNEO,1700,089916060,01116739941,9,ZULIANA BINTI UMAR,800902125642,KAD PENGENALAN,IBU KANDUNG,,TIDAK BEKERJA,,0,,0143928963,AG-5 TAMAN SRI APAS,BATU 8 JALAN APAS,JALAN APAS,91000,TAWAU,PENAMPANG,SABAH
819,211201111372,SITI NURALYA NABILAH BINTI HASRIN,140703121082,KAD PENGENALAN,03-07-2014,BERSEKOLAH,20-01-2021,20-12-2025,TAHUN ENAM,JAYYID,,BIASA,PERDANA / AKADEMIK,TIADA BIDANG,MOHAMMAD FIKREY BIN ABDUL GAPAR,PEREMPUAN,TIDUNG,ISLAM,WARGANEGARA,MALAYSIA,,,,,,,,,,,,,HASRIN BIN INGAN,720622125429,KAD PENGENALAN,BAPA KANDUNG,PENYELIA,TIDAK BEKERJA,LEYOHAN REKA SDN.BHD,2857.85,,0109319580,7,JUMIATI BINTI LAMANTE,770921125926,KAD PENGENALAN,IBU KANDUNG,,TIDAK BEKERJA,,0,,0165098972,KAMPUNG RANGGU BATU 10,JALAN RANCANGAN RANGGU,,91000,TAWAU,PENAMPANG,SABAH
820,211201152812,SITI NURFARZRIEKIN BINTI HERY,140502120868,KAD PENGENALAN,02-05-2014,BERSEKOLAH,12-03-2025,20-12-2025,TAHUN ENAM,JAYYID,,BIASA,PERDANA / AKADEMIK,TIADA BIDANG,MOHAMMAD FIKREY BIN ABDUL GAPAR,PEREMPUAN,JAWA,ISLAM,WARGANEGARA,,,,,,,,,,,,,,SITI NURHASIKIN BINTI MUSTARI,050826120910,KAD PENGENALAN,KAKAK,BEKERJA SENDIRI,BEKERJA,SITI NURHASIKIN BINTI MUSTARI,1000,0198806509,0198806509,1,,,,,,,,,,,"BANDAR SRI INDAH, BATU 10,","LORONG 7, FASA 1, TB 13538,",TAWAU,91000,TAWAU,PENAMPANG,SABAH
821,211201109431,YASIN MUHAMMAD KHAIRUL BIN YUSRAN,140616120559,KAD PENGENALAN,16-06-2014,BERSEKOLAH,20-01-2021,20-12-2025,TAHUN ENAM,JAYYID,,BIASA,PERDANA / AKADEMIK,TIADA BIDANG,MOHAMMAD FIKREY BIN ABDUL GAPAR,LELAKI,BUGIS,ISLAM,WARGANEGARA,MALAYSIA,,,,,,,,,,,,,YUSRAN BIN BADDU,E9527714,NOMBOR PASPORT,BAPA KANDUNG,,TIDAK BEKERJA,,1200,,0146860032,3,IRDAWATI BINTI HUSEN,771129125644,KAD PENGENALAN,IBU KANDUNG,,,,,,01125420432,"KAMPUNG RANGGU, BATU 9 JALAN RANGGU",PETI SURAT 193,,91008,TAWAU,PENAMPANG,SABAH
822,211001118556,AADHAN MUHRIZ BIN MUHAMAD HARIS,140508122119,KAD PENGENALAN,08-05-2014,BERSEKOLAH,03-08-2023,20-12-2025,TAHUN ENAM,KHOIR,,BIASA,PERDANA / AKADEMIK,TIADA BIDANG,MOHD ALFAIZAL BIN DAUD,LELAKI,MELAYU,ISLAM,WARGANEGARA,MALAYSIA,,,,,,,,,,,,,SABRIA BINTI DIMENG,780816125712,KAD PENGENALAN,IBU KANDUNG,,TIDAK BEKERJA,,12000,,0166887705,3,MUHAMAD HARIS BIN HASHIM,780815075055,KAD PENGENALAN,BAPA KANDUNG,,TIDAK BEKERJA,,0,,0166887704,"TB 13197 BANDAR SRI INDAH,","LORONG INDAH 4, JALAN APAS BATU 10",,91000,TAWAU,PENAMPANG,SABAH
823,211201112307,AHMAD RIFQI BIN TOTONG,141216121653,KAD PENGENALAN,16-12-2014,BERSEKOLAH,25-01-2021,20-12-2025,TAHUN ENAM,KHOIR,,BIASA,PERDANA / AKADEMIK,TIADA BIDANG,MOHD ALFAIZAL BIN DAUD,LELAKI,IRANUN,ISLAM,WARGANEGARA,MALAYSIA,,,,,,,,,,,,,SUZIANI BINTI IBRAHIM,830930125778,KAD PENGENALAN,ISTERI,,TIDAK BEKERJA,,0,,0128162927,3,,,,,,,,,,,TAMAN SRI APAS BATU 8 JALAN APAS,,,91000,TAWAU,PENAMPANG,SABAH
824,211201121733,AISHA DAMIA BINTI JAMALUDDIN,140522121286,KAD PENGENALAN,22-05-2014,BERSEKOLAH,22-02-2021,20-12-2025,TAHUN ENAM,KHOIR,,BIASA,PERDANA / AKADEMIK,TIADA BIDANG,MOHD ALFAIZAL BIN DAUD,PEREMPUAN,MELAYU,ISLAM,WARGANEGARA,MALAYSIA,,,,,,,,,,,,,,,,,,,,,,,6,JAMALUDDIN BIN NORDIN,761216125459,KAD PENGENALAN,BAPA KANDUNG,BURUH PENGGALIAN,BEKERJA,WULLERSDORF RESOURCES,1950,0102889332,0169518717,KG RANGGU,LORONG SERANG GREAT,BATU 10,91010,TAWAU,PENAMPANG,SABAH
825,211201126336,AISYAH SARAH BINTI MUHAMAD SHAHRUDDIN,140305121060,KAD PENGENALAN,05-03-2014,BERSEKOLAH,25-01-2021,20-12-2025,TAHUN ENAM,KHOIR,,BIASA,PERDANA / AKADEMIK,TIADA BIDANG,MOHD ALFAIZAL BIN DAUD,PEREMPUAN,BUGIS,ISLAM,WARGANEGARA,MALAYSIA,,,,,,,,,,,,,MUHAMAD SHAHRUDDIN BIN SIJI,751014125603,KAD PENGENALAN,BAPA KANDUNG,KETUA PEGAWAI EKSEKUTIF BADAN BERKANUN,BEKERJA,LEMBAGA HASIL DALAM NEGERI MALAYSIA,22537.25,089777141,0138841410,3,NORAINI BINTI SUPU,760229125576,KAD PENGENALAN,IBU KANDUNG,GURU PENDIDIKAN MENENGAH,BEKERJA,SMK TAWAU II,10150.37,089774017,0138802902,"KG RANGGU BATU 10, JALAN MARIANO",LORONG HJ. MANSUR,,91007,TAWAU,PENAMPANG,SABAH
826,211201104323,CASEY MARCELINA ANAK JEROME,140912121206,KAD PENGENALAN,12-09-2014,BERSEKOLAH,01-10-2024,20-12-2025,TAHUN ENAM,KHOIR,,BIASA,PERDANA / AKADEMIK,TIADA BIDANG,MOHD ALFAIZAL BIN DAUD,PEREMPUAN,IBAN ATAU SEA DAYAK,KRISTIAN,WARGANEGARA,MALAYSIA,,,,,,,,,,,,,JEROME ANAK ANDOM,880702495457,KAD PENGENALAN,BAPA KANDUNG,"JURUJUAL, PEMBUATAN",BEKERJA,GLORY EAST,1300,0147457625,0163016025,3,CLARCE BINTI EKOP,870322125308,KAD PENGENALAN,IBU KANDUNG,,TIDAK BEKERJA,,0,,01116464172,BATU 8 PPR JALAN APAS,,,91000,TAWAU,PENAMPANG,SABAH
827,211201075883,DAANIYATUL FATHIYYAH BINTI SUHAIMI,141229121230,KAD PENGENALAN,29-12-2014,BERSEKOLAH,20-01-2021,20-12-2025,TAHUN ENAM,KHOIR,,BIASA,PERDANA / AKADEMIK,TIADA BIDANG,MOHD ALFAIZAL BIN DAUD,PEREMPUAN,SULUK,ISLAM,WARGANEGARA,MALAYSIA,,,,,,,,,,,,,SUHAIMI BIN JAINAL,860319126001,KAD PENGENALAN,BAPA KANDUNG,PEMANDU,BEKERJA,PERPUSTAKAAN NEGERI SABAH,2341,0143768208,0143768208,6,SITTI NAGIAH BINTI MUSA,881217125238,KAD PENGENALAN,IBU KANDUNG,,,,,,,,,,,,,
828,211201119544,HANA HUMAIRA BINTI ABD RIZAM,140222121006,KAD PENGENALAN,22-02-2014,BERSEKOLAH,11-03-2024,20-12-2025,TAHUN ENAM,KHOIR,,BIASA,PERDANA / AKADEMIK,TIADA BIDANG,MOHD ALFAIZAL BIN DAUD,PEREMPUAN,BUGIS,ISLAM,WARGANEGARA,MALAYSIA,,,,,,,,,,,,,ABD RIZAM BIN NUSU,811031125025,KAD PENGENALAN,BAPA KANDUNG,,TIDAK BEKERJA,,0,,0133207174,1,SUSILAWATI BINTI AHMAD TAWAKAL,830726125156,KAD PENGENALAN,IBU KANDUNG,PENGASUH KANAK-KANAK,BEKERJA,YUSRINA SHAM BINTI LAHMUDDIN,1700,0195822289,,RESEDINSI PRIMA RANGGU,"TYPE B FASA 1 LORONG 3,TB156","JALAN RANGGU BATU 12, TAWAU, SABAH",91000,TAWAU,PENAMPANG,SABAH
829,221201090003,HARITH HAKIM BIN IBNU SUHUD,140206120521,KAD PENGENALAN,06-02-2014,BERSEKOLAH,13-06-2025,20-12-2025,TAHUN ENAM,KHOIR,,BIASA,PERDANA / AKADEMIK,TIADA BIDANG,MOHD ALFAIZAL BIN DAUD,LELAKI,SULUK,ISLAM,WARGANEGARA,MALAYSIA,,,,,,,,,,,,,IBNU SUHUD BIN DADDI,840730125633,KAD PENGENALAN,BAPA KANDUNG,,BEKERJA,SYARIKAT MUTIARA SDN BHD,600,,,3,MARIATI BINTI LATAMUDE,871223495690,KAD PENGENALAN,IBU KANDUNG,,,,,,,,,,,,,
830,211201074237,KHAIREEN SAFIYYAH BINTI MARSAN,140208120736,KAD PENGENALAN,08-02-2014,BERSEKOLAH,20-01-2021,20-12-2025,TAHUN ENAM,KHOIR,,BIASA,PERDANA / AKADEMIK,TIADA BIDANG,MOHD ALFAIZAL BIN DAUD,PEREMPUAN,BUGIS,ISLAM,WARGANEGARA,MALAYSIA,,,,,,,,,,,,,MARSAN BIN SYAMSUDDIN,850614126849,KAD PENGENALAN,BAPA KANDUNG,KERANI AM PEJABAT,BEKERJA,SYARIKAT LEANG LI PRINTING SDN. BHD,2000,0134041161,0165837981,2,NORAIDA BINTI RANI,850223125582,KAD PENGENALAN,IBU KANDUNG,GURU,BEKERJA,KEMENTERIAN PENDIDIKAN MALAYSIA,9170.31,089912163,0165837931,"LOT 24, LORONG DESA 2",TAMAN DESA RANGGU,BATU 9 JALAN RANGGU,91000,TAWAU,PENAMPANG,SABAH
831,211201061780,MOHAMAD NAZRI BIN LASEAL,141231120413,KAD PENGENALAN,31-12-2014,BERSEKOLAH,20-01-2021,20-12-2025,TAHUN ENAM,KHOIR,,BIASA,PERDANA / AKADEMIK,TIADA BIDANG,MOHD ALFAIZAL BIN DAUD,LELAKI,FILIPINO,ISLAM,WARGANEGARA,MALAYSIA,,,,,,,,,,,,,LASEAL BIN SALI ALA,720717125683,KAD PENGENALAN,BAPA KANDUNG,,BEKERJA,TTK MAJU JAYA SDN BHD,2236.51,,,2,,,,,,,,,,,,,,,,,
832,211201067986,MOHAMAD REDZWAN BIN SUPA,141002120321,KAD PENGENALAN,02-10-2014,BERSEKOLAH,20-01-2021,20-12-2025,TAHUN ENAM,KHOIR,,BIASA,PERDANA / AKADEMIK,TIADA BIDANG,MOHD ALFAIZAL BIN DAUD,LELAKI,BUGIS,ISLAM,WARGANEGARA,MALAYSIA,,,,,,,,,,,,,SUPA BIN SEMAUNA,590110125289,KAD PENGENALAN,BAPA KANDUNG,,BEKERJA,RIMBUN HIJAU,1200,,,2,HAMSIAH BINTI BURAIRAH,710101125360,KAD PENGENALAN,IBU KANDUNG,,,,,,,,,,,,,
833,211201105554,MOHAMMAD QAIZAR AMAR MICKHAIL BIN HAERUDDIN,141012120317,KAD PENGENALAN,12-10-2014,BERSEKOLAH,03-08-2023,20-12-2025,TAHUN ENAM,KHOIR,,BIASA,PERDANA / AKADEMIK,TIADA BIDANG,MOHD ALFAIZAL BIN DAUD,LELAKI,INDONESIA,ISLAM,WARGANEGARA,MALAYSIA,,,,,,,,,,,,,,,,,,,,,,,2,RADZMAWATI BINTI MAKKURAGA,840403126612,KAD PENGENALAN,IBU KANDUNG,EKSEKUTIF PEMASARAN DIGITAL,BEKERJA,MONSTER DIGITAL,3500,089747080,,,,,,,,
834,211201067713,MOHAMMAD TRIZUANSHAH BIN MOHAMMAD HANAPIAH,140415120819,KAD PENGENALAN,15-04-2014,BERSEKOLAH,20-01-2021,20-12-2025,TAHUN ENAM,KHOIR,,BIASA,PERDANA / AKADEMIK,TIADA BIDANG,MOHD ALFAIZAL BIN DAUD,LELAKI,BUGIS,ISLAM,WARGANEGARA,MALAYSIA,,,,,,,,,,,,,MOHAMMAD HANAPIAH BIN RIDWIAN,831221125219,KAD PENGENALAN,BAPA KANDUNG,BEKERJA SENDIRI,BEKERJA,MOHD HANAPIAH,1500,01117876086,01117876086,6,MAYZURA MAKA ABDULLAH,850319126002,KAD PENGENALAN,IBU KANDUNG,,TIDAK BEKERJA,,0,,01125133640,PPR TAMAN SRI APAS BATU 8,BLOK C2-12,JALAN APAS TAWAU,91000,TAWAU,PENAMPANG,SABAH
835,211201115879,MUHAMAD MIKAIL ADAM MUKRIZ BIN AZLAN,140307120109,KAD PENGENALAN,07-03-2014,BERSEKOLAH,20-01-2021,20-12-2025,TAHUN ENAM,KHOIR,,BIASA,PERDANA / AKADEMIK,TIADA BIDANG,MOHD ALFAIZAL BIN DAUD,LELAKI,SULUK,ISLAM,WARGANEGARA,MALAYSIA,,,,,,,,,,,,,AZLAN BIN IDRIS,780221125203,KAD PENGENALAN,BAPA KANDUNG,PENGAWAL KESELAMATAN,TIDAK BEKERJA,MEGAH PERKASA SECURITY SEVICE SDN BHD,2903.66,,0136186308,3,NORLINAH BINTI TARAJI,740727125060,KAD PENGENALAN,IBU KANDUNG,GURU,BEKERJA,KEMENTERIAN PELAJARAN,7068.38,089774017,0109336308,"KG RANGGU, SIMPANG MARIANO",LORONG DAMAI RIA 4,,91000,TAWAU,PENAMPANG,SABAH
836,211201110354,MUHAMMAD ADL WAFIE BIN KASMAN,140126120601,KAD PENGENALAN,26-01-2014,BERSEKOLAH,20-01-2021,20-12-2025,TAHUN ENAM,KHOIR,,BIASA,PERDANA / AKADEMIK,TIADA BIDANG,MOHD ALFAIZAL BIN DAUD,LELAKI,BUGIS,ISLAM,WARGANEGARA,MALAYSIA,,,,,,,,,,,,,NURUL SYARMILAH BINTI APPA,901128126146,KAD PENGENALAN,IBU KANDUNG,,TIDAK BEKERJA,,900,,01117741464,4,,,,,,,,,,,,,,,,,
837,211201115206,MUHAMMAD FHIRDAUS ISKANDAR BIN ABDULLAH,141017121693,KAD PENGENALAN,17-10-2014,BERSEKOLAH,03-08-2023,20-12-2025,TAHUN ENAM,KHOIR,,BIASA,PERDANA / AKADEMIK,TIADA BIDANG,MOHD ALFAIZAL BIN DAUD,LELAKI,BANJAR,ISLAM,WARGANEGARA,MALAYSIA,,,,,,,,,,,,,NURFATIMAH BINTI ILHAM,971105126446,KAD PENGENALAN,IBU KANDUNG,PASUKAN SUKARELAWAN MALAYSIA (RELA),BEKERJA,TUAN SYUKUR,600,01110785229,01169301083,4,,,,,,,,,,,"KAMPUNG RANGGU , JALAN RANGGU BATU 10,",,,91000,TAWAU,PENAMPANG,SABAH
838,211201077252,MUHAMMAD HAZIQ ADAM BIN EKHO DYNNIE ARBIANTO,141120120015,KAD PENGENALAN,20-11-2014,BERSEKOLAH,20-01-2021,20-12-2025,TAHUN ENAM,KHOIR,,BIASA,PERDANA / AKADEMIK,TIADA BIDANG,MOHD ALFAIZAL BIN DAUD,LELAKI,MELAYU,ISLAM,WARGANEGARA,MALAYSIA,,,,,,,,,,,,,EKHO DYNNIE ARBIANTO BIN AMBRUDIN,920616125779,KAD PENGENALAN,BAPA KANDUNG,PEMANDU LORI,TIDAK BEKERJA,TAI SAUNG SND BHD,1500,,0198384005,7,SARFINA BINTI BAMBANG,E7738499,NOMBOR PASPORT,IBU KANDUNG,,TIDAK BEKERJA,,0,,0198384005,KAMPUNG RANGGU,BATU 10,JALAN APAS TAWAU PETI SURAT 60014,91010,TAWAU,PENAMPANG,SABAH
839,211201117078,MUHAMMAD HIZQIL BIN JUKDIN,140226120019,KAD PENGENALAN,26-02-2014,BERSEKOLAH,20-01-2021,20-12-2025,TAHUN ENAM,KHOIR,,BIASA,PERDANA / AKADEMIK,TIADA BIDANG,MOHD ALFAIZAL BIN DAUD,LELAKI,BUGIS,ISLAM,WARGANEGARA,MALAYSIA,,,,,,,,,,,,,JUKDIN BIN MUSRA,641205125529,KAD PENGENALAN,BAPA KANDUNG,BEKERJA SENDIRI,BEKERJA,TIADA,1000,0100000000,0198004433,11,RUZAINI BINTI NURDIN,890912125656,KAD PENGENALAN,IBU KANDUNG,,TIDAK BEKERJA,,0,,0169649071,F4-20 PPR TAMAN SRI APAS,"91000,TAWAU",JALAN APAS BATU 8,91000,TAWAU,PENAMPANG,SABAH
840,210501047563,MUHAMMAD IZMAN IZRIANSHA BIN MOHD AZMAN,140324120151,KAD PENGENALAN,24-03-2014,BERSEKOLAH,01-11-2021,20-12-2025,TAHUN ENAM,KHOIR,,BIASA,PERDANA / AKADEMIK,TIADA BIDANG,MOHD ALFAIZAL BIN DAUD,LELAKI,SUNGAI,ISLAM,WARGANEGARA,MALAYSIA,,,,,,,,,,,,,MOHD AZMAN BIN MAHALI,911218127109,KAD PENGENALAN,BAPA KANDUNG,DETEKTIF POLIS,BEKERJA,PDRM,2600,0132894591,0132894591,2,NOORSAQIRA HATIKAH BINTI NORDIN,931012126336,KAD PENGENALAN,IBU KANDUNG,,TIDAK BEKERJA,,0,,0135289144,"LOT 213, LORONG 4, TAMAN RANGGU SAUJANA","JALAN RANGGU BATU 10, TAWAU, SABAH",,91000,TAWAU,PENAMPANG,SABAH
841,211201104587,MUHAMMAD NAZMI FAIQ BIN MOHAMAD AZIZUL ARIFIN,140513120855,KAD PENGENALAN,13-05-2014,BERSEKOLAH,20-01-2021,20-12-2025,TAHUN ENAM,KHOIR,,BIASA,PERDANA / AKADEMIK,TIADA BIDANG,MOHD ALFAIZAL BIN DAUD,LELAKI,SULUK,ISLAM,WARGANEGARA,MALAYSIA,,,,,,,,,,,,,MOHAMAD AZIZUL ARIFIN BIN AHMAD,850815125455,KAD PENGENALAN,BAPA KANDUNG,PEMBANTU AM,BEKERJA,"JABATAN AIR TAWAU,SABAH",3251.27,089761057,0178920735,4,RUZIANA BINTI MOHD ARPAH,861217496292,KAD PENGENALAN,IBU KANDUNG,PEMBANTU GURU,BEKERJA,PEJABAT PENDIDIKAN DAERAH TAWAU,1900,089778102,0128450735,"KAMPUNG RANGGU BATU 9 JALAN APAS,",,,91007,TAWAU,PENAMPANG,SABAH
842,211201116631,MUHAMMAD RAYYAN FIRDAUS BIN RAHIM,141004120739,KAD PENGENALAN,04-10-2014,BERSEKOLAH,20-01-2021,20-12-2025,TAHUN ENAM,KHOIR,,BIASA,PERDANA / AKADEMIK,TIADA BIDANG,MOHD ALFAIZAL BIN DAUD,LELAKI,BUGIS,ISLAM,WARGANEGARA,MALAYSIA,,,,,,,,,,,,,RAHIM BIN SYAHARUDDIN,900806125819,KAD PENGENALAN,BAPA KANDUNG,,TIDAK BEKERJA,,2500,,01125200583,5,HERMA BINTI BURHANUDDIN,891231125436,KAD PENGENALAN,IBU KANDUNG,,TIDAK BEKERJA,,0,,01126313112,KG RANGGU BATU 10,LORONG 2 HAJI OTHMAN,,91000,TAWAU,PENAMPANG,SABAH
843,211201114648,MUHAMMAD SYAMIL BIN KAMAL,140609120171,KAD PENGENALAN,09-06-2014,BERSEKOLAH,20-01-2021,20-12-2025,TAHUN ENAM,KHOIR,,BIASA,PERDANA / AKADEMIK,TIADA BIDANG,MOHD ALFAIZAL BIN DAUD,LELAKI,BUGIS,ISLAM,WARGANEGARA,MALAYSIA,,,,,,,,,,,,,KAMAL BIN KARAMA,810728125493,KAD PENGENALAN,BAPA KANDUNG,MEKANIK BENGKEL,BEKERJA,BUMI SEWA SDN BHD,2500,0109553778,01136338619,2,MASNAWATI MADIA,C5050363,NOMBOR PASPORT,IBU KANDUNG,,,,,,,BATU 9 KUARY JALAN APAS,BATU 9 KUARY JALAN APAS,BATU 9 KUARY JALAN APAS,91000,TAWAU,PENAMPANG,SABAH
844,211201152814,NUR ADHA FATINI BINTI MUSLIMIN,141004120456,KAD PENGENALAN,04-10-2014,BERSEKOLAH,11-03-2024,20-12-2025,TAHUN ENAM,KHOIR,,BIASA,PERDANA / AKADEMIK,TIADA BIDANG,MOHD ALFAIZAL BIN DAUD,PEREMPUAN,BUGIS,ISLAM,WARGANEGARA,,,,,,,,,,,,,,,,,,,,,,,,,,,,,,,,,,,,,,,,,
845,211201110460,NUR AIZA NATASHA BINTI ABDUL MUCATILL,140620120316,KAD PENGENALAN,20-06-2014,BERSEKOLAH,20-01-2021,20-12-2025,TAHUN ENAM,KHOIR,,BIASA,PERDANA / AKADEMIK,TIADA BIDANG,MOHD ALFAIZAL BIN DAUD,PEREMPUAN,JAWA,ISLAM,WARGANEGARA,MALAYSIA,,,,,,,,,,,,,NURSHAHIDAH NADUS ABDULLAH,790318125954,KAD PENGENALAN,IBU KANDUNG,BURUH PEMBUATAN,BEKERJA,TIADA,1059,010882046,0198046857,2,ABDUL MUCATILL BIN SIMIN,630527125405,KAD PENGENALAN,BAPA KANDUNG,,,,,,,,,,,,,
846,211201073404,NUR AQEELA SAFIYA BINTI MOHD NAQIUDDIN NIYAZ,141112120816,KAD PENGENALAN,12-11-2014,BERSEKOLAH,03-08-2023,20-12-2025,TAHUN ENAM,KHOIR,,BIASA,PERDANA / AKADEMIK,TIADA BIDANG,MOHD ALFAIZAL BIN DAUD,PEREMPUAN,IBAN ATAU SEA DAYAK,ISLAM,WARGANEGARA,MALAYSIA,,,,,,,,,,,,,MOHD NAQIUDDIN NIYAZ LINYAW ABDULLAH,840124135305,KAD PENGENALAN,BAPA KANDUNG,PEGAWAI PENJARA GRED KA,TIDAK BEKERJA,JABATAN PENJARA TAWAU,2674.77,,0164457712,6,KARMILA BINTI KASSIM,840907125832,KAD PENGENALAN,IBU KANDUNG,PEGAWAI PENJARA GRED KA,TIDAK BEKERJA,PENJARA TAWAU,2000,,01133633440,TAMAN RANGGU SAUJANA,LORONG BELAKANG,TB 283,91000,TAWAU,PENAMPANG,SABAH
847,211201078208,NUR ATIQAH BINTI AMIR,140618120464,KAD PENGENALAN,18-06-2014,BERSEKOLAH,20-01-2021,20-12-2025,TAHUN ENAM,KHOIR,,BIASA,PERDANA / AKADEMIK,TIADA BIDANG,MOHD ALFAIZAL BIN DAUD,PEREMPUAN,BUGIS,ISLAM,WARGANEGARA,MALAYSIA,,,,,,,,,,,,,AMIR BIN DULLAH,580407125985,KAD PENGENALAN,BAPA KANDUNG,PEKEBUN,BEKERJA,TIADA,1500,0135254781,0135254781,1,,,,,,,,,,,SIMPANG TABIKA KEMAS KG RANGGU,KG RANGGU BT10,JALAN APAS,91000,TAWAU,PENAMPANG,SABAH
848,211201101182,NUR FARISYA HAZIQAH BINTI SUKMAN,140716120062,KAD PENGENALAN,16-07-2014,BERSEKOLAH,11-03-2024,20-12-2025,TAHUN ENAM,KHOIR,,BIASA,PERDANA / AKADEMIK,TIADA BIDANG,MOHD ALFAIZAL BIN DAUD,PEREMPUAN,BUGIS,ISLAM,WARGANEGARA,MALAYSIA,,,,,,,,,,,,,SUKMAN BIN SAMSUDDIN,870809125035,KAD PENGENALAN,BAPA KANDUNG,PEGAWAI PERTANIAN,TIDAK BEKERJA,ABID EMAS GROUP,3996,,0145525248,4,ROZANAH BINTI AMZAH,890524125312,KAD PENGENALAN,IBU KANDUNG,,TIDAK BEKERJA,,0,,0108895242,RESIDENSI PRIMA RANGGU TB 866 LORONG 13-BATU12,,,91000,TAWAU,PENAMPANG,SABAH
849,211201115580,NUR JANNAH BINTI ISMAIL,140926120132,KAD PENGENALAN,26-09-2014,BERSEKOLAH,14-12-2023,20-12-2025,TAHUN ENAM,KHOIR,,BIASA,PERDANA / AKADEMIK,TIADA BIDANG,MOHD ALFAIZAL BIN DAUD,PEREMPUAN,BUGIS,ISLAM,WARGANEGARA,MALAYSIA,,,,,,,,,,,,,ISMAIL BIN MAJID,891009125363,KAD PENGENALAN,BAPA KANDUNG,PENGURUS PELANCONGAN,BEKERJA,PULAU SIPADAN RESORT & TOURS SDN BHD,3415,0178997800,0149968061,4,NULKAMRA,0112114XAH,TANPA DOKUMEN,IBU KANDUNG,,TIDAK BEKERJA,,0,,0145726100,TB 96 LORONG 2 RESIDENSI RANGGU,TAMAN PRIMA RANGGU,JALAN RANGGU BATU 12,91000,TAWAU,PENAMPANG,SABAH
850,211201078253,NUR QIESYA AQEELA BINTI MOHD AZMAN,141018040158,KAD PENGENALAN,18-10-2014,BERSEKOLAH,20-01-2021,20-12-2025,TAHUN ENAM,KHOIR,,BIASA,PERDANA / AKADEMIK,TIADA BIDANG,MOHD ALFAIZAL BIN DAUD,PEREMPUAN,MELAYU,ISLAM,WARGANEGARA,MALAYSIA,,,,,,,,,,,,,MOHD AZMAN BIN ABDUL AZIZ,801127055253,KAD PENGENALAN,BAPA KANDUNG,,TIDAK BEKERJA,,1000,,0135066997,7,ROSNI BINTI MUSA,790302125802,KAD PENGENALAN,IBU KANDUNG,,TIDAK BEKERJA,,3058.81,,0132271315,"NO 2, BATU 9",KAMPUNG RANGGU,JALAN RANGGU,91000,TAWAU,PENAMPANG,SABAH
851,211201117914,NUR RAMADHANIA BINTI MOHAN,140706120114,KAD PENGENALAN,06-07-2014,BERSEKOLAH,20-01-2021,20-12-2025,TAHUN ENAM,KHOIR,,BIASA,PERDANA / AKADEMIK,TIADA BIDANG,MOHD ALFAIZAL BIN DAUD,PEREMPUAN,BRUNEI,ISLAM,WARGANEGARA,MALAYSIA,,,,,,,,,,,,,MOHAN BIN ABDULLAH,730606125305,KAD PENGENALAN,BAPA KANDUNG,PEMANDU,BEKERJA,FIRDHOUS SALEEM,1500,0165753225,0162686105,3,NORSHILAWATI BINTI JUMARCH,931222125622,KAD PENGENALAN,IBU KANDUNG,JURUJUAL BORONG DAN RUNCIT,BEKERJA,FIRDHOUS SALEEM,1500,0165753225,0165753225,KAMPUNG RANGGU,BATU 9 JALAN HAJAH MARIAM,,91008,TAWAU,PENAMPANG,SABAH
852,211201066617,NUR SYUHADAH BINTI YASMIN,140503120640,KAD PENGENALAN,03-05-2014,BERSEKOLAH,20-01-2021,20-12-2025,TAHUN ENAM,KHOIR,,BIASA,PERDANA / AKADEMIK,TIADA BIDANG,MOHD ALFAIZAL BIN DAUD,PEREMPUAN,DUSUN,ISLAM,WARGANEGARA,MALAYSIA,,,,,,,,,,,,,IRYANI BINTI LUNSHAH,860423125404,KAD PENGENALAN,IBU KANDUNG,,TIDAK BEKERJA,,800,,0148589800,3,,,,,,,,,,,,,,,,,
853,211201071455,NURSHAZAFEEFA BINTI MUHAMAD SHAZFALIQ,140515120816,KAD PENGENALAN,15-05-2014,BERSEKOLAH,03-08-2023,20-12-2025,TAHUN ENAM,KHOIR,,BIASA,PERDANA / AKADEMIK,TIADA BIDANG,MOHD ALFAIZAL BIN DAUD,PEREMPUAN,BANJAR,ISLAM,WARGANEGARA,MALAYSIA,,,,,,,,,,,,,SITI AISYAH BINTI JOHAN,840922125582,KAD PENGENALAN,IBU KANDUNG,PENOLONG AKAUNTAN GRED W,BEKERJA,SEKOLAH MENENGAH KEBANGSAAN TAWAU,4000,01157522439,01157522439,2,MUHAMAD SHAZFALIQ BIN AZAMANSHAH,911106126187,KAD PENGENALAN,BAPA KANDUNG,,,,,,0109152479,BLOK E-1-19,"TAMAN SRI APAS, BATU 8,",JALAN APAS,91000,TAWAU,PENAMPANG,SABAH
854,211201103761,RYANDIEE IZHAM BIN ILHAM,140528120137,KAD PENGENALAN,28-05-2014,BERSEKOLAH,20-01-2021,20-12-2025,TAHUN ENAM,KHOIR,,BIASA,PERDANA / AKADEMIK,TIADA BIDANG,MOHD ALFAIZAL BIN DAUD,LELAKI,BANJAR,ISLAM,WARGANEGARA,MALAYSIA,,,,,,,,,,,,,ILHAM BIN ARHAN,791003125639,KAD PENGENALAN,BAPA KANDUNG,BEKERJA SENDIRI,BEKERJA,ILHAM BIN ARHAN,1000,0143005639,0143005639,3,,,,,,,,,,,TAMAN RANGGU SAUJANA BT11 TB229 LONG 4,,,91000,TAWAU,PENAMPANG,SABAH
855,211201065735,SHAREEN LOIN ANAK SIMON,141105130696,KAD PENGENALAN,05-11-2014,BERSEKOLAH,20-01-2021,20-12-2025,TAHUN ENAM,KHOIR,,BIASA,PERDANA / AKADEMIK,TIADA BIDANG,MOHD ALFAIZAL BIN DAUD,PEREMPUAN,IBAN ATAU SEA DAYAK,KRISTIAN,WARGANEGARA,MALAYSIA,,,,,,,,,,,,,SIMON ANAK JAMES NYAMBONG,920424136297,KAD PENGENALAN,BAPA KANDUNG,PEGAWAI REJIMEN SEMPADAN (RS),TIDAK BEKERJA,FAZRUL,5056,,01151811656,2,PAULA ANAK PANYAU,971103136376,KAD PENGENALAN,IBU KANDUNG,,TIDAK BEKERJA,,0,,01112891818,SOUTH VILLA APARTMENT BATU 10 APAS,BLOK F 04-01,,91000,TAWAU,PENAMPANG,SABAH
856,211201117414,AFIFAH AUNI AQILAH BINTI JAMIDI,140820120900,KAD PENGENALAN,20-08-2014,BERSEKOLAH,20-01-2021,20-12-2025,TAHUN ENAM,MUMTAZ,,BIASA,PERDANA / AKADEMIK,TIADA BIDANG,BAJAM BINTI LADUNG,PEREMPUAN,BAJAU,ISLAM,WARGANEGARA,MALAYSIA,,,,,,,,,,,,,JAMIDI BIN MUADIS,860420125097,KAD PENGENALAN,BAPA KANDUNG,PEMANDU BAS,BEKERJA,MILIK SENDIRI,1500,01136252567,01136252567,10,IRMAWATI BINTI ABDUL GANI,850625125518,KAD PENGENALAN,IBU KANDUNG,GURU BAHASA GRED DG,BEKERJA,SMK KONVEN ST URSULA,9170.31,089772090,01110532506,"TB246 LORONG SAUJANA,",TAMAN RANGGU SAUJANA,,91000,TAWAU,PENAMPANG,SABAH
857,211201117416,AHMAD IZZAT BIN SUHARDI,140422120403,KAD PENGENALAN,22-04-2014,BERSEKOLAH,20-01-2021,20-12-2025,TAHUN ENAM,MUMTAZ,,BIASA,PERDANA / AKADEMIK,TIADA BIDANG,BAJAM BINTI LADUNG,LELAKI,BUGIS,ISLAM,WARGANEGARA,MALAYSIA,,,,,,,,,,,,,SUHARDI BIN SUKUR,C7730380,NOMBOR PASPORT,BAPA KANDUNG,BEKERJA SENDIRI,TIDAK BEKERJA,SUHARDI BIN SUKUR,700,,0178395568,6,HASNANI BINTI BACHO,881211495270,KAD PENGENALAN,IBU KANDUNG,,TIDAK BEKERJA,,0,,0178395568,"KG. RANGGU, BATU 9, JLN RANGGU",,,91000,TAWAU,PENAMPANG,SABAH
858,241202332834,AHMED ESHAN BIN ABDULLAH,15694152,TANPA DOKUMEN,18-11-2014,BERSEKOLAH,17-05-2024,20-12-2025,TAHUN ENAM,MUMTAZ,,BIASA,PERDANA / AKADEMIK,TIADA BIDANG,BAJAM BINTI LADUNG,LELAKI,LAIN-LAIN,ISLAM,BUKAN WARGANEGARA,INDONESIA,,,,,,,,,,,,,,,,,,,,,,,,,,,,,,,,,,,,,,,,
859,211201117608,AMMAARA LUTHFEA BINTI LUKMAN RIZAL,140913121160,KAD PENGENALAN,13-09-2014,BERSEKOLAH,20-01-2021,20-12-2025,TAHUN ENAM,MUMTAZ,,BIASA,PERDANA / AKADEMIK,TIADA BIDANG,BAJAM BINTI LADUNG,PEREMPUAN,BUGIS,ISLAM,WARGANEGARA,MALAYSIA,,,,,,,,,,,,,ASNANI BINTI ALIMIN,870722495228,KAD PENGENALAN,IBU KANDUNG,JURUJUAL GERAI,BEKERJA,ASNANI,1100,0138775544,0138775544,3,,,,,,,,,,,,,,,,,
860,211201116603,DAMIA ADRIANA BINTI JHON PINERO @ MOHAMMAD ARIF,140430120366,KAD PENGENALAN,30-04-2014,BERSEKOLAH,11-03-2024,20-12-2025,TAHUN ENAM,MUMTAZ,,BIASA,PERDANA / AKADEMIK,TIADA BIDANG,BAJAM BINTI LADUNG,PEREMPUAN,BUGIS,ISLAM,WARGANEGARA,MALAYSIA,,,,,,,,,,,,,DARMAYANTI BINTI SUYUTI,801116126036,KAD PENGENALAN,IBU KANDUNG,PEMBANTU PENGURUSAN MURID GRED N,BEKERJA,PENGETUA,3398.56,089750257,0138530007,2,JHON PINERO,790315125633,KAD PENGENALAN,BAPA KANDUNG,,TIDAK BEKERJA,,800,,0198978482,RESIDENSI PR1MA RANGGU,"TB66, LORONG 2,",JALAN RESIDENSI RANGGU,91000,TAWAU,PENAMPANG,SABAH
861,221201129560,MAAL HIZRAYYAN BIN ABDULLAH,14671169,TANPA DOKUMEN,26-10-2014,BERSEKOLAH,20-06-2022,20-12-2025,TAHUN ENAM,MUMTAZ,,BIASA,PERDANA / AKADEMIK,TIADA BIDANG,BAJAM BINTI LADUNG,LELAKI,BUGIS,ISLAM,TIADA MAKLUMAT,,,,,,,,,,,,,,,,,,,,,,,,,,,,,,,,,,,,,,,,,
862,211201115877,MOHAMAD ARIZ ZAHRAN BIN JASNI,140325130263,KAD PENGENALAN,25-03-2014,BERSEKOLAH,20-01-2021,20-12-2025,TAHUN ENAM,MUMTAZ,,BIASA,PERDANA / AKADEMIK,TIADA BIDANG,BAJAM BINTI LADUNG,LELAKI,BRUNEI,ISLAM,WARGANEGARA,MALAYSIA,,,,,,,,,,,,,JASNI BIN BUNGSU,780403125511,KAD PENGENALAN,BAPA KANDUNG,PEMBANTU PENGUATKUASA GRED KP,BEKERJA,KEMENTERIAN PERDAGANGAN DALAM NEGERI DAN HAL EHWAL PENGGUNA,5873.94,089782855,0135426500,5,NUR HIDAYAH BINTI LAMAT,870329135154,KAD PENGENALAN,IBU KANDUNG,,TIDAK BEKERJA,,0,,0148842897,"TB 291, LOT 339",TAMAN RANGGU SAUJANA,JALAN RANGGU BT 10,91000,TAWAU,PENAMPANG,SABAH
863,211201115878,MUHAMAD ALIFHAMDAN BIN WAHID,140717120531,KAD PENGENALAN,17-07-2014,BERSEKOLAH,20-01-2021,20-12-2025,TAHUN ENAM,MUMTAZ,,BIASA,PERDANA / AKADEMIK,TIADA BIDANG,BAJAM BINTI LADUNG,LELAKI,INDONESIA,ISLAM,WARGANEGARA,MALAYSIA,,,,,,,,,,YA (01),,,MOHD SHAHRIZAL BIN WAHID,010508120345,KAD PENGENALAN,ABANG,FOMEN MEKANIKAL,BEKERJA,SING NGIAP ENGINEERING SDN BHD,1700,0108808270,0109439715,2,HAPSJAH BINTI DEMON,701020125890,KAD PENGENALAN,IBU KANDUNG,,BEKERJA,TIADA,150,,,KAMPUNG RANGGU,"LORONG SRI MANIS, BATU 9",JALAN RANGGU,91000,TAWAU,PENAMPANG,SABAH
864,211201115470,MUHAMMAD ADLI ADAM BIN ADIL,141014120417,KAD PENGENALAN,14-10-2014,BERSEKOLAH,09-08-2023,20-12-2025,TAHUN ENAM,MUMTAZ,,BIASA,PERDANA / AKADEMIK,TIADA BIDANG,BAJAM BINTI LADUNG,LELAKI,BAJAU,ISLAM,WARGANEGARA,MALAYSIA,,,,,,,,,,,,,ADIL BIN MUHD RUSDI,791003125567,KAD PENGENALAN,BAPA KANDUNG,,TIDAK BEKERJA,,0,,0197901779,3,HERLINA BINTI HASHIM,841117125816,KAD PENGENALAN,IBU KANDUNG,GURU PENDIDIKAN MENENGAH,BEKERJA,SMK KINABUTAN 2,10118.36,089750256,0197501779,TAMAN RANGGU SAUJANA,LORONG 2,TB 470,91000,TAWAU,PENAMPANG,SABAH
865,211201115880,MUHAMMAD ALIF FIRDAUS BIN MOHD GHAZALI,140628120169,KAD PENGENALAN,28-06-2014,BERSEKOLAH,20-01-2021,20-12-2025,TAHUN ENAM,MUMTAZ,,BIASA,PERDANA / AKADEMIK,TIADA BIDANG,BAJAM BINTI LADUNG,LELAKI,KADAZAN,ISLAM,WARGANEGARA,MALAYSIA,,,,,,,,,,,,,MOHD GHAZALI BIN SALIMAT @ MUSLIMAT,810612126531,KAD PENGENALAN,BAPA KANDUNG,BEKERJA SENDIRI,,MOHD GHAZALI BIN SALIMAT @ MUSLIMAT,1500,0168360351,0168360351,3,EDNA BINTI MARCELLINUS,890306125066,KAD PENGENALAN,IBU KANDUNG,,TIDAK BEKERJA,,0,,0168360351,BATU 4,JALAN APAS,,91000,TAWAU,PENAMPANG,SABAH
866,211201115881,MUHAMMAD ALIF SYAZWAN BIN USMAN,140731120167,KAD PENGENALAN,31-07-2014,BERSEKOLAH,20-01-2021,20-12-2025,TAHUN ENAM,MUMTAZ,,BIASA,PERDANA / AKADEMIK,TIADA BIDANG,BAJAM BINTI LADUNG,LELAKI,BUGIS,ISLAM,WARGANEGARA,MALAYSIA,,,,,,,,,,,,,USMAN BIN ASIS,710418125481,KAD PENGENALAN,BAPA KANDUNG,,BEKERJA,-,1100,,,2,SUMARNI BINTI HASSAN,820204125248,KAD PENGENALAN,IBU KANDUNG,,,,,,0178328556,KAMPUNG RANGGU,BATU 8 JALAN APAS,,91000,TAWAU,PENAMPANG,SABAH
867,211201106171,MUHAMMAD ARFA SAFARAZ AZ ZAIM BIN DARWIS,140914120987,KAD PENGENALAN,14-09-2014,BERSEKOLAH,07-09-2023,20-12-2025,TAHUN ENAM,MUMTAZ,,BIASA,PERDANA / AKADEMIK,TIADA BIDANG,BAJAM BINTI LADUNG,LELAKI,BUGIS,ISLAM,WARGANEGARA,MALAYSIA,,,,,,,,,,,,,DARWIS BIN DAHLAN,880915126567,KAD PENGENALAN,BAPA KANDUNG,KETUA PENYELIA,BEKERJA,TECK GUAN REGENCY,2400,089772277,0105060006,2,FITRIYANI BINTI TAKIR,920502127100,KAD PENGENALAN,IBU KANDUNG,,,,,,0105060006,,,,,,,
868,211201115882,MUHAMMAD ARIEF RIFQIE BIN ASHARY,140421120583,KAD PENGENALAN,21-04-2014,BERSEKOLAH,20-01-2021,20-12-2025,TAHUN ENAM,MUMTAZ,,BIASA,PERDANA / AKADEMIK,TIADA BIDANG,BAJAM BINTI LADUNG,LELAKI,BUGIS,ISLAM,WARGANEGARA,MALAYSIA,,,,,,,,,,,,,SITI SALMAH BINTI MAMING,801103125704,KAD PENGENALAN,IBU KANDUNG,KERANI AKAUN,BEKERJA,THIEN ENGINEERING,2380,089913073,01133965121,3,ASHARY PASERANGI,C8346111,NOMBOR PASPORT,BAPA KANDUNG,BURUH PEMBUATAN,BEKERJA,A & A  ENTERPRISE,0,0128063412,0128063412,"KAMPUNG RANGGU, JALAN MARIANO,","BATU 10, DAMAI RIA 3",P.O.BOX 1427,91000,TAWAU,PENAMPANG,SABAH
869,211001119895,MUHAMMAD ARYAN ASHRAF BIN SABIR,140221120423,KAD PENGENALAN,21-02-2014,BERSEKOLAH,16-04-2024,20-12-2025,TAHUN ENAM,MUMTAZ,,BIASA,PERDANA / AKADEMIK,TIADA BIDANG,BAJAM BINTI LADUNG,LELAKI,BUGIS,ISLAM,WARGANEGARA,MALAYSIA,,,,,,,,,,,,,SABIR BIN IRWAN,850730125341,KAD PENGENALAN,BAPA KANDUNG,PEMANDU LORI,BEKERJA,YTL CEMENT BERHAD,2000,0187997600,0107790765,2,,,,,,,,,,,RESIDENSI PRIMA RANGGU,RESIDENSI RANGGU 4,LORONG 12 1/3 TB 687,91000,TAWAU,PENAMPANG,SABAH
870,211201104273,MUHAMMAD IQBAAL BIN JAPAR,140212120595,KAD PENGENALAN,12-02-2014,BERSEKOLAH,11-03-2024,20-12-2025,TAHUN ENAM,MUMTAZ,,BIASA,PERDANA / AKADEMIK,TIADA BIDANG,BAJAM BINTI LADUNG,LELAKI,BUGIS,ISLAM,WARGANEGARA,MALAYSIA,,,,,,,,,,,,,JAPAR BIN RUSTAM,831115125573,KAD PENGENALAN,BAPA KANDUNG,BEKERJA SENDIRI,BEKERJA,TIADA,1000,0105523070,0105523070,4,FAZILLINA BINTI PATLEE,830807125422,KAD PENGENALAN,IBU KANDUNG,PENOLONG AKAUNTAN GRED W,BEKERJA,JABATAN AKAUNTAN NEGARA CAWANGAN TAWAU,4787.55,089775620,0168483494,TAMAN PERWIRA,"LORONG 4, LOT 57",,91000,TAWAU,PENAMPANG,SABAH
871,211201107061,MUHAMMAD IZZRIN BIN AHMAD,140908120083,KAD PENGENALAN,08-09-2014,BERSEKOLAH,12-08-2021,20-12-2025,TAHUN ENAM,MUMTAZ,,BIASA,PERDANA / AKADEMIK,TIADA BIDANG,BAJAM BINTI LADUNG,LELAKI,TIDUNG,ISLAM,WARGANEGARA,MALAYSIA,,,,,,,,,,,,,AHMAD BIN NASIB,800617125715,KAD PENGENALAN,BAPA KANDUNG,GURU,BEKERJA,KEMENTERIAN PENDIDIKAN MALAYSIA,9629.92,0383217100,0128622424,8,NUR HIJA BINTI HUSSIN,820530126684,KAD PENGENALAN,IBU KANDUNG,,,,,,0128122822,"TAMAN RANGGU SAUJANA, TAWAU",TB431 LOT 103,JALAN RANGGU BATU 10,91000,TAWAU,PENAMPANG,SABAH
872,211001104747,MUHAMMAD SOLIHIN ISHAQ BIN ASIS,140210121009,KAD PENGENALAN,10-02-2014,BERSEKOLAH,19-05-2026,19-05-2026,TAHUN ENAM,MUMTAZ,,BIASA,PERDANA / AKADEMIK,TIADA BIDANG,BAJAM BINTI LADUNG,LELAKI,BUGIS,ISLAM,WARGANEGARA,MALAYSIA,,,,,,,,,,,,,,,,,,,,,,,3,HADEWIA BINTI HALIM,771220126250,KAD PENGENALAN,IBU KANDUNG,,TIDAK BEKERJA,,1200,,0138132396,KILANG PAPAN,JAYA MUDA,,28500,BANDAR TEMERLOH,TEMERLOH,PAHANG
873,211201113172,MUHAMMAD SYAFIEQ HAKIMI BIN SUYUTI,141001120207,KAD PENGENALAN,01-10-2014,BERSEKOLAH,20-01-2021,20-12-2025,TAHUN ENAM,MUMTAZ,,BIASA,PERDANA / AKADEMIK,TIADA BIDANG,BAJAM BINTI LADUNG,LELAKI,BUGIS,ISLAM,WARGANEGARA,MALAYSIA,,,,,,,,,,,,,SUYUTI,C762378,NOMBOR PASPORT,BAPA KANDUNG,BURUH KEBUN,,BEKERJA SENDIRI,1200,0149579586,0168224858,5,LILYE BINTI SALON,830801125624,KAD PENGENALAN,IBU KANDUNG,,,,,,0168224858,KAMPUNG RANGGU BATU 9 JALAN MARIANO,,,91000,TAWAU,PENAMPANG,SABAH
874,211201121768,MUHAMMAD SYAHMIE BIN SULTAN,141102120169,KAD PENGENALAN,02-11-2014,BERSEKOLAH,25-01-2021,20-12-2025,TAHUN ENAM,MUMTAZ,,BIASA,PERDANA / AKADEMIK,TIADA BIDANG,BAJAM BINTI LADUNG,LELAKI,BAJAU,ISLAM,WARGANEGARA,MALAYSIA,,,,,,,,,,,,,SULTAN BIN LATIF,711125125933,KAD PENGENALAN,BAPA KANDUNG,BEKERJA SENDIRI,BEKERJA,SULTAN BIN LATIF,2000,0175399687,0175399687,5,,,,,,,,,,,"KG. RANGGU, BATU 10 1/2,","LORONG BUNGA RAYA, JALAN RANGGU,",TAWAU.,91000,TAWAU,PENAMPANG,SABAH
875,211201113173,MUHAMMAD ZHARIF AIMIN BIN KAMALUDDIN @ MOHD YASMIN,140614121005,KAD PENGENALAN,14-06-2014,BERSEKOLAH,20-01-2021,20-12-2025,TAHUN ENAM,MUMTAZ,,BIASA,PERDANA / AKADEMIK,TIADA BIDANG,BAJAM BINTI LADUNG,LELAKI,BUGIS,ISLAM,WARGANEGARA,MALAYSIA,,,,,,,,,,,,,KAMALUDDIN @ MOHD YASMIN BIN MUHEIN,780726125735,KAD PENGENALAN,BAPA KANDUNG,KERANI INSURANS,BEKERJA,ZURICH INSURANS,0,0134045380,0134045380,4,HAMIDA BINTI DEMON,801204125578,KAD PENGENALAN,IBU KANDUNG,,TIDAK BEKERJA,,10338.89,,0135448327,"TB 60, LORONG 1 ,TAMAN RANGGU SAUJANA",JLN KAMPUNG RANGGU,,91000,TAWAU,PENAMPANG,SABAH
876,211201065604,NAAZHIMAH BINTI NASARUDIN,140516120316,KAD PENGENALAN,16-05-2014,BERSEKOLAH,17-06-2024,20-12-2025,TAHUN ENAM,MUMTAZ,,BIASA,PERDANA / AKADEMIK,TIADA BIDANG,BAJAM BINTI LADUNG,PEREMPUAN,BUGIS,ISLAM,WARGANEGARA,MALAYSIA,,,,,,,,,,,,,NASARUDIN BIN NGANRO,771217125767,KAD PENGENALAN,BAPA KANDUNG,FOMEN MEKANIKAL,TIDAK BEKERJA,ULTIMATE SDN BHD,3000,,0179515767,2,HASMIAH BINTI WAHID,820515125106,KAD PENGENALAN,IBU KANDUNG,,TIDAK BEKERJA,,0,,0125771725,RESIDENSI PRIMA RANGGU,"LORONG 17 TB, 1194",TAWAU,91000,TAWAU,PENAMPANG,SABAH
877,211201113174,NUR AFFIQAH HIDAYAH BINTI FARI AKBAR NOR,140815120332,KAD PENGENALAN,15-08-2014,BERSEKOLAH,20-01-2021,20-12-2025,TAHUN ENAM,MUMTAZ,,BIASA,PERDANA / AKADEMIK,TIADA BIDANG,BAJAM BINTI LADUNG,PEREMPUAN,MELAYU,ISLAM,WARGANEGARA,MALAYSIA,,,,,,,,,,,,,FARI AKBAR NOR BIN FARIDU,751215025545,KAD PENGENALAN,BAPA KANDUNG,,TIDAK BEKERJA,,1200,,01114121787,4,SAMSI BINTI DAHALAN,850423126360,KAD PENGENALAN,IBU KANDUNG,,TIDAK BEKERJA,,1200,,01131484579,F2-6 PPR TAMAN SRI APAS,BATU 8 JALAN APAS,,91000,TAWAU,PENAMPANG,SABAH
878,211201109963,NUR DELISYA BINTI MOHAMAD,140619120714,KAD PENGENALAN,19-06-2014,BERSEKOLAH,25-09-2025,20-12-2025,TAHUN ENAM,MUMTAZ,,BIASA,PERDANA / AKADEMIK,TIADA BIDANG,BAJAM BINTI LADUNG,PEREMPUAN,SUNGAI,ISLAM,WARGANEGARA,MALAYSIA,,,,,,,,,,,,,MOHAMAD BIN AFDAL,850526125475,KAD PENGENALAN,BAPA KANDUNG,JURUTEKNIK,TIDAK BEKERJA,JADE RESIDENCE MANAGMENT,2000,,0109129509,6,,,,,,,,,,,"BLOK E,UNIT E-G-6 E RESIDANCE TELIPOK",BLOK E UNIT E-G-6 E RESIDANCE TELIPOK,,89208,KOTA KINABALU,TAWAU,SABAH
879,211201116375,NUR HAZIQAH BINTI JUMADI,141018120094,KAD PENGENALAN,18-10-2014,BERSEKOLAH,20-01-2021,20-12-2025,TAHUN ENAM,MUMTAZ,,BIASA,PERDANA / AKADEMIK,TIADA BIDANG,BAJAM BINTI LADUNG,PEREMPUAN,TIDUNG,ISLAM,WARGANEGARA,MALAYSIA,,,,,,,,,,,,,HERNA BINTI KURUS,870506125214,KAD PENGENALAN,IBU KANDUNG,JURUJUAL GERAI,BEKERJA,HERNA,1500,0135530425,0167316587,6,,,,,,,,,,,,,,,,,
880,211201116376,NUR SYAFIKA BINTI YASMANSAH,140408120132,KAD PENGENALAN,08-04-2014,BERSEKOLAH,20-01-2021,20-12-2025,TAHUN ENAM,MUMTAZ,,BIASA,PERDANA / AKADEMIK,TIADA BIDANG,BAJAM BINTI LADUNG,PEREMPUAN,BUGIS,ISLAM,WARGANEGARA,MALAYSIA,,,,,,,,,,,,,YASMANSAH BIN ABDUL KADIR,740402125847,KAD PENGENALAN,BAPA KANDUNG,PEMANDU BAS,BEKERJA,HJH SAIRAH,1700,089774328,0196306799,3,LEDIA BINTI MOLGAN,830509126080,KAD PENGENALAN,IBU KANDUNG,,TIDAK BEKERJA,,0,,0168286840,"TAMAN RIA 6, TG BATU DARAT",,,91000,TAWAU,PENAMPANG,SABAH
881,211201116377,NUR SYIFA RAISAH BINTI ROSLAN,141111120494,KAD PENGENALAN,11-11-2014,BERSEKOLAH,20-01-2021,20-12-2025,TAHUN ENAM,MUMTAZ,,BIASA,PERDANA / AKADEMIK,TIADA BIDANG,BAJAM BINTI LADUNG,PEREMPUAN,BAJAU,ISLAM,WARGANEGARA,MALAYSIA,,,,,,,,,,,,,ROSLAN BIN ISMAIL,850228126883,KAD PENGENALAN,BAPA KANDUNG,KOPERAL POLIS,BEKERJA,PDRM,3450,089712222,0105864155,3,RAZMIA BINTI RAZAP,880212125306,KAD PENGENALAN,IBU KANDUNG,,TIDAK BEKERJA,,0,,0104195455,NO 151 LORONG ALAMANDA 3 TAMAN ALAMANDA,JALAN RANGGU BATU 12,91000 TAWAU SABAH.,91000,TAWAU,PENAMPANG,SABAH
882,211201116378,NURFARAH KHAALISHAH BINTI MOHAMAD TAUFIK,140705120462,KAD PENGENALAN,05-07-2014,BERSEKOLAH,20-01-2021,20-12-2025,TAHUN ENAM,MUMTAZ,,BIASA,PERDANA / AKADEMIK,TIADA BIDANG,BAJAM BINTI LADUNG,PEREMPUAN,BAJAU,ISLAM,WARGANEGARA,MALAYSIA,,,,,,,,,,,,,MOHAMAD TAUFIK BIN HAMDAN,870919495301,KAD PENGENALAN,BAPA KANDUNG,MEKANIK JENTERA PERINDUSTRIAN,BEKERJA,TCIM SDN BHD,1970,089715981,0178357600,2,,,,,,,,,,,BATU 10 KAMPUNG RANGGU,,,91000,TAWAU,PENAMPANG,SABAH
883,211201112575,NURQISTINA NAJWA BINTI SADAM,140602121286,KAD PENGENALAN,02-06-2014,BERSEKOLAH,20-01-2021,20-12-2025,TAHUN ENAM,MUMTAZ,,BIASA,PERDANA / AKADEMIK,TIADA BIDANG,BAJAM BINTI LADUNG,PEREMPUAN,BAJAU,ISLAM,WARGANEGARA,MALAYSIA,,,,,,,,,,,,,SADAM BIN MOHD YUSOP,821002125965,KAD PENGENALAN,BAPA KANDUNG,PEMANDU,BEKERJA,DIGITAL MARKETING SDN BHD,1000,0380615023,01170178061,6,,,,,,,,,,,"KAMPUNG RANGGU , JALAN RANGGU BATU 10,",,,91000,TAWAU,PENAMPANG,SABAH
884,211401030509,PUTRI SYAKILLA DANIA BINTI ABDULLAH,140312101842,KAD PENGENALAN,12-03-2014,BERSEKOLAH,31-08-2023,20-12-2025,TAHUN ENAM,MUMTAZ,,BIASA,PERDANA / AKADEMIK,TIADA BIDANG,BAJAM BINTI LADUNG,PEREMPUAN,BANJAR,ISLAM,WARGANEGARA,MALAYSIA,,,,,,,,,,,,,SABARIAH BINTI ACHMAD,700130125512,KAD PENGENALAN,IBU KANDUNG,,BEKERJA,NIL,500,,,1,,,,,,,,,,,KAMPUNAG LORMALONG,,,91207,KUNAK,BELURAN,SABAH
885,211201112576,QAYYUM NUR IMAN BIN AMIR,140201120119,KAD PENGENALAN,01-02-2014,BERSEKOLAH,20-01-2021,20-12-2025,TAHUN ENAM,MUMTAZ,,BIASA,PERDANA / AKADEMIK,TIADA BIDANG,BAJAM BINTI LADUNG,LELAKI,BUGIS,ISLAM,WARGANEGARA,MALAYSIA,,,,,,,,,,,,,AMIR BIN LAMATANG,840219125935,KAD PENGENALAN,BAPA KANDUNG,BEKERJA SENDIRI,BEKERJA,TIADA,2500,0167946611,0167946611,4,,,,,,,,,,,KAMPUNG RANGGU,BATU 9 JALAN APAS,TAWAU,91000,TAWAU,PENAMPANG,SABAH
886,211201112577,RANIA AWFIYAH BINTI RAMLE,140830120162,KAD PENGENALAN,30-08-2014,BERSEKOLAH,20-01-2021,20-12-2025,TAHUN ENAM,MUMTAZ,,BIASA,PERDANA / AKADEMIK,TIADA BIDANG,BAJAM BINTI LADUNG,PEREMPUAN,BUGIS,ISLAM,WARGANEGARA,MALAYSIA,,,,,,,,,,,,,RAMLE BIN RASSA,820512125127,KAD PENGENALAN,BAPA KANDUNG,PEMANDU LORI,BEKERJA,SINARAN AIS KIUB,1200,01000000000,0179769655,4,,,,,,,,,,,BATU 9 JALAN RANGGU,,,91000,TAWAU,PENAMPANG,SABAH
887,211201112578,SAMARULISAM BIN ABDULLAH,140904120481,KAD PENGENALAN,04-09-2014,BERSEKOLAH,20-01-2021,20-12-2025,TAHUN ENAM,MUMTAZ,,BIASA,PERDANA / AKADEMIK,TIADA BIDANG,BAJAM BINTI LADUNG,LELAKI,FILIPINO,ISLAM,WARGANEGARA,MALAYSIA,,,,,,,,,,,,,SITI NOR AJIJA BINTI HAKIM,831023126536,KAD PENGENALAN,IBU KANDUNG,,TIDAK BEKERJA,,0,,01117602108,1,,,,,,,,,,,BATU 8 JALAN APAS,,,91000,TAWAU,PENAMPANG,SABAH
888,231202054259,SAYYIDAH KHAULAH AL AZWAR BINTI MOHD MIHDAD,140129120682,KAD PENGENALAN,29-01-2014,BERSEKOLAH,09-08-2023,20-12-2025,TAHUN ENAM,MUMTAZ,,BIASA,PERDANA / AKADEMIK,TIADA BIDANG,BAJAM BINTI LADUNG,PEREMPUAN,DUSUN,ISLAM,WARGANEGARA,,,,,,,,,,,,,,,,,,,,,,,,7,NOR QANIAH BINTI MAHAT,940402126950,KAD PENGENALAN,IBU KANDUNG,,TIDAK BEKERJA,,0,,01125505462,TB 13807 LORONG BSI 3,JLN APAS,BATU 10,91000,TAWAU,PENAMPANG,SABAH
889,211201112579,SHAZWI SHAZIA BINTI AZMAN,141104120306,KAD PENGENALAN,04-11-2014,BERSEKOLAH,20-01-2021,20-12-2025,TAHUN ENAM,MUMTAZ,,BIASA,PERDANA / AKADEMIK,TIADA BIDANG,BAJAM BINTI LADUNG,PEREMPUAN,MELAYU,ISLAM,WARGANEGARA,MALAYSIA,,,,,,,,,,,,,AZMAN BIN ISMAIL,780211126165,KAD PENGENALAN,BAPA KANDUNG,PEKERJA AM,TIDAK BEKERJA,WULLERSDORF RESOURCES SDN. BHD.,1950,,0195807726,5,AISYAH BINTI ABIR,760504125918,KAD PENGENALAN,IBU KANDUNG,,TIDAK BEKERJA,,0,,0138540750,KAMPUNG RANGGU BATU 10,LORONG TADIKA KEMAS,,91000,TAWAU,PENAMPANG,SABAH
890,211201111619,SUMAYYAH QAISARA BINTI ALFIAN,140516121108,KAD PENGENALAN,16-05-2014,BERSEKOLAH,17-02-2025,20-12-2025,TAHUN ENAM,MUMTAZ,,BIASA,PERDANA / AKADEMIK,TIADA BIDANG,BAJAM BINTI LADUNG,PEREMPUAN,KADAZAN,ISLAM,WARGANEGARA,MALAYSIA,,,,,,,,,,,,,ALFIAN BIN WAHID,731014125365,KAD PENGENALAN,BAPA KANDUNG,,TIDAK BEKERJA,,6339,,01110387373,3,SELINATUL ASIDAH BINTI MOHD YUSOF,791003125698,KAD PENGENALAN,IBU KANDUNG,,,,,,,TB 837 LORONG 13 1/3,TAMAN PRIMA RANGGU 4,BATU 12,91000,TAWAU,PENAMPANG,SABAH
